{
  "type": "FeatureCollection",
  "features": [
    {
      "type": "Feature",
      "properties": {
        "id": "TAYPE",
        "localidad": "INTENDENTE ALVEAR",
        "cultivo": "Ma\u00edz",
        "area_ha": 72.59,
        "error_pct": 30.9,
        "sam_score": 0.937
      },
      "geometry": {
        "type": "Polygon",
        "coordinates": [
          [
            [
              -63.39284805288163,
              -35.118492856921634
            ],
            [
              -63.3866303551958,
              -35.11840306514142
            ],
            [
              -63.3860849431181,
              -35.118852024042475
            ],
            [
              -63.38619402553364,
              -35.12819036918434
            ],
            [
              -63.38673943761134,
              -35.12890870342602
            ],
            [
              -63.392193558388385,
              -35.128998495206226
            ],
            [
              -63.39350254737488,
              -35.128729119865596
            ],
            [
              -63.39295713529717,
              -35.1278312020635
            ],
            [
              -63.39153906389514,
              -35.1278312020635
            ],
            [
              -63.39175722872622,
              -35.1261251582395
            ],
            [
              -63.39252080563501,
              -35.12495786509677
            ],
            [
              -63.393175300128256,
              -35.12477828153635
            ],
            [
              -63.3932843825438,
              -35.123251821272774
            ],
            [
              -63.39426612428366,
              -35.12190494456962
            ],
            [
              -63.393829794621496,
              -35.120737651426886
            ],
            [
              -63.39350254737488,
              -35.121366193888356
            ],
            [
              -63.3932843825438,
              -35.12118661032794
            ],
            [
              -63.39339346495934,
              -35.119211191163316
            ],
            [
              -63.39284805288163,
              -35.118492856921634
            ]
          ]
        ]
      }
    },
    {
      "type": "Feature",
      "properties": {
        "id": "TAYPE",
        "localidad": "INTENDENTE ALVEAR",
        "cultivo": "Soja",
        "area_ha": 59.88,
        "error_pct": 29.5,
        "sam_score": 0.897
      },
      "geometry": {
        "type": "Polygon",
        "coordinates": [
          [
            [
              -63.45623991266267,
              -35.205304837599456
            ],
            [
              -63.455475593237246,
              -35.2014514823788
            ],
            [
              -63.44641294862148,
              -35.201361869466695
            ],
            [
              -63.44422917883455,
              -35.2014514823788
            ],
            [
              -63.443901613366506,
              -35.201720321115126
            ],
            [
              -63.44346485940912,
              -35.2014514823788
            ],
            [
              -63.44302810545173,
              -35.20234761149988
            ],
            [
              -63.44226378602631,
              -35.202616450236206
            ],
            [
              -63.442482163005,
              -35.202974901884645
            ],
            [
              -63.44215459753696,
              -35.20324374062097
            ],
            [
              -63.442045409047616,
              -35.2046775472147
            ],
            [
              -63.44401080185585,
              -35.20521522468734
            ],
            [
              -63.44401080185585,
              -35.20727632166584
            ],
            [
              -63.44892428387645,
              -35.20736593457794
            ],
            [
              -63.44925184934449,
              -35.20700748292951
            ],
            [
              -63.449579414812526,
              -35.20431909556626
            ],
            [
              -63.45318263496097,
              -35.20431909556626
            ],
            [
              -63.45383776589705,
              -35.20593212798421
            ],
            [
              -63.45623991266267,
              -35.205304837599456
            ]
          ]
        ]
      }
    },
    {
      "type": "Feature",
      "properties": {
        "id": "TAYPE",
        "localidad": "PORVENIR",
        "cultivo": "Soja",
        "area_ha": 34.66,
        "error_pct": 30.7,
        "sam_score": 0.882
      },
      "geometry": {
        "type": "Polygon",
        "coordinates": [
          [
            [
              -62.22622330352805,
              -35.03750452456393
            ],
            [
              -62.22611455051437,
              -35.038041133095454
            ],
            [
              -62.22644080955543,
              -35.03830943736122
            ],
            [
              -62.226658315582796,
              -35.03822000260596
            ],
            [
              -62.227637092705976,
              -35.03902491540325
            ],
            [
              -62.22720208065123,
              -35.03947208917952
            ],
            [
              -62.226984574623856,
              -35.0400981324663
            ],
            [
              -62.22752833969229,
              -35.04090304526358
            ],
            [
              -62.2274195866786,
              -35.04152908855036
            ],
            [
              -62.228615869829156,
              -35.042244566592395
            ],
            [
              -62.228615869829156,
              -35.042602305613414
            ],
            [
              -62.228942128870216,
              -35.042870609879174
            ],
            [
              -62.22970339996602,
              -35.042244566592395
            ],
            [
              -62.23024716503445,
              -35.042244566592395
            ],
            [
              -62.23089968311657,
              -35.04188682757138
            ],
            [
              -62.23133469517132,
              -35.04206569708189
            ],
            [
              -62.23198721325343,
              -35.04152908855036
            ],
            [
              -62.232748484349244,
              -35.04179739281612
            ],
            [
              -62.23361850845873,
              -35.04143965379511
            ],
            [
              -62.23448853256823,
              -35.040634740997824
            ],
            [
              -62.23437977955454,
              -35.040008697711045
            ],
            [
              -62.23383601448611,
              -35.039382654424266
            ],
            [
              -62.23372726147242,
              -35.03893548064799
            ],
            [
              -62.233074743390304,
              -35.03848830687173
            ],
            [
              -62.23296599037661,
              -35.03813056785071
            ],
            [
              -62.23253097832187,
              -35.037772828829695
            ],
            [
              -62.232095966267124,
              -35.037772828829695
            ],
            [
              -62.231443448185004,
              -35.037415089808675
            ],
            [
              -62.229920905993396,
              -35.036163003235124
            ],
            [
              -62.229268387911276,
              -35.03625243799038
            ],
            [
              -62.228942128870216,
              -35.03652074225614
            ],
            [
              -62.22839836380178,
              -35.036073568479864
            ],
            [
              -62.22807210476072,
              -35.036073568479864
            ],
            [
              -62.22622330352805,
              -35.03750452456393
            ]
          ]
        ]
      }
    },
    {
      "type": "Feature",
      "properties": {
        "id": "TAYPE",
        "localidad": "DRABBLE",
        "cultivo": "Trigo",
        "area_ha": 62.55,
        "error_pct": 69.5,
        "sam_score": 0.864
      },
      "geometry": {
        "type": "Polygon",
        "coordinates": [
          [
            [
              -62.818384791289624,
              -34.91832915258728
            ],
            [
              -62.81827554588025,
              -34.921928007139556
            ],
            [
              -62.81882177292712,
              -34.92228789259479
            ],
            [
              -62.822536116845846,
              -34.922377863958594
            ],
            [
              -62.82242687143647,
              -34.924627148053766
            ],
            [
              -62.8227546076646,
              -34.925796775783255
            ],
            [
              -62.823519325530214,
              -34.925346918964216
            ],
            [
              -62.823847061758336,
              -34.925796775783255
            ],
            [
              -62.824284043395835,
              -34.92498703350899
            ],
            [
              -62.82483027044271,
              -34.9251669762366
            ],
            [
              -62.82515800667083,
              -34.924897062145185
            ],
            [
              -62.82559498830833,
              -34.9251669762366
            ],
            [
              -62.826031969945824,
              -34.924897062145185
            ],
            [
              -62.82646895158332,
              -34.9251669762366
            ],
            [
              -62.826796687811445,
              -34.924627148053766
            ],
            [
              -62.82734291485832,
              -34.9250770048728
            ],
            [
              -62.82767065108644,
              -34.92444720532615
            ],
            [
              -62.827998387314565,
              -34.9250770048728
            ],
            [
              -62.82865385977081,
              -34.92471711941757
            ],
            [
              -62.82865385977081,
              -34.92570680441945
            ],
            [
              -62.82909084140831,
              -34.92570680441945
            ],
            [
              -62.82909084140831,
              -34.91832915258728
            ],
            [
              -62.818384791289624,
              -34.91832915258728
            ]
          ]
        ]
      }
    },
    {
      "type": "Feature",
      "properties": {
        "id": "TAYPE",
        "localidad": "PORVENIR",
        "cultivo": "Soja",
        "area_ha": 66.13,
        "error_pct": 51.0,
        "sam_score": 0.954
      },
      "geometry": {
        "type": "Polygon",
        "coordinates": [
          [
            [
              -62.220567384007104,
              -35.02203913249812
            ],
            [
              -62.22045886318244,
              -35.022574676330194
            ],
            [
              -62.21948217576039,
              -35.02346724938364
            ],
            [
              -62.21893957163704,
              -35.023377992078295
            ],
            [
              -62.218722529987694,
              -35.02355650668898
            ],
            [
              -62.219048092461705,
              -35.02382427860502
            ],
            [
              -62.21850548833835,
              -35.024270565131744
            ],
            [
              -62.218071405039666,
              -35.02400279321571
            ],
            [
              -62.21524986359821,
              -35.02632348315468
            ],
            [
              -62.21514134277354,
              -35.0267697696814
            ],
            [
              -62.21600950937091,
              -35.0275730854295
            ],
            [
              -62.21676915514361,
              -35.02766234273485
            ],
            [
              -62.21676915514361,
              -35.02819788656692
            ],
            [
              -62.218179925864334,
              -35.02837640117761
            ],
            [
              -62.21850548833835,
              -35.028108629261574
            ],
            [
              -62.21915661328638,
              -35.02900120231502
            ],
            [
              -62.220567384007104,
              -35.029536746147095
            ],
            [
              -62.223605967097896,
              -35.03185743608606
            ],
            [
              -62.22404005039658,
              -35.031768178780716
            ],
            [
              -62.22610194606534,
              -35.02998303267382
            ],
            [
              -62.22610194606534,
              -35.0293582315364
            ],
            [
              -62.225667862766656,
              -35.028911945009675
            ],
            [
              -62.22621046689001,
              -35.028644173093646
            ],
            [
              -62.226970112662706,
              -35.02909045962037
            ],
            [
              -62.22859792503278,
              -35.02784085734554
            ],
            [
              -62.223280404623885,
              -35.02346724938364
            ],
            [
              -62.22252075885119,
              -35.02328873477295
            ],
            [
              -62.2213270297798,
              -35.02203913249812
            ],
            [
              -62.220567384007104,
              -35.02203913249812
            ]
          ]
        ]
      }
    },
    {
      "type": "Feature",
      "properties": {
        "id": "TAYPE",
        "localidad": "CORONEL GRANADA",
        "cultivo": "Ma\u00edz",
        "area_ha": 48.75,
        "error_pct": 41.3,
        "sam_score": 0.851
      },
      "geometry": {
        "type": "Polygon",
        "coordinates": [
          [
            [
              -62.11119513754412,
              -34.92393502130331
            ],
            [
              -62.110329748753294,
              -34.92455982244085
            ],
            [
              -62.11011340155559,
              -34.92554165279983
            ],
            [
              -62.10838262397393,
              -34.92696976968563
            ],
            [
              -62.108815318369345,
              -34.92732679890708
            ],
            [
              -62.109139839165906,
              -34.92723754160172
            ],
            [
              -62.10957253356132,
              -34.92955823154114
            ],
            [
              -62.110005227956734,
              -34.92813011465534
            ],
            [
              -62.11022157515444,
              -34.928397886571425
            ],
            [
              -62.11022157515444,
              -34.929468974235775
            ],
            [
              -62.109139839165906,
              -34.930540061900125
            ],
            [
              -62.109464359962466,
              -34.93080783381621
            ],
            [
              -62.10989705435788,
              -34.93062931920549
            ],
            [
              -62.110329748753294,
              -34.931075605732296
            ],
            [
              -62.11184417913724,
              -34.930986348426934
            ],
            [
              -62.11303408872463,
              -34.93134337764839
            ],
            [
              -62.113466783120046,
              -34.931075605732296
            ],
            [
              -62.11379130391661,
              -34.93170040686984
            ],
            [
              -62.11422399831201,
              -34.93143263495375
            ],
            [
              -62.11476486630628,
              -34.931611149564475
            ],
            [
              -62.115197560701695,
              -34.93116486303766
            ],
            [
              -62.115522081498256,
              -34.93170040686984
            ],
            [
              -62.11757737987647,
              -34.93152189225911
            ],
            [
              -62.11811824787074,
              -34.93170040686984
            ],
            [
              -62.11898363666157,
              -34.93080783381621
            ],
            [
              -62.11876728946386,
              -34.9296474888465
            ],
            [
              -62.11465669270743,
              -34.92607719663201
            ],
            [
              -62.111627831939536,
              -34.92393502130331
            ],
            [
              -62.11119513754412,
              -34.92393502130331
            ]
          ]
        ]
      }
    },
    {
      "type": "Feature",
      "properties": {
        "id": "TAYPE",
        "localidad": "TRES ALGARROBOS ,EST.CUENCA",
        "cultivo": "Trigo",
        "area_ha": 13.48,
        "error_pct": 38.7,
        "sam_score": 0.922
      },
      "geometry": {
        "type": "Polygon",
        "coordinates": [
          [
            [
              -62.72666616407492,
              -35.06964202767796
            ],
            [
              -62.725903074803774,
              -35.070001194798834
            ],
            [
              -62.725139985532635,
              -35.070629737260376
            ],
            [
              -62.72535801103867,
              -35.07089911260103
            ],
            [
              -62.72437689626149,
              -35.07161744684279
            ],
            [
              -62.7223056539541,
              -35.073592866007615
            ],
            [
              -62.722523679460146,
              -35.073772449568054
            ],
            [
              -62.72274170496618,
              -35.073592866007615
            ],
            [
              -62.722959730472226,
              -35.073772449568054
            ],
            [
              -62.723286768731285,
              -35.073772449568054
            ],
            [
              -62.72361380699035,
              -35.07413161668893
            ],
            [
              -62.725139985532635,
              -35.07413161668893
            ],
            [
              -62.725576036544716,
              -35.07431120024937
            ],
            [
              -62.72448590901451,
              -35.07440099202959
            ],
            [
              -62.72426788350847,
              -35.074670367370246
            ],
            [
              -62.72448590901451,
              -35.074849950930684
            ],
            [
              -62.72568504929774,
              -35.074760159150465
            ],
            [
              -62.72775629160512,
              -35.07242557286476
            ],
            [
              -62.72775629160512,
              -35.0721561975241
            ],
            [
              -62.726339125815855,
              -35.07098890438125
            ],
            [
              -62.72688418958096,
              -35.070629737260376
            ],
            [
              -62.72688418958096,
              -35.069821611238396
            ],
            [
              -62.72666616407492,
              -35.06964202767796
            ]
          ]
        ]
      }
    },
    {
      "type": "Feature",
      "properties": {
        "id": "TAYPE",
        "localidad": "AMEGHINO",
        "cultivo": "Ma\u00edz",
        "area_ha": 7.22,
        "error_pct": 34.4,
        "sam_score": 0.938
      },
      "geometry": {
        "type": "Polygon",
        "coordinates": [
          [
            [
              -62.442558191942034,
              -34.81322164021445
            ],
            [
              -62.44093136939937,
              -34.81322164021445
            ],
            [
              -62.44071445972702,
              -34.81340050972504
            ],
            [
              -62.44071445972702,
              -34.8139371182568
            ],
            [
              -62.44060600489084,
              -34.81402655301209
            ],
            [
              -62.44060600489084,
              -34.816351856649725
            ],
            [
              -62.4408229145632,
              -34.816530726160316
            ],
            [
              -62.44103982423555,
              -34.81644129140502
            ],
            [
              -62.441148279071726,
              -34.816530726160316
            ],
            [
              -62.44201591776115,
              -34.816530726160316
            ],
            [
              -62.44234128226968,
              -34.816799030426196
            ],
            [
              -62.442666646778214,
              -34.816530726160316
            ],
            [
              -62.442666646778214,
              -34.81599411762855
            ],
            [
              -62.442775101614394,
              -34.81590468287326
            ],
            [
              -62.442775101614394,
              -34.8139371182568
            ],
            [
              -62.44288355645057,
              -34.81384768350151
            ],
            [
              -62.44288355645057,
              -34.81348994448033
            ],
            [
              -62.442558191942034,
              -34.81322164021445
            ]
          ]
        ]
      }
    },
    {
      "type": "Feature",
      "properties": {
        "id": "TAYPE",
        "localidad": "AMEGHINO",
        "cultivo": "Ma\u00edz",
        "area_ha": 7.84,
        "error_pct": 34.7,
        "sam_score": 0.915
      },
      "geometry": {
        "type": "Polygon",
        "coordinates": [
          [
            [
              -62.44924076890834,
              -34.81396107496972
            ],
            [
              -62.44771935852519,
              -34.81396107496972
            ],
            [
              -62.44761068635497,
              -34.814050509725014
            ],
            [
              -62.44739334201452,
              -34.814050509725014
            ],
            [
              -62.44717599767407,
              -34.8142293792356
            ],
            [
              -62.446958653333624,
              -34.8142293792356
            ],
            [
              -62.44674130899317,
              -34.81440824874619
            ],
            [
              -62.446958653333624,
              -34.814587118256775
            ],
            [
              -62.446958653333624,
              -34.817091291404985
            ],
            [
              -62.44717599767407,
              -34.81727016091558
            ],
            [
              -62.447284669844294,
              -34.81718072616028
            ],
            [
              -62.44771935852519,
              -34.81727016091558
            ],
            [
              -62.44782803069542,
              -34.81718072616028
            ],
            [
              -62.448806080227435,
              -34.81718072616028
            ],
            [
              -62.44891475239766,
              -34.817091291404985
            ],
            [
              -62.44902342456788,
              -34.81718072616028
            ],
            [
              -62.44924076890834,
              -34.817001856649696
            ],
            [
              -62.44913209673811,
              -34.8169124218944
            ],
            [
              -62.44924076890834,
              -34.816822987139105
            ],
            [
              -62.44924076890834,
              -34.816465248117936
            ],
            [
              -62.44934944107856,
              -34.81637581336264
            ],
            [
              -62.44934944107856,
              -34.815749770075584
            ],
            [
              -62.44945811324879,
              -34.815660335320295
            ],
            [
              -62.44945811324879,
              -34.81440824874619
            ],
            [
              -62.44956678541901,
              -34.8142293792356
            ],
            [
              -62.44924076890834,
              -34.81396107496972
            ]
          ]
        ]
      }
    },
    {
      "type": "Feature",
      "properties": {
        "id": "TAYPE",
        "localidad": "AMEGHINO",
        "cultivo": "Soja",
        "area_ha": 164.86,
        "error_pct": 79.9,
        "sam_score": 0.808
      },
      "geometry": {
        "type": "Polygon",
        "coordinates": [
          [
            [
              -62.20298568021582,
              -34.93592958298112
            ],
            [
              -62.19462135920647,
              -34.9429809101045
            ],
            [
              -62.19755430293702,
              -34.94503382812777
            ],
            [
              -62.19711979275472,
              -34.94574788657064
            ],
            [
              -62.19777155802817,
              -34.9462834304028
            ],
            [
              -62.19994410893969,
              -34.945837143876005
            ],
            [
              -62.2012476394866,
              -34.9462834304028
            ],
            [
              -62.201464894577754,
              -34.94351645393666
            ],
            [
              -62.20059587421314,
              -34.94253462357771
            ],
            [
              -62.2012476394866,
              -34.94226685166163
            ],
            [
              -62.19994410893969,
              -34.94092799208124
            ],
            [
              -62.20092175684987,
              -34.94092799208124
            ],
            [
              -62.201356267032175,
              -34.94182056513483
            ],
            [
              -62.20265979757909,
              -34.941642050524116
            ],
            [
              -62.20298568021582,
              -34.94235610896699
            ],
            [
              -62.204723720945026,
              -34.94235610896699
            ],
            [
              -62.205049603581756,
              -34.94173130782948
            ],
            [
              -62.20678764431097,
              -34.94253462357771
            ],
            [
              -62.20754803713,
              -34.942177594356274
            ],
            [
              -62.19950959875739,
              -34.94949669339574
            ],
            [
              -62.20255117003351,
              -34.95235292716724
            ],
            [
              -62.20407195567157,
              -34.95172812602972
            ],
            [
              -62.20570136885521,
              -34.952799213694036
            ],
            [
              -62.2071135269477,
              -34.95226366986188
            ],
            [
              -62.20591862394636,
              -34.9519958979458
            ],
            [
              -62.20635313412867,
              -34.951638868724366
            ],
            [
              -62.20526685867291,
              -34.95047852375469
            ],
            [
              -62.20624450658309,
              -34.95056778106005
            ],
            [
              -62.21504333777474,
              -34.94235610896699
            ],
            [
              -62.20733078203885,
              -34.936197354897196
            ],
            [
              -62.20298568021582,
              -34.93592958298112
            ]
          ]
        ]
      }
    },
    {
      "type": "Feature",
      "properties": {
        "id": "TAYPE",
        "localidad": "BANDERALO",
        "cultivo": "Ma\u00edz",
        "area_ha": 41.35,
        "error_pct": 51.3,
        "sam_score": 0.927
      },
      "geometry": {
        "type": "Polygon",
        "coordinates": [
          [
            [
              -63.36201106051128,
              -35.08561309501967
            ],
            [
              -63.356111298102356,
              -35.08552348210754
            ],
            [
              -63.35589278838351,
              -35.085702707931794
            ],
            [
              -63.35578353352408,
              -35.09098986974736
            ],
            [
              -63.35589278838351,
              -35.09188599886864
            ],
            [
              -63.35622055296178,
              -35.09215483760503
            ],
            [
              -63.35709459183718,
              -35.092334063429284
            ],
            [
              -63.36004447304164,
              -35.092334063429284
            ],
            [
              -63.36102776677646,
              -35.09197561178077
            ],
            [
              -63.36135553135473,
              -35.09152754722013
            ],
            [
              -63.36124627649531,
              -35.09054180518672
            ],
            [
              -63.36233882508955,
              -35.089197611504794
            ],
            [
              -63.36233882508955,
              -35.085881933756056
            ],
            [
              -63.36201106051128,
              -35.08561309501967
            ]
          ]
        ]
      }
    },
    {
      "type": "Feature",
      "properties": {
        "id": "TAYPE",
        "localidad": "SERRANO",
        "cultivo": "Soja",
        "area_ha": 143.67,
        "error_pct": 42.3,
        "sam_score": 0.952
      },
      "geometry": {
        "type": "Polygon",
        "coordinates": [
          [
            [
              -63.66071303402628,
              -34.517259569753
            ],
            [
              -63.65165265160963,
              -34.517170134997656
            ],
            [
              -63.65100548143701,
              -34.517617308774376
            ],
            [
              -63.650681896350704,
              -34.52128413374348
            ],
            [
              -63.651221204827884,
              -34.52512982822327
            ],
            [
              -63.65089761974157,
              -34.525755871510675
            ],
            [
              -63.651760513305064,
              -34.526203045287396
            ],
            [
              -63.65294699195486,
              -34.52611361053205
            ],
            [
              -63.653702023822916,
              -34.52673965381946
            ],
            [
              -63.65283913025943,
              -34.52718682759618
            ],
            [
              -63.65273126856399,
              -34.53210573914009
            ],
            [
              -63.65402560890923,
              -34.53308952144888
            ],
            [
              -63.655535672645335,
              -34.53291065193819
            ],
            [
              -63.65585925773165,
              -34.53380499949163
            ],
            [
              -63.65834007672668,
              -34.532284608650784
            ],
            [
              -63.66092875741715,
              -34.52870721843703
            ],
            [
              -63.66146806589433,
              -34.5180644825511
            ],
            [
              -63.66071303402628,
              -34.517259569753
            ]
          ]
        ]
      }
    },
    {
      "type": "Feature",
      "properties": {
        "id": "TAYPE",
        "localidad": "GENERAL VILLEGAS",
        "cultivo": "Trigo",
        "area_ha": 89.11,
        "error_pct": 41.0,
        "sam_score": 0.897
      },
      "geometry": {
        "type": "Polygon",
        "coordinates": [
          [
            [
              -63.205927043183024,
              -34.94819077472984
            ],
            [
              -63.2057088995592,
              -34.954206824005944
            ],
            [
              -63.21138063377862,
              -34.954565991126906
            ],
            [
              -63.21236228008583,
              -34.95384765688498
            ],
            [
              -63.212689495521566,
              -34.952859947302336
            ],
            [
              -63.212907639145385,
              -34.95869641301797
            ],
            [
              -63.21705236799804,
              -34.95869641301797
            ],
            [
              -63.218143086117166,
              -34.95752911987484
            ],
            [
              -63.21879751698864,
              -34.95555370070955
            ],
            [
              -63.21977916329585,
              -34.956361826731715
            ],
            [
              -63.22086988141496,
              -34.956451618511956
            ],
            [
              -63.22086988141496,
              -34.954655782907146
            ],
            [
              -63.21988823510775,
              -34.954565991126906
            ],
            [
              -63.21956101967202,
              -34.95375786510474
            ],
            [
              -63.21879751698864,
              -34.954655782907146
            ],
            [
              -63.218361229740985,
              -34.9532191144233
            ],
            [
              -63.21530721900745,
              -34.95312932264306
            ],
            [
              -63.22010637873158,
              -34.95294973908258
            ],
            [
              -63.22021545054349,
              -34.951513070598736
            ],
            [
              -63.212689495521566,
              -34.951513070598736
            ],
            [
              -63.21236228008583,
              -34.94819077472984
            ],
            [
              -63.205927043183024,
              -34.94819077472984
            ]
          ]
        ]
      }
    },
    {
      "type": "Feature",
      "properties": {
        "id": "TAYPE",
        "localidad": "GENERAL VIAMONTE ,EST.LOS TOLDOS",
        "cultivo": "Soja",
        "area_ha": 19.18,
        "error_pct": 65.1,
        "sam_score": 0.742
      },
      "geometry": {
        "type": "Polygon",
        "coordinates": [
          [
            [
              -61.18374079910932,
              -35.12292167453143
            ],
            [
              -61.18406353255295,
              -35.123275196589475
            ],
            [
              -61.184278688182026,
              -35.12309843556046
            ],
            [
              -61.18460142162564,
              -35.12336357710398
            ],
            [
              -61.18492415506927,
              -35.12389386019104
            ],
            [
              -61.18513931069835,
              -35.12371709916202
            ],
            [
              -61.18556962195651,
              -35.12407062122006
            ],
            [
              -61.18599993321467,
              -35.12407062122006
            ],
            [
              -61.18643024447283,
              -35.12451252379261
            ],
            [
              -61.18686055573099,
              -35.12451252379261
            ],
            [
              -61.18739844480369,
              -35.12504280687967
            ],
            [
              -61.18772117824731,
              -35.12504280687967
            ],
            [
              -61.18825906732001,
              -35.125484709452216
            ],
            [
              -61.188581800763636,
              -35.125131187394175
            ],
            [
              -61.18911968983633,
              -35.125749850995746
            ],
            [
              -61.18933484546542,
              -35.12566147048123
            ],
            [
              -61.18987273453811,
              -35.126014992539275
            ],
            [
              -61.190518201425355,
              -35.12592661202476
            ],
            [
              -61.19105609049806,
              -35.12566147048123
            ],
            [
              -61.1917015573853,
              -35.12504280687967
            ],
            [
              -61.1917015573853,
              -35.124600904307115
            ],
            [
              -61.18643024447283,
              -35.12097730321222
            ],
            [
              -61.18599993321467,
              -35.12115406424124
            ],
            [
              -61.18578477758559,
              -35.121065683726734
            ],
            [
              -61.18374079910932,
              -35.12292167453143
            ]
          ]
        ]
      }
    },
    {
      "type": "Feature",
      "properties": {
        "id": "TAYPE",
        "localidad": "DRABBLE",
        "cultivo": "Cebada",
        "area_ha": 93.17,
        "error_pct": 2.9,
        "sam_score": 0.908
      },
      "geometry": {
        "type": "Polygon",
        "coordinates": [
          [
            [
              -62.82991128957613,
              -34.89479723317865
            ],
            [
              -62.82958428735763,
              -34.895425775640405
            ],
            [
              -62.83023829179463,
              -34.895695150981155
            ],
            [
              -62.82958428735763,
              -34.89695223590465
            ],
            [
              -62.82958428735763,
              -34.8988378632899
            ],
            [
              -62.83165530140813,
              -34.90018473999364
            ],
            [
              -62.83154630066863,
              -34.900813282455395
            ],
            [
              -62.83034729253413,
              -34.90153161669739
            ],
            [
              -62.83078329549213,
              -34.90242953449989
            ],
            [
              -62.83339931324012,
              -34.90305807696164
            ],
            [
              -62.83993935761009,
              -34.90350703586289
            ],
            [
              -62.841029365005085,
              -34.90323766052214
            ],
            [
              -62.84157436870258,
              -34.90269890984064
            ],
            [
              -62.840920364265585,
              -34.90242953449989
            ],
            [
              -62.840920364265585,
              -34.90171120025789
            ],
            [
              -62.84157436870258,
              -34.900543907114645
            ],
            [
              -62.841138365744584,
              -34.90009494821339
            ],
            [
              -62.84157436870258,
              -34.89982557287264
            ],
            [
              -62.84157436870258,
              -34.89910723863065
            ],
            [
              -62.840920364265585,
              -34.89785015370715
            ],
            [
              -62.840920364265585,
              -34.8966828605639
            ],
            [
              -62.83874034947559,
              -34.895964526321904
            ],
            [
              -62.83874034947559,
              -34.89479723317865
            ],
            [
              -62.839285353173096,
              -34.89443806605765
            ],
            [
              -62.83983035687059,
              -34.894887024958905
            ],
            [
              -62.84015735908909,
              -34.894617649618155
            ],
            [
              -62.83983035687059,
              -34.894348274277405
            ],
            [
              -62.837105338383104,
              -34.89389931537615
            ],
            [
              -62.83470732211411,
              -34.89443806605765
            ],
            [
              -62.83350831397962,
              -34.894078898936655
            ],
            [
              -62.83034729253413,
              -34.895156400299655
            ],
            [
              -62.82991128957613,
              -34.89479723317865
            ]
          ]
        ]
      }
    },
    {
      "type": "Feature",
      "properties": {
        "id": "TAYPE",
        "localidad": "DRABBLE",
        "cultivo": "Trigo",
        "area_ha": 41.04,
        "error_pct": 51.7,
        "sam_score": 0.963
      },
      "geometry": {
        "type": "Polygon",
        "coordinates": [
          [
            [
              -62.82265134251536,
              -34.896259523595816
            ],
            [
              -62.821888314577436,
              -34.89688806605756
            ],
            [
              -62.821888314577436,
              -34.90299390711453
            ],
            [
              -62.8221063225597,
              -34.90317349067502
            ],
            [
              -62.82613947023158,
              -34.90317349067502
            ],
            [
              -62.82668449018724,
              -34.90263473999353
            ],
            [
              -62.827120506151765,
              -34.90083890438854
            ],
            [
              -62.82788353408969,
              -34.899671611245296
            ],
            [
              -62.82875556601875,
              -34.89904306878355
            ],
            [
              -62.82897357400101,
              -34.898504318102056
            ],
            [
              -62.82886457000988,
              -34.89688806605756
            ],
            [
              -62.82842855404535,
              -34.896528898936566
            ],
            [
              -62.828101542071956,
              -34.89670848249707
            ],
            [
              -62.827665526107424,
              -34.89643910715632
            ],
            [
              -62.82265134251536,
              -34.896259523595816
            ]
          ]
        ]
      }
    },
    {
      "type": "Feature",
      "properties": {
        "id": "TAYPE",
        "localidad": "AMEGHINO",
        "cultivo": "Ma\u00edz",
        "area_ha": 26.2,
        "error_pct": 18.1,
        "sam_score": 0.967
      },
      "geometry": {
        "type": "Polygon",
        "coordinates": [
          [
            [
              -62.43762723107135,
              -34.79684068413034
            ],
            [
              -62.43686818491993,
              -34.79675124937504
            ],
            [
              -62.43567539811055,
              -34.79693011888563
            ],
            [
              -62.43545852778157,
              -34.79675124937504
            ],
            [
              -62.432964518998325,
              -34.79684068413034
            ],
            [
              -62.43274764866934,
              -34.79701955364093
            ],
            [
              -62.432530778340364,
              -34.801580726161035
            ],
            [
              -62.43285608383383,
              -34.80184903042692
            ],
            [
              -62.43372356514975,
              -34.80184903042692
            ],
            [
              -62.43404887064322,
              -34.801580726161035
            ],
            [
              -62.4341573058077,
              -34.80068637860807
            ],
            [
              -62.43437417613668,
              -34.80149129140574
            ],
            [
              -62.434916351959124,
              -34.80193846518222
            ],
            [
              -62.43751879590687,
              -34.80193846518222
            ],
            [
              -62.437735666235845,
              -34.801759595671626
            ],
            [
              -62.43784410140033,
              -34.79701955364093
            ],
            [
              -62.43762723107135,
              -34.79684068413034
            ]
          ]
        ]
      }
    },
    {
      "type": "Feature",
      "properties": {
        "id": "TAYPE",
        "localidad": "AMEGHINO",
        "cultivo": "Ma\u00edz",
        "area_ha": 14.55,
        "error_pct": 32.2,
        "sam_score": 0.957
      },
      "geometry": {
        "type": "Polygon",
        "coordinates": [
          [
            [
              -62.363841471887966,
              -34.75821955364244
            ],
            [
              -62.36221570921947,
              -34.75848785790835
            ],
            [
              -62.36167378832997,
              -34.75875616217426
            ],
            [
              -62.36167378832997,
              -34.75920333595077
            ],
            [
              -62.36210732504157,
              -34.76036598776971
            ],
            [
              -62.36210732504157,
              -34.76072372679092
            ],
            [
              -62.36232409339737,
              -34.76108146581213
            ],
            [
              -62.36232409339737,
              -34.761439204833344
            ],
            [
              -62.36264924593107,
              -34.762065248120464
            ],
            [
              -62.36264924593107,
              -34.76233355238637
            ],
            [
              -62.36297439846477,
              -34.762691291407585
            ],
            [
              -62.36568400291226,
              -34.76233355238637
            ],
            [
              -62.36600915544596,
              -34.762065248120464
            ],
            [
              -62.36590077126806,
              -34.76134977007804
            ],
            [
              -62.36557561873436,
              -34.760813161546224
            ],
            [
              -62.36568400291226,
              -34.76063429203562
            ],
            [
              -62.36557561873436,
              -34.7600082487485
            ],
            [
              -62.36568400291226,
              -34.75965050972729
            ],
            [
              -62.36557561873436,
              -34.75938220546138
            ],
            [
              -62.36503369784486,
              -34.75875616217426
            ],
            [
              -62.36460016113326,
              -34.75848785790835
            ],
            [
              -62.364058240243764,
              -34.75839842315305
            ],
            [
              -62.363841471887966,
              -34.75821955364244
            ]
          ]
        ]
      }
    },
    {
      "type": "Feature",
      "properties": {
        "id": "TAYPE",
        "localidad": "GENERAL VILLEGAS",
        "cultivo": "Soja",
        "area_ha": 45.67,
        "error_pct": 34.8,
        "sam_score": 0.96
      },
      "geometry": {
        "type": "Polygon",
        "coordinates": [
          [
            [
              -62.94809652520188,
              -35.05306038393866
            ],
            [
              -62.947877664144954,
              -35.05324032666622
            ],
            [
              -62.94743994203111,
              -35.05315035530244
            ],
            [
              -62.94700221991726,
              -35.05351024075757
            ],
            [
              -62.945689053575705,
              -35.05297041257487
            ],
            [
              -62.94525133146186,
              -35.05315035530244
            ],
            [
              -62.94087411032336,
              -35.056749209853734
            ],
            [
              -62.94218727666491,
              -35.05818875167425
            ],
            [
              -62.94536076199032,
              -35.060528007132596
            ],
            [
              -62.945689053575705,
              -35.060528007132596
            ],
            [
              -62.9468927893888,
              -35.05962829349477
            ],
            [
              -62.94743994203111,
              -35.05962829349477
            ],
            [
              -62.94776823361649,
              -35.059898207586116
            ],
            [
              -62.94809652520188,
              -35.05971826485855
            ],
            [
              -62.948315386258805,
              -35.05908846531208
            ],
            [
              -62.94776823361649,
              -35.05872857985695
            ],
            [
              -62.94776823361649,
              -35.0584586657656
            ],
            [
              -62.948315386258805,
              -35.0579188375829
            ],
            [
              -62.948643677844196,
              -35.0579188375829
            ],
            [
              -62.94919083048651,
              -35.058548637129384
            ],
            [
              -62.9495191220719,
              -35.0584586657656
            ],
            [
              -62.94973798312882,
              -35.05809878031047
            ],
            [
              -62.94930026101497,
              -35.05746898076399
            ],
            [
              -62.95072285788498,
              -35.05611941030726
            ],
            [
              -62.950832288413444,
              -35.055399639396995
            ],
            [
              -62.950503996828054,
              -35.05485981121431
            ],
            [
              -62.94809652520188,
              -35.05306038393866
            ]
          ]
        ]
      }
    },
    {
      "type": "Feature",
      "properties": {
        "id": "TAYPE",
        "localidad": "IRIARTE",
        "cultivo": "Trigo",
        "area_ha": 27.2,
        "error_pct": 45.6,
        "sam_score": 0.915
      },
      "geometry": {
        "type": "Polygon",
        "coordinates": [
          [
            [
              -61.97718179631546,
              -34.398166649608825
            ],
            [
              -61.976966819648815,
              -34.398344810725455
            ],
            [
              -61.97718179631546,
              -34.398522971842084
            ],
            [
              -61.97739677298211,
              -34.398344810725455
            ],
            [
              -61.977611749648766,
              -34.398522971842084
            ],
            [
              -61.97718179631546,
              -34.398968374633654
            ],
            [
              -61.97782672631541,
              -34.40074998579995
            ],
            [
              -61.97890160964865,
              -34.40083906635826
            ],
            [
              -61.98072891131517,
              -34.40039366356669
            ],
            [
              -61.98148132964844,
              -34.400482744125
            ],
            [
              -61.98212625964838,
              -34.40333332199106
            ],
            [
              -61.98244872464836,
              -34.403600563666004
            ],
            [
              -61.98578086298141,
              -34.3992356163086
            ],
            [
              -61.984383514648194,
              -34.398166649608825
            ],
            [
              -61.98298616631497,
              -34.39763216625894
            ],
            [
              -61.979439051315275,
              -34.397721246817255
            ],
            [
              -61.97847165631536,
              -34.398077569050514
            ],
            [
              -61.97782672631541,
              -34.398077569050514
            ],
            [
              -61.97750426131544,
              -34.398344810725455
            ],
            [
              -61.97718179631546,
              -34.398166649608825
            ]
          ]
        ]
      }
    },
    {
      "type": "Feature",
      "properties": {
        "id": "TAYPE",
        "localidad": "EMILIO BUNGE",
        "cultivo": "Trigo",
        "area_ha": 19.0,
        "error_pct": 88.8,
        "sam_score": 0.683
      },
      "geometry": {
        "type": "Polygon",
        "coordinates": [
          [
            [
              -63.211639580374985,
              -34.881918980771765
            ],
            [
              -63.21131264673924,
              -34.882188894863205
            ],
            [
              -63.21109469098207,
              -34.88677743441769
            ],
            [
              -63.21142162461782,
              -34.88704734850913
            ],
            [
              -63.21479993885387,
              -34.88704734850913
            ],
            [
              -63.21501789461104,
              -34.8868674057815
            ],
            [
              -63.21501789461104,
              -34.88479806441379
            ],
            [
              -63.21512687248962,
              -34.88470809304998
            ],
            [
              -63.21501789461104,
              -34.883808379411846
            ],
            [
              -63.21479993885387,
              -34.88362843668422
            ],
            [
              -63.21512687248962,
              -34.88308860850134
            ],
            [
              -63.214908916732455,
              -34.88290866577371
            ],
            [
              -63.21501789461104,
              -34.882728723046085
            ],
            [
              -63.214908916732455,
              -34.882458808954645
            ],
            [
              -63.21458198309671,
              -34.882188894863205
            ],
            [
              -63.21414607158238,
              -34.88209892349939
            ],
            [
              -63.212838337039386,
              -34.882188894863205
            ],
            [
              -63.211639580374985,
              -34.881918980771765
            ]
          ]
        ]
      }
    },
    {
      "type": "Feature",
      "properties": {
        "id": "TAYPE",
        "localidad": "GENERAL VILLEGAS",
        "cultivo": "Trigo",
        "area_ha": 94.76,
        "error_pct": 61.5,
        "sam_score": 0.94
      },
      "geometry": {
        "type": "Polygon",
        "coordinates": [
          [
            [
              -62.99896666510815,
              -34.79112141485005
            ],
            [
              -62.99831214898381,
              -34.79085150075857
            ],
            [
              -62.99154881569898,
              -34.79085150075857
            ],
            [
              -62.988385321098,
              -34.79121138621388
            ],
            [
              -62.987403546911494,
              -34.79220107121599
            ],
            [
              -62.987403546911494,
              -34.79535006894997
            ],
            [
              -62.98718537487005,
              -34.795979868496765
            ],
            [
              -62.98653085874571,
              -34.7964297253159
            ],
            [
              -62.98685811680788,
              -34.79678961077122
            ],
            [
              -62.98642177272499,
              -34.7970595248627
            ],
            [
              -62.987512632932216,
              -34.79813918122864
            ],
            [
              -62.98674903078716,
              -34.798409095320125
            ],
            [
              -62.98958526732596,
              -34.79885895213926
            ],
            [
              -62.9987484930667,
              -34.79903889486692
            ],
            [
              -62.99907575112887,
              -34.79678961077122
            ],
            [
              -62.99896666510815,
              -34.79112141485005
            ]
          ]
        ]
      }
    },
    {
      "type": "Feature",
      "properties": {
        "id": "TAYPE",
        "localidad": "ROBERTS",
        "cultivo": "Soja",
        "area_ha": 55.91,
        "error_pct": 68.9,
        "sam_score": 0.878
      },
      "geometry": {
        "type": "Polygon",
        "coordinates": [
          [
            [
              -61.986523571601886,
              -35.050894807846035
            ],
            [
              -61.98457338514895,
              -35.052765499568245
            ],
            [
              -61.98565682206725,
              -35.053032741242845
            ],
            [
              -61.985873509450904,
              -35.05356722459205
            ],
            [
              -61.98489841622444,
              -35.05517067463966
            ],
            [
              -61.985873509450904,
              -35.05588331910527
            ],
            [
              -61.98717363375287,
              -35.05748676915288
            ],
            [
              -61.9920490998852,
              -35.0610499914809
            ],
            [
              -61.99259081834435,
              -35.0609609109227
            ],
            [
              -61.994107630029966,
              -35.05962470254969
            ],
            [
              -61.9949743795646,
              -35.059713783107895
            ],
            [
              -61.994432661105456,
              -35.06007010534069
            ],
            [
              -61.99464934848911,
              -35.0603373470153
            ],
            [
              -61.99573278540741,
              -35.060248266457094
            ],
            [
              -61.99659953494205,
              -35.05917929975869
            ],
            [
              -61.99508272325643,
              -35.057664930269276
            ],
            [
              -61.99508272325643,
              -35.05730860803648
            ],
            [
              -61.98717363375287,
              -35.05107296896244
            ],
            [
              -61.986523571601886,
              -35.050894807846035
            ]
          ]
        ]
      }
    },
    {
      "type": "Feature",
      "properties": {
        "id": "TAYPE",
        "localidad": "CORONEL GRANADA",
        "cultivo": "Soja 1ra",
        "area_ha": 16.83,
        "error_pct": 80.4,
        "sam_score": 0.883
      },
      "geometry": {
        "type": "Polygon",
        "coordinates": [
          [
            [
              -62.1326538534695,
              -34.78953502130818
            ],
            [
              -62.130381407968436,
              -34.79140942472129
            ],
            [
              -62.13438524051793,
              -34.79471194502056
            ],
            [
              -62.13470987558951,
              -34.79515823154749
            ],
            [
              -62.13525093404214,
              -34.79533674615826
            ],
            [
              -62.135575569113726,
              -34.795068974242106
            ],
            [
              -62.135467357423195,
              -34.794622687715176
            ],
            [
              -62.13600841587583,
              -34.79426565849363
            ],
            [
              -62.135575569113726,
              -34.79399788657747
            ],
            [
              -62.13568378080425,
              -34.79364085735593
            ],
            [
              -62.13600841587583,
              -34.79390862927209
            ],
            [
              -62.13622483925688,
              -34.793730114661315
            ],
            [
              -62.13600841587583,
              -34.79355160005054
            ],
            [
              -62.135791992494774,
              -34.793730114661315
            ],
            [
              -62.13568378080425,
              -34.79346234274516
            ],
            [
              -62.13622483925688,
              -34.793194570829
            ],
            [
              -62.13622483925688,
              -34.79346234274516
            ],
            [
              -62.13654947432847,
              -34.79364085735593
            ],
            [
              -62.136765897709516,
              -34.79346234274516
            ],
            [
              -62.13644126263794,
              -34.793194570829
            ],
            [
              -62.136765897709516,
              -34.792926798912845
            ],
            [
              -62.13654947432847,
              -34.79274828430207
            ],
            [
              -62.13622483925688,
              -34.79301605621823
            ],
            [
              -62.135575569113726,
              -34.7925697696913
            ],
            [
              -62.13600841587583,
              -34.79212348316437
            ],
            [
              -62.135575569113726,
              -34.7919449685536
            ],
            [
              -62.13438524051793,
              -34.7906953662782
            ],
            [
              -62.1326538534695,
              -34.78953502130818
            ]
          ]
        ]
      }
    },
    {
      "type": "Feature",
      "properties": {
        "id": "TAYPE",
        "localidad": "GENERAL VILLEGAS",
        "cultivo": "Soja",
        "area_ha": 70.19,
        "error_pct": 22.0,
        "sam_score": 0.966
      },
      "geometry": {
        "type": "Polygon",
        "coordinates": [
          [
            [
              -62.64705405632409,
              -34.98973169712907
            ],
            [
              -62.64650841976558,
              -34.9893732454805
            ],
            [
              -62.64312547310284,
              -34.98919401965621
            ],
            [
              -62.6402881629986,
              -34.9893732454805
            ],
            [
              -62.6395242718167,
              -34.98964208421693
            ],
            [
              -62.63832387138798,
              -34.98946285839264
            ],
            [
              -62.63788736214117,
              -34.9901797616898
            ],
            [
              -62.63788736214117,
              -34.99663189136424
            ],
            [
              -62.638760380634785,
              -34.99699034301282
            ],
            [
              -62.64268896385603,
              -34.99690073010068
            ],
            [
              -62.644216746219854,
              -34.99716956883711
            ],
            [
              -62.64585365589537,
              -34.99690073010068
            ],
            [
              -62.646290165142176,
              -34.9965422784521
            ],
            [
              -62.64672667438899,
              -34.99672150427639
            ],
            [
              -62.64705405632409,
              -34.99627343971566
            ],
            [
              -62.64705405632409,
              -34.98973169712907
            ]
          ]
        ]
      }
    },
    {
      "type": "Feature",
      "properties": {
        "id": "TAYPE",
        "localidad": "ELORDI",
        "cultivo": "Soja",
        "area_ha": 63.39,
        "error_pct": 71.1,
        "sam_score": 0.977
      },
      "geometry": {
        "type": "Polygon",
        "coordinates": [
          [
            [
              -63.23047642487005,
              -35.0531041062425
            ],
            [
              -63.22763686877227,
              -35.05552848430848
            ],
            [
              -63.23047642487005,
              -35.05804265415469
            ],
            [
              -63.23025799747791,
              -35.05912015551735
            ],
            [
              -63.23702924663415,
              -35.06468724589109
            ],
            [
              -63.23757531511449,
              -35.06486682945154
            ],
            [
              -63.240414871212266,
              -35.062532243165776
            ],
            [
              -63.240960939692606,
              -35.06154453358334
            ],
            [
              -63.23047642487005,
              -35.0531041062425
            ]
          ]
        ]
      }
    },
    {
      "type": "Feature",
      "properties": {
        "id": "TAYPE",
        "localidad": "GENERAL VILLEGAS",
        "cultivo": "Soja 1ra",
        "area_ha": 36.8,
        "error_pct": 38.7,
        "sam_score": 0.951
      },
      "geometry": {
        "type": "Polygon",
        "coordinates": [
          [
            [
              -62.40940442120444,
              -34.634965503736936
            ],
            [
              -62.405175275265584,
              -34.63613047159563
            ],
            [
              -62.404524637428835,
              -34.63657853615667
            ],
            [
              -62.404849956347206,
              -34.639177310610684
            ],
            [
              -62.405175275265584,
              -34.6394461493473
            ],
            [
              -62.4053921545445,
              -34.64025266555717
            ],
            [
              -62.406151232020704,
              -34.640521504293794
            ],
            [
              -62.406259671660166,
              -34.64132802050366
            ],
            [
              -62.40691030949691,
              -34.641865697976904
            ],
            [
              -62.408211585170406,
              -34.641686472152486
            ],
            [
              -62.408862223007155,
              -34.64195531088911
            ],
            [
              -62.40875378336769,
              -34.64213453671353
            ],
            [
              -62.40734406805474,
              -34.64213453671353
            ],
            [
              -62.407127188775824,
              -34.642403375450144
            ],
            [
              -62.40777782661257,
              -34.64276182709898
            ],
            [
              -62.408862223007155,
              -34.642403375450144
            ],
            [
              -62.410814136517395,
              -34.642403375450144
            ],
            [
              -62.41135633471468,
              -34.64159685924028
            ],
            [
              -62.410814136517395,
              -34.63980460099613
            ],
            [
              -62.41103101579631,
              -34.6394461493473
            ],
            [
              -62.41005505904119,
              -34.63675776198108
            ],
            [
              -62.41005505904119,
              -34.635861632859005
            ],
            [
              -62.40940442120444,
              -34.634965503736936
            ]
          ]
        ]
      }
    },
    {
      "type": "Feature",
      "properties": {
        "id": "TAYPE",
        "localidad": "HIPOLITO BOUCHARD",
        "cultivo": "Soja",
        "area_ha": 301.43,
        "error_pct": 1.2,
        "sam_score": 0.921
      },
      "geometry": {
        "type": "Polygon",
        "coordinates": [
          [
            [
              -63.45414918636368,
              -34.66525128816125
            ],
            [
              -63.453606755989675,
              -34.672061869488545
            ],
            [
              -63.4562104217849,
              -34.672957998610556
            ],
            [
              -63.4555595053361,
              -34.67322683734716
            ],
            [
              -63.4556679914109,
              -34.68138161235746
            ],
            [
              -63.45751225468252,
              -34.681560838181866
            ],
            [
              -63.459790462253345,
              -34.68084393488426
            ],
            [
              -63.46206866982417,
              -34.68209851565508
            ],
            [
              -63.47128998618228,
              -34.682815418952686
            ],
            [
              -63.4732427355287,
              -34.682188128567276
            ],
            [
              -63.4732427355287,
              -34.681560838181866
            ],
            [
              -63.47508699880032,
              -34.681291999445264
            ],
            [
              -63.475412457024724,
              -34.67985819285005
            ],
            [
              -63.474327596276716,
              -34.679051676640235
            ],
            [
              -63.47476154057592,
              -34.677438644220615
            ],
            [
              -63.472700305154696,
              -34.674033353556965
            ],
            [
              -63.47031361150907,
              -34.67331645025936
            ],
            [
              -63.471073014032676,
              -34.67170341783974
            ],
            [
              -63.47020512543427,
              -34.67009038542012
            ],
            [
              -63.470856041883074,
              -34.666416256019865
            ],
            [
              -63.47042209758387,
              -34.66516167524905
            ],
            [
              -63.45729528253292,
              -34.66525128816125
            ],
            [
              -63.45664436608411,
              -34.664803223600245
            ],
            [
              -63.45414918636368,
              -34.66525128816125
            ]
          ]
        ]
      }
    },
    {
      "type": "Feature",
      "properties": {
        "id": "TAYPE",
        "localidad": "PORVENIR",
        "cultivo": "Soja",
        "area_ha": 22.32,
        "error_pct": 17.3,
        "sam_score": 0.925
      },
      "geometry": {
        "type": "Polygon",
        "coordinates": [
          [
            [
              -62.19940807053936,
              -35.01415942471238
            ],
            [
              -62.19821450863238,
              -35.01523051237654
            ],
            [
              -62.198106003004476,
              -35.015766056208626
            ],
            [
              -62.20114416058588,
              -35.01835451806368
            ],
            [
              -62.20244622812078,
              -35.0193363484225
            ],
            [
              -62.2027717450045,
              -35.0193363484225
            ],
            [
              -62.203965306911485,
              -35.01844377536903
            ],
            [
              -62.20472484630683,
              -35.01764045962091
            ],
            [
              -62.20472484630683,
              -35.016837143872785
            ],
            [
              -62.20439932942311,
              -35.01656937195675
            ],
            [
              -62.204290823795205,
              -35.015409026987236
            ],
            [
              -62.20233772249287,
              -35.014070167407034
            ],
            [
              -62.20146967746961,
              -35.014070167407034
            ],
            [
              -62.20081864370216,
              -35.01442719662842
            ],
            [
              -62.20016760993472,
              -35.01433793932307
            ],
            [
              -62.199842093051,
              -35.01442719662842
            ],
            [
              -62.19940807053936,
              -35.01415942471238
            ]
          ]
        ]
      }
    },
    {
      "type": "Feature",
      "properties": {
        "id": "TAYPE",
        "localidad": "LINCOLN",
        "cultivo": "Soja 1ra",
        "area_ha": 157.54,
        "error_pct": 16.7,
        "sam_score": 0.967
      },
      "geometry": {
        "type": "Polygon",
        "coordinates": [
          [
            [
              -61.78231229834993,
              -34.84653373706174
            ],
            [
              -61.78069761421876,
              -34.846000310003525
            ],
            [
              -61.77542297939027,
              -34.84591140549382
            ],
            [
              -61.76842601482186,
              -34.84662264157144
            ],
            [
              -61.767780141169396,
              -34.84751168666847
            ],
            [
              -61.768210723604376,
              -34.847778400197576
            ],
            [
              -61.76767249556065,
              -34.84822292274609
            ],
            [
              -61.76810307799563,
              -34.84857854078489
            ],
            [
              -61.76745720434316,
              -34.8489341588237
            ],
            [
              -61.76799543238688,
              -34.84991210843043
            ],
            [
              -61.767780141169396,
              -34.853468288818526
            ],
            [
              -61.768533660430606,
              -34.8562243286193
            ],
            [
              -61.769825407735546,
              -34.85657994665811
            ],
            [
              -61.769825407735546,
              -34.857113373716324
            ],
            [
              -61.77240890234542,
              -34.857202278226026
            ],
            [
              -61.77908293008759,
              -34.857113373716324
            ],
            [
              -61.77919057569633,
              -34.85657994665811
            ],
            [
              -61.77983644934881,
              -34.857113373716324
            ],
            [
              -61.77983644934881,
              -34.85657994665811
            ],
            [
              -61.781451133479976,
              -34.856491042148406
            ],
            [
              -61.781881715914956,
              -34.85569090156108
            ],
            [
              -61.782204652741186,
              -34.85595761509019
            ],
            [
              -61.78252758956742,
              -34.85569090156108
            ],
            [
              -61.78231229834993,
              -34.84653373706174
            ]
          ]
        ]
      }
    },
    {
      "type": "Feature",
      "properties": {
        "id": "TAYPE",
        "localidad": "AMEGHINO",
        "cultivo": "Soja",
        "area_ha": 118.52,
        "error_pct": 58.4,
        "sam_score": 0.91
      },
      "geometry": {
        "type": "Polygon",
        "coordinates": [
          [
            [
              -62.683249839017506,
              -34.77749161096274
            ],
            [
              -62.683467100106846,
              -34.78000077250384
            ],
            [
              -62.68172901139214,
              -34.7801799983282
            ],
            [
              -62.6815117503028,
              -34.781344966186566
            ],
            [
              -62.68183764193681,
              -34.782061869484025
            ],
            [
              -62.68248942520482,
              -34.78197225657184
            ],
            [
              -62.68368436119618,
              -34.78107612745002
            ],
            [
              -62.683467100106846,
              -34.780090385416024
            ],
            [
              -62.684227513919524,
              -34.7801799983282
            ],
            [
              -62.68390162228552,
              -34.783137224430206
            ],
            [
              -62.6846620360982,
              -34.78591522470785
            ],
            [
              -62.690093563331644,
              -34.786004837620034
            ],
            [
              -62.691288499323,
              -34.785108708498214
            ],
            [
              -62.69194028259102,
              -34.78609445053221
            ],
            [
              -62.696828657101115,
              -34.78627367635658
            ],
            [
              -62.69737180982446,
              -34.786004837620034
            ],
            [
              -62.6975890709138,
              -34.78089690162566
            ],
            [
              -62.69672002655645,
              -34.780448837064746
            ],
            [
              -62.69737180982446,
              -34.77964232085511
            ],
            [
              -62.697045918190454,
              -34.77838774008456
            ],
            [
              -62.695416460020425,
              -34.77776044969929
            ],
            [
              -62.68379299174085,
              -34.777222772226196
            ],
            [
              -62.683249839017506,
              -34.77749161096274
            ]
          ]
        ]
      }
    },
    {
      "type": "Feature",
      "properties": {
        "id": "TAYPE",
        "localidad": "EL TRIUNFO",
        "cultivo": "Soja 1ra",
        "area_ha": 5.55,
        "error_pct": 77.8,
        "sam_score": 0.765
      },
      "geometry": {
        "type": "Polygon",
        "coordinates": [
          [
            [
              -61.39042374706311,
              -35.201181015775816
            ],
            [
              -61.39010006242721,
              -35.20091535230016
            ],
            [
              -61.389452693155405,
              -35.20082679780827
            ],
            [
              -61.389344798276774,
              -35.20091535230016
            ],
            [
              -61.38869742900497,
              -35.20047257984072
            ],
            [
              -61.38858953412634,
              -35.20056113433261
            ],
            [
              -61.38837374436907,
              -35.20038402534883
            ],
            [
              -61.388157954611806,
              -35.20038402534883
            ],
            [
              -61.3871869007041,
              -35.2012695702677
            ],
            [
              -61.38729479558273,
              -35.201446679251475
            ],
            [
              -61.38729479558273,
              -35.20268644213789
            ],
            [
              -61.38707900582547,
              -35.20321776908921
            ],
            [
              -61.38729479558273,
              -35.20339487807298
            ],
            [
              -61.387618480218634,
              -35.20321776908921
            ],
            [
              -61.38912900851951,
              -35.20197800620279
            ],
            [
              -61.389344798276774,
              -35.20206656069468
            ],
            [
              -61.389560588034044,
              -35.20286355112166
            ],
            [
              -61.38999216754858,
              -35.20312921459732
            ],
            [
              -61.39020795730585,
              -35.20295210561355
            ],
            [
              -61.389884272669946,
              -35.20224366967845
            ],
            [
              -61.389884272669946,
              -35.20180089721902
            ],
            [
              -61.389560588034044,
              -35.201446679251475
            ],
            [
              -61.389668482912676,
              -35.20135812475959
            ],
            [
              -61.38999216754858,
              -35.201535233743364
            ],
            [
              -61.39042374706311,
              -35.201181015775816
            ]
          ]
        ]
      }
    },
    {
      "type": "Feature",
      "properties": {
        "id": "TAYPE",
        "localidad": "GENERAL VILLEGAS",
        "cultivo": "Ma\u00edz",
        "area_ha": 6.98,
        "error_pct": 50.1,
        "sam_score": 0.766
      },
      "geometry": {
        "type": "Polygon",
        "coordinates": [
          [
            [
              -63.10951329353586,
              -35.089836363334705
            ],
            [
              -63.10929433961239,
              -35.09001630606226
            ],
            [
              -63.10940381657412,
              -35.09028622015359
            ],
            [
              -63.11049858619149,
              -35.09118593379135
            ],
            [
              -63.11049858619149,
              -35.091545819246456
            ],
            [
              -63.109732247459334,
              -35.092265590156664
            ],
            [
              -63.109732247459334,
              -35.09244553288422
            ],
            [
              -63.109951201382806,
              -35.09262547561177
            ],
            [
              -63.11027963226802,
              -35.092265590156664
            ],
            [
              -63.110936494038434,
              -35.09244553288422
            ],
            [
              -63.111155447961906,
              -35.09235556152044
            ],
            [
              -63.11148387884712,
              -35.09271544697555
            ],
            [
              -63.11181230973232,
              -35.09271544697555
            ],
            [
              -63.112359694541006,
              -35.09307533243065
            ],
            [
              -63.11268812542622,
              -35.09307533243065
            ],
            [
              -63.11367341808184,
              -35.09388507470464
            ],
            [
              -63.113563941120105,
              -35.09415498879597
            ],
            [
              -63.11334498719663,
              -35.093975046068415
            ],
            [
              -63.11301655631142,
              -35.09424496015974
            ],
            [
              -63.113235510234894,
              -35.0944249028873
            ],
            [
              -63.113454464158366,
              -35.0944249028873
            ],
            [
              -63.11378289504358,
              -35.09415498879597
            ],
            [
              -63.11389237200532,
              -35.09424496015974
            ],
            [
              -63.11422080289052,
              -35.09379510334087
            ],
            [
              -63.11367341808184,
              -35.09325527515821
            ],
            [
              -63.11312603327316,
              -35.09307533243065
            ],
            [
              -63.113454464158366,
              -35.092805418339324
            ],
            [
              -63.11301655631142,
              -35.092535504248
            ],
            [
              -63.11301655631142,
              -35.092265590156664
            ],
            [
              -63.11268812542622,
              -35.09199567606534
            ],
            [
              -63.11290707934969,
              -35.09181573333778
            ],
            [
              -63.112250217579266,
              -35.091005991063795
            ],
            [
              -63.11159335580885,
              -35.09046616288114
            ],
            [
              -63.110936494038434,
              -35.09046616288114
            ],
            [
              -63.11071754011496,
              -35.09028622015359
            ],
            [
              -63.11060806315322,
              -35.090376191517365
            ],
            [
              -63.11027963226802,
              -35.09010627742604
            ],
            [
              -63.109841724421074,
              -35.09010627742604
            ],
            [
              -63.10951329353586,
              -35.089836363334705
            ]
          ]
        ]
      }
    },
    {
      "type": "Feature",
      "properties": {
        "id": "TAYPE",
        "localidad": "GENERAL VILLEGAS",
        "cultivo": "Soja 2da",
        "area_ha": 73.24,
        "error_pct": 33.4,
        "sam_score": 0.975
      },
      "geometry": {
        "type": "Polygon",
        "coordinates": [
          [
            [
              -63.066352947697794,
              -35.04665403227055
            ],
            [
              -63.059568704960206,
              -35.04656406090677
            ],
            [
              -63.05727081629102,
              -35.04683397499812
            ],
            [
              -63.05694254648114,
              -35.04710388908947
            ],
            [
              -63.0584744722606,
              -35.05403168410079
            ],
            [
              -63.06394563575865,
              -35.05403168410079
            ],
            [
              -63.067775450207286,
              -35.05349185591809
            ],
            [
              -63.06821314328713,
              -35.05313197046296
            ],
            [
              -63.06700948731756,
              -35.047193860453255
            ],
            [
              -63.066352947697794,
              -35.04665403227055
            ]
          ]
        ]
      }
    },
    {
      "type": "Feature",
      "properties": {
        "id": "TAYPE",
        "localidad": "EL PORVENIR",
        "cultivo": "Ma\u00edz",
        "area_ha": 37.53,
        "error_pct": 62.8,
        "sam_score": 0.944
      },
      "geometry": {
        "type": "Polygon",
        "coordinates": [
          [
            [
              -62.094685876812456,
              -34.952068371756866
            ],
            [
              -62.09327912003829,
              -34.952424693989734
            ],
            [
              -62.09252163562143,
              -34.95287009678083
            ],
            [
              -62.08884242559668,
              -34.956344238551324
            ],
            [
              -62.09230521150233,
              -34.95946205808895
            ],
            [
              -62.0943612406338,
              -34.96097642757866
            ],
            [
              -62.094685876812456,
              -34.96097642757866
            ],
            [
              -62.09501051299111,
              -34.96044194422935
            ],
            [
              -62.09587620946752,
              -34.959907460880046
            ],
            [
              -62.09587620946752,
              -34.95955113864717
            ],
            [
              -62.095443361229314,
              -34.959105735856085
            ],
            [
              -62.09565978534842,
              -34.95866033306499
            ],
            [
              -62.095551573288866,
              -34.95794768859925
            ],
            [
              -62.09533514916976,
              -34.95776952748282
            ],
            [
              -62.09501051299111,
              -34.95794768859925
            ],
            [
              -62.09490230093156,
              -34.95776952748282
            ],
            [
              -62.09565978534842,
              -34.95732412469172
            ],
            [
              -62.09565978534842,
              -34.9567005607842
            ],
            [
              -62.09522693711021,
              -34.956344238551324
            ],
            [
              -62.095443361229314,
              -34.956166077434894
            ],
            [
              -62.09533514916976,
              -34.95545343296914
            ],
            [
              -62.095551573288866,
              -34.95527527185271
            ],
            [
              -62.095551573288866,
              -34.954206305154095
            ],
            [
              -62.09587620946752,
              -34.95367182180479
            ],
            [
              -62.09587620946752,
              -34.95313733845548
            ],
            [
              -62.094685876812456,
              -34.952068371756866
            ]
          ]
        ]
      }
    },
    {
      "type": "Feature",
      "properties": {
        "id": "TAYPE",
        "localidad": "CORONEL GRANADA",
        "cultivo": "Ma\u00edz",
        "area_ha": 25.92,
        "error_pct": 25.9,
        "sam_score": 0.932
      },
      "geometry": {
        "type": "Polygon",
        "coordinates": [
          [
            [
              -62.11039007193867,
              -34.962526091381115
            ],
            [
              -62.109305699885695,
              -34.96181203293827
            ],
            [
              -62.10757070460095,
              -34.961901290243624
            ],
            [
              -62.10681164416387,
              -34.9615442610222
            ],
            [
              -62.105401960495016,
              -34.96163351832756
            ],
            [
              -62.10496821167383,
              -34.96199054754898
            ],
            [
              -62.10442602564734,
              -34.961901290243624
            ],
            [
              -62.103883839620856,
              -34.96225831946505
            ],
            [
              -62.10334165359438,
              -34.962972377907896
            ],
            [
              -62.10334165359438,
              -34.96359717904539
            ],
            [
              -62.10355852800497,
              -34.96395420826681
            ],
            [
              -62.10323321638908,
              -34.964400494793594
            ],
            [
              -62.103883839620856,
              -34.96529306784715
            ],
            [
              -62.103775402415565,
              -34.96672118473285
            ],
            [
              -62.10420915123675,
              -34.96725672856498
            ],
            [
              -62.103992276826155,
              -34.96743524317569
            ],
            [
              -62.10431758844204,
              -34.967703015091764
            ],
            [
              -62.10496821167383,
              -34.96752450048105
            ],
            [
              -62.11039007193867,
              -34.96288312060254
            ],
            [
              -62.11039007193867,
              -34.962526091381115
            ]
          ]
        ]
      }
    },
    {
      "type": "Feature",
      "properties": {
        "id": "TAYPE",
        "localidad": "CORONEL GRANADA",
        "cultivo": "Ma\u00edz",
        "area_ha": 43.55,
        "error_pct": 39.5,
        "sam_score": 0.959
      },
      "geometry": {
        "type": "Polygon",
        "coordinates": [
          [
            [
              -62.12185358842393,
              -34.954411325414085
            ],
            [
              -62.121096088448226,
              -34.954411325414085
            ],
            [
              -62.11525251720711,
              -34.959231219903366
            ],
            [
              -62.11687573144075,
              -34.96083785139979
            ],
            [
              -62.1200139456258,
              -34.963069284033715
            ],
            [
              -62.12250287411739,
              -34.96119488062122
            ],
            [
              -62.12336858837533,
              -34.96021305026229
            ],
            [
              -62.12358501693981,
              -34.958070874933725
            ],
            [
              -62.123260374093086,
              -34.95673201535337
            ],
            [
              -62.12336858837533,
              -34.95575018499444
            ],
            [
              -62.12315215981084,
              -34.9552146411623
            ],
            [
              -62.12185358842393,
              -34.954411325414085
            ]
          ]
        ]
      }
    },
    {
      "type": "Feature",
      "properties": {
        "id": "TAYPE",
        "localidad": "CORONEL GRANADA",
        "cultivo": "Ma\u00edz",
        "area_ha": 14.77,
        "error_pct": 40.9,
        "sam_score": 0.913
      },
      "geometry": {
        "type": "Polygon",
        "coordinates": [
          [
            [
              -62.10345992256088,
              -34.95001203293873
            ],
            [
              -62.10226965138398,
              -34.951172377908385
            ],
            [
              -62.10226965138398,
              -34.95152940712982
            ],
            [
              -62.10281068373711,
              -34.95206495096197
            ],
            [
              -62.103135303148996,
              -34.95313603862626
            ],
            [
              -62.103784541972765,
              -34.953493067847695
            ],
            [
              -62.10410916138465,
              -34.954564155511996
            ],
            [
              -62.10465019373779,
              -34.95492118473342
            ],
            [
              -62.1050830196203,
              -34.95492118473342
            ],
            [
              -62.105515845502815,
              -34.954564155511996
            ],
            [
              -62.10627329079721,
              -34.95465341281735
            ],
            [
              -62.106597910209096,
              -34.954564155511996
            ],
            [
              -62.10703073609161,
              -34.95483192742807
            ],
            [
              -62.10767997491538,
              -34.95483192742807
            ],
            [
              -62.10800459432726,
              -34.954564155511996
            ],
            [
              -62.10800459432726,
              -34.95438564090128
            ],
            [
              -62.10692252962098,
              -34.95340381054234
            ],
            [
              -62.10692252962098,
              -34.95260049479412
            ],
            [
              -62.104866606679046,
              -34.950904605992314
            ],
            [
              -62.10345992256088,
              -34.95001203293873
            ]
          ]
        ]
      }
    },
    {
      "type": "Feature",
      "properties": {
        "id": "TAYPE",
        "localidad": "CORONEL GRANADA",
        "cultivo": "Ma\u00edz",
        "area_ha": 22.08,
        "error_pct": 60.6,
        "sam_score": 0.904
      },
      "geometry": {
        "type": "Polygon",
        "coordinates": [
          [
            [
              -62.10872527971695,
              -34.95429686924625
            ],
            [
              -62.10807470835704,
              -34.95465389846768
            ],
            [
              -62.10839999403699,
              -34.95527869960518
            ],
            [
              -62.10829156547701,
              -34.95617127265875
            ],
            [
              -62.10872527971695,
              -34.95661755918554
            ],
            [
              -62.10872527971695,
              -34.95706384571232
            ],
            [
              -62.10926742251688,
              -34.95777790415518
            ],
            [
              -62.109158993956896,
              -34.95875973451411
            ],
            [
              -62.11035170811674,
              -34.96036636601053
            ],
            [
              -62.110676993796694,
              -34.96108042445339
            ],
            [
              -62.110568565236704,
              -34.961348196369464
            ],
            [
              -62.11089385091666,
              -34.96152671098018
            ],
            [
              -62.11458042195618,
              -34.95840270529268
            ],
            [
              -62.11208656507651,
              -34.95626052996411
            ],
            [
              -62.11143599371659,
              -34.95626052996411
            ],
            [
              -62.10926742251688,
              -34.954475383856966
            ],
            [
              -62.10872527971695,
              -34.95429686924625
            ]
          ]
        ]
      }
    },
    {
      "type": "Feature",
      "properties": {
        "id": "TAYPE",
        "localidad": "AMEGHINO",
        "cultivo": "Soja",
        "area_ha": 32.43,
        "error_pct": 62.7,
        "sam_score": 0.958
      },
      "geometry": {
        "type": "Polygon",
        "coordinates": [
          [
            [
              -62.322426278398275,
              -34.98722148190796
            ],
            [
              -62.322100857455254,
              -34.98748978617375
            ],
            [
              -62.322317804750604,
              -34.988920742257946
            ],
            [
              -62.32220933110293,
              -34.99383965379737
            ],
            [
              -62.32296864663664,
              -34.99446569708421
            ],
            [
              -62.32383643581802,
              -34.99464456659474
            ],
            [
              -62.32448727770406,
              -34.99518117512631
            ],
            [
              -62.32578896147613,
              -34.99509174037105
            ],
            [
              -62.326548277009834,
              -34.99473400135
            ],
            [
              -62.32698217160053,
              -34.99428682757369
            ],
            [
              -62.32633132971449,
              -34.99151435016056
            ],
            [
              -62.32633132971449,
              -34.987400351418486
            ],
            [
              -62.32611438241915,
              -34.98722148190796
            ],
            [
              -62.322426278398275,
              -34.98722148190796
            ]
          ]
        ]
      }
    },
    {
      "type": "Feature",
      "properties": {
        "id": "TAYPE",
        "localidad": "CORONEL GRANADA",
        "cultivo": "Soja",
        "area_ha": 76.44,
        "error_pct": 49.0,
        "sam_score": 0.943
      },
      "geometry": {
        "type": "Polygon",
        "coordinates": [
          [
            [
              -62.1318796823862,
              -34.90727578158356
            ],
            [
              -62.12158473807921,
              -34.915755225593244
            ],
            [
              -62.123210255601364,
              -34.917272599784454
            ],
            [
              -62.12418556611466,
              -34.91771888631128
            ],
            [
              -62.12721986548935,
              -34.91566596828788
            ],
            [
              -62.127653336828594,
              -34.91477339523423
            ],
            [
              -62.12884538301151,
              -34.91379156487521
            ],
            [
              -62.12938722218556,
              -34.91397007948594
            ],
            [
              -62.12884538301151,
              -34.91477339523423
            ],
            [
              -62.127978440333024,
              -34.91495190984496
            ],
            [
              -62.12819517600264,
              -34.91530893906642
            ],
            [
              -62.12938722218556,
              -34.91530893906642
            ],
            [
              -62.12927885435075,
              -34.91566596828788
            ],
            [
              -62.1298206935248,
              -34.915933740203975
            ],
            [
              -62.13014579702923,
              -34.91539819637178
            ],
            [
              -62.1309043718729,
              -34.91530893906642
            ],
            [
              -62.133071728569114,
              -34.917183342479085
            ],
            [
              -62.134155406917216,
              -34.91754037170055
            ],
            [
              -62.13523908526532,
              -34.9166477986469
            ],
            [
              -62.136106027943804,
              -34.91370230756985
            ],
            [
              -62.13523908526532,
              -34.912988249126926
            ],
            [
              -62.13491398176089,
              -34.91084607379816
            ],
            [
              -62.13523908526532,
              -34.91031052996597
            ],
            [
              -62.132096418055816,
              -34.90781132541575
            ],
            [
              -62.1318796823862,
              -34.90727578158356
            ]
          ]
        ]
      }
    },
    {
      "type": "Feature",
      "properties": {
        "id": "TAYPE",
        "localidad": "CORONEL GRANADA",
        "cultivo": "Ma\u00edz",
        "area_ha": 39.81,
        "error_pct": 59.8,
        "sam_score": 0.942
      },
      "geometry": {
        "type": "Polygon",
        "coordinates": [
          [
            [
              -62.13691066998676,
              -34.91339193566579
            ],
            [
              -62.1361520432359,
              -34.91392641901514
            ],
            [
              -62.135393416485044,
              -34.91642067464544
            ],
            [
              -62.13647716898627,
              -34.91722239966946
            ],
            [
              -62.13777767198774,
              -34.91722239966946
            ],
            [
              -62.138753049238844,
              -34.91802412469348
            ],
            [
              -62.138753049238844,
              -34.91829136636816
            ],
            [
              -62.137235795737126,
              -34.91953849418331
            ],
            [
              -62.137127420487005,
              -34.92016205809088
            ],
            [
              -62.1385362987386,
              -34.92096378311491
            ],
            [
              -62.13929492548945,
              -34.9216764275807
            ],
            [
              -62.139620051239824,
              -34.9216764275807
            ],
            [
              -62.14428018699509,
              -34.91748964134413
            ],
            [
              -62.138861424488965,
              -34.91321377454934
            ],
            [
              -62.1375609214875,
              -34.913570096782244
            ],
            [
              -62.13691066998676,
              -34.91339193566579
            ]
          ]
        ]
      }
    },
    {
      "type": "Feature",
      "properties": {
        "id": "TAYPE",
        "localidad": "PORVENIR",
        "cultivo": "Trigo",
        "area_ha": 34.41,
        "error_pct": 62.6,
        "sam_score": 0.786
      },
      "geometry": {
        "type": "Polygon",
        "coordinates": [
          [
            [
              -62.1580167065663,
              -34.964625781581574
            ],
            [
              -62.156715382802496,
              -34.965429097329775
            ],
            [
              -62.15237763692315,
              -34.969177904154684
            ],
            [
              -62.15769137562535,
              -34.97346225481173
            ],
            [
              -62.1580167065663,
              -34.97346225481173
            ],
            [
              -62.15964336127106,
              -34.9719448806207
            ],
            [
              -62.159751804918045,
              -34.97158785139928
            ],
            [
              -62.15953491762407,
              -34.97140933678856
            ],
            [
              -62.15953491762407,
              -34.97087379295643
            ],
            [
              -62.159318030330105,
              -34.97069527834572
            ],
            [
              -62.15910114303614,
              -34.97087379295643
            ],
            [
              -62.15888425574217,
              -34.97078453565108
            ],
            [
              -62.158775812095186,
              -34.965964641161904
            ],
            [
              -62.15855892480122,
              -34.965786126551194
            ],
            [
              -62.15866736844821,
              -34.965429097329775
            ],
            [
              -62.1580167065663,
              -34.964625781581574
            ]
          ]
        ]
      }
    },
    {
      "type": "Feature",
      "properties": {
        "id": "TAYPE",
        "localidad": "GENERAL PINTO",
        "cultivo": "Trigo",
        "area_ha": 43.29,
        "error_pct": 56.7,
        "sam_score": 0.958
      },
      "geometry": {
        "type": "Polygon",
        "coordinates": [
          [
            [
              -62.13678074310468,
              -34.933248372221364
            ],
            [
              -62.13591524758006,
              -34.93423020258033
            ],
            [
              -62.13061408749174,
              -34.93869306784836
            ],
            [
              -62.131479583016365,
              -34.93958564090197
            ],
            [
              -62.132453265481566,
              -34.93994267012341
            ],
            [
              -62.134076069590236,
              -34.94163855892526
            ],
            [
              -62.13450881735255,
              -34.9415493016199
            ],
            [
              -62.13645618228295,
              -34.93994267012341
            ],
            [
              -62.13742986474815,
              -34.938603810543
            ],
            [
              -62.13818717333219,
              -34.939139354375165
            ],
            [
              -62.13905266885681,
              -34.93869306784836
            ],
            [
              -62.1395936035597,
              -34.938782325153724
            ],
            [
              -62.141432781549526,
              -34.93717569365723
            ],
            [
              -62.141108220727794,
              -34.93664014982507
            ],
            [
              -62.13678074310468,
              -34.933248372221364
            ]
          ]
        ]
      }
    },
    {
      "type": "Feature",
      "properties": {
        "id": "TAYPE",
        "localidad": "PORVENIR",
        "cultivo": "Trigo",
        "area_ha": 48.64,
        "error_pct": 60.1,
        "sam_score": 0.957
      },
      "geometry": {
        "type": "Polygon",
        "coordinates": [
          [
            [
              -62.15497599594838,
              -35.01699987519294
            ],
            [
              -62.15172056833326,
              -35.019499079742616
            ],
            [
              -62.15052691154105,
              -35.020748682017455
            ],
            [
              -62.1509609685564,
              -35.0210164539335
            ],
            [
              -62.1509609685564,
              -35.02155199776557
            ],
            [
              -62.15616965274059,
              -35.025479319200784
            ],
            [
              -62.159316566101865,
              -35.022980114651105
            ],
            [
              -62.15953359460954,
              -35.022533828124374
            ],
            [
              -62.158991023340356,
              -35.02226605620834
            ],
            [
              -62.159099537594194,
              -35.02208754159764
            ],
            [
              -62.160510222894075,
              -35.022533828124374
            ],
            [
              -62.1611613084171,
              -35.02164125507092
            ],
            [
              -62.15671222400977,
              -35.017713933635704
            ],
            [
              -62.15551856721756,
              -35.01699987519294
            ],
            [
              -62.15497599594838,
              -35.01699987519294
            ]
          ]
        ]
      }
    },
    {
      "type": "Feature",
      "properties": {
        "id": "TAYPE",
        "localidad": "AMEGHINO",
        "cultivo": "Trigo",
        "area_ha": 71.15,
        "error_pct": 36.5,
        "sam_score": 0.972
      },
      "geometry": {
        "type": "Polygon",
        "coordinates": [
          [
            [
              -62.19915251353793,
              -34.950103190943395
            ],
            [
              -62.19665874895603,
              -34.95144205052376
            ],
            [
              -62.194598682562294,
              -34.95340571124162
            ],
            [
              -62.19427340892118,
              -34.95403051237913
            ],
            [
              -62.194598682562294,
              -34.95465531351663
            ],
            [
              -62.1940565598271,
              -34.95777931920415
            ],
            [
              -62.19817669261458,
              -34.96099258219702
            ],
            [
              -62.205115863625075,
              -34.95510160004342
            ],
            [
              -62.205115863625075,
              -34.95483382812735
            ],
            [
              -62.20251367449614,
              -34.952780910104124
            ],
            [
              -62.20153785357279,
              -34.95162056513447
            ],
            [
              -62.20077888174352,
              -34.9513527932184
            ],
            [
              -62.19915251353793,
              -34.950103190943395
            ]
          ]
        ]
      }
    },
    {
      "type": "Feature",
      "properties": {
        "id": "TAYPE",
        "localidad": "BERNARDO LARROUDE",
        "cultivo": "Trigo",
        "area_ha": 67.34,
        "error_pct": 89.5,
        "sam_score": 0.949
      },
      "geometry": {
        "type": "Polygon",
        "coordinates": [
          [
            [
              -63.5381498046102,
              -35.01153244941517
            ],
            [
              -63.53782362399581,
              -35.012697417272996
            ],
            [
              -63.53771489712435,
              -35.01995606315637
            ],
            [
              -63.53847598522458,
              -35.02022490189279
            ],
            [
              -63.54489087064081,
              -35.02040412771707
            ],
            [
              -63.5452170512552,
              -35.020045676068506
            ],
            [
              -63.54510832438373,
              -35.018791095298546
            ],
            [
              -63.54543450499812,
              -35.01798457908928
            ],
            [
              -63.54565195874104,
              -35.01198051397587
            ],
            [
              -63.54532577812666,
              -35.01171167523945
            ],
            [
              -63.5381498046102,
              -35.01153244941517
            ]
          ]
        ]
      }
    },
    {
      "type": "Feature",
      "properties": {
        "id": "TAYPE",
        "localidad": "PIEDRITAS",
        "cultivo": "Trigo",
        "area_ha": 32.24,
        "error_pct": 61.2,
        "sam_score": 0.945
      },
      "geometry": {
        "type": "Polygon",
        "coordinates": [
          [
            [
              -63.10868215313327,
              -34.8118168203774
            ],
            [
              -63.10835549271716,
              -34.812086195718194
            ],
            [
              -63.10835549271716,
              -34.817294118973564
            ],
            [
              -63.1085732663279,
              -34.817473702534095
            ],
            [
              -63.10944436077086,
              -34.81756349431436
            ],
            [
              -63.11303762534808,
              -34.81756349431436
            ],
            [
              -63.113364285764185,
              -34.817294118973564
            ],
            [
              -63.113473172569556,
              -34.815947242269594
            ],
            [
              -63.11412649340178,
              -34.815408491588
            ],
            [
              -63.11434426701251,
              -34.81477994912615
            ],
            [
              -63.11434426701251,
              -34.81307390530111
            ],
            [
              -63.11325539895881,
              -34.8118168203774
            ],
            [
              -63.10868215313327,
              -34.8118168203774
            ]
          ]
        ]
      }
    },
    {
      "type": "Feature",
      "properties": {
        "id": "TAYPE",
        "localidad": "BANDERALO",
        "cultivo": "Trigo",
        "area_ha": 65.2,
        "error_pct": 45.7,
        "sam_score": 0.919
      },
      "geometry": {
        "type": "Polygon",
        "coordinates": [
          [
            [
              -63.30444053087925,
              -34.92492348211333
            ],
            [
              -63.30433170796473,
              -34.92823915986312
            ],
            [
              -63.3047669996228,
              -34.928866450248215
            ],
            [
              -63.30835815580186,
              -34.92958335354547
            ],
            [
              -63.30901109328896,
              -34.930031418106246
            ],
            [
              -63.31521399941643,
              -34.930389869754876
            ],
            [
              -63.31586693690353,
              -34.9301210310184
            ],
            [
              -63.316193405647084,
              -34.926894966180775
            ],
            [
              -63.31597575981805,
              -34.92492348211333
            ],
            [
              -63.31543164524546,
              -34.92429619172824
            ],
            [
              -63.31423459318577,
              -34.92474425628902
            ],
            [
              -63.31227578072447,
              -34.92617806288352
            ],
            [
              -63.31205813489544,
              -34.92608844997137
            ],
            [
              -63.31205813489544,
              -34.924206578816076
            ],
            [
              -63.3111875515793,
              -34.9237585142553
            ],
            [
              -63.30944638494703,
              -34.92393774007961
            ],
            [
              -63.30911991620348,
              -34.923579288430986
            ],
            [
              -63.30835815580186,
              -34.923579288430986
            ],
            [
              -63.307161103742175,
              -34.92393774007961
            ],
            [
              -63.3054199371099,
              -34.924027352991764
            ],
            [
              -63.30444053087925,
              -34.92492348211333
            ]
          ]
        ]
      }
    },
    {
      "type": "Feature",
      "properties": {
        "id": "TAYPE",
        "localidad": "PIEDRITAS",
        "cultivo": "Trigo",
        "area_ha": 75.52,
        "error_pct": 31.3,
        "sam_score": 0.93
      },
      "geometry": {
        "type": "Polygon",
        "coordinates": [
          [
            [
              -62.9977193647148,
              -34.821776907432685
            ],
            [
              -62.99717375608061,
              -34.82159696470504
            ],
            [
              -62.99695551262694,
              -34.823216449253856
            ],
            [
              -62.996737269173266,
              -34.82195685016033
            ],
            [
              -62.99630078226592,
              -34.82195685016033
            ],
            [
              -62.99619166053908,
              -34.823036506526215
            ],
            [
              -62.99597341708541,
              -34.82195685016033
            ],
            [
              -62.99488219981704,
              -34.820697251066804
            ],
            [
              -62.98473387922122,
              -34.82060727970298
            ],
            [
              -62.98418827058703,
              -34.82636544698767
            ],
            [
              -62.9852794878554,
              -34.82672533244297
            ],
            [
              -62.9885531396605,
              -34.82672533244297
            ],
            [
              -62.98931699174837,
              -34.826005561532384
            ],
            [
              -62.98986260038255,
              -34.82681530380679
            ],
            [
              -62.99553693017806,
              -34.82681530380679
            ],
            [
              -62.99619166053908,
              -34.82348636334533
            ],
            [
              -62.99651902571959,
              -34.82663536107914
            ],
            [
              -62.99695551262694,
              -34.823396391981504
            ],
            [
              -62.99739199953429,
              -34.82663536107914
            ],
            [
              -62.997828486441634,
              -34.82573564744091
            ],
            [
              -62.9977193647148,
              -34.821776907432685
            ]
          ]
        ]
      }
    },
    {
      "type": "Feature",
      "properties": {
        "id": "TAYPE",
        "localidad": "Marcos Ju\u00e1rez",
        "cultivo": "Soja",
        "area_ha": 42.06,
        "error_pct": 19.1,
        "sam_score": 0.942
      },
      "geometry": {
        "type": "Polygon",
        "coordinates": [
          [
            [
              -62.146679412196505,
              -32.746358717270134
            ],
            [
              -62.146362429653756,
              -32.746358717270134
            ],
            [
              -62.14593978626342,
              -32.74591243074147
            ],
            [
              -62.14562280372067,
              -32.7462694599644
            ],
            [
              -62.145094499482745,
              -32.7460016880472
            ],
            [
              -62.144777516939996,
              -32.7462694599644
            ],
            [
              -62.14181901320765,
              -32.746358717270134
            ],
            [
              -62.14097372642698,
              -32.746894261104536
            ],
            [
              -62.14065674388423,
              -32.74814386338481
            ],
            [
              -62.14065674388423,
              -32.75019678141668
            ],
            [
              -62.14033976134148,
              -32.75010752411095
            ],
            [
              -62.14044542218906,
              -32.74957198027655
            ],
            [
              -62.14012843964631,
              -32.74939346566509
            ],
            [
              -62.13981145710356,
              -32.75028603872242
            ],
            [
              -62.13981145710356,
              -32.75126786908549
            ],
            [
              -62.14023410049389,
              -32.75153564100269
            ],
            [
              -62.13991711795114,
              -32.75189267022563
            ],
            [
              -62.14033976134148,
              -32.752606728671495
            ],
            [
              -62.14763035982476,
              -32.75135712639123
            ],
            [
              -62.1480530032151,
              -32.75100009716829
            ],
            [
              -62.14710205558684,
              -32.746894261104536
            ],
            [
              -62.146679412196505,
              -32.746358717270134
            ]
          ]
        ]
      }
    },
    {
      "type": "Feature",
      "properties": {
        "id": "TAYPE",
        "localidad": "LEONES",
        "cultivo": "Trigo",
        "area_ha": 17.71,
        "error_pct": 70.5,
        "sam_score": 0.929
      },
      "geometry": {
        "type": "Polygon",
        "coordinates": [
          [
            [
              -62.29400748074172,
              -32.80264351042771
            ],
            [
              -62.29347779203815,
              -32.80309068420589
            ],
            [
              -62.29061747303889,
              -32.80684694394262
            ],
            [
              -62.29029965981675,
              -32.80756242198771
            ],
            [
              -62.290723410779606,
              -32.80783072625462
            ],
            [
              -62.29114716174246,
              -32.80738355247644
            ],
            [
              -62.2914649749646,
              -32.80756242198771
            ],
            [
              -62.2914649749646,
              -32.80792016101026
            ],
            [
              -62.291676850446024,
              -32.808099030521525
            ],
            [
              -62.2923124768903,
              -32.80800959576589
            ],
            [
              -62.292842165593875,
              -32.8082779000328
            ],
            [
              -62.293901543001006,
              -32.80818846527716
            ],
            [
              -62.29432529396386,
              -32.808367334788436
            ],
            [
              -62.29496092040814,
              -32.80818846527716
            ],
            [
              -62.29496092040814,
              -32.808635639055346
            ],
            [
              -62.29538467137099,
              -32.80890394332226
            ],
            [
              -62.295596546852416,
              -32.80872507381098
            ],
            [
              -62.2954906091117,
              -32.80765185674335
            ],
            [
              -62.29432529396386,
              -32.80309068420589
            ],
            [
              -62.29400748074172,
              -32.80264351042771
            ]
          ]
        ]
      }
    },
    {
      "type": "Feature",
      "properties": {
        "id": "TAYPE",
        "localidad": "ARMSTRONG",
        "cultivo": "Trigo",
        "area_ha": 18.79,
        "error_pct": 4.4,
        "sam_score": 0.903
      },
      "geometry": {
        "type": "Polygon",
        "coordinates": [
          [
            [
              -61.61527456347642,
              -32.6294231571463
            ],
            [
              -61.61527456347642,
              -32.629867679696694
            ],
            [
              -61.61506477406092,
              -32.630134393226925
            ],
            [
              -61.615169668768665,
              -32.630223297737004
            ],
            [
              -61.61506477406092,
              -32.63084562930756
            ],
            [
              -61.61527456347642,
              -32.63209029244866
            ],
            [
              -61.61590393172292,
              -32.632712624019206
            ],
            [
              -61.616428405261665,
              -32.632890433039364
            ],
            [
              -61.617267562923665,
              -32.632890433039364
            ],
            [
              -61.617687141754665,
              -32.63306824205952
            ],
            [
              -61.617896931170165,
              -32.632890433039364
            ],
            [
              -61.618526299416665,
              -32.63297933754944
            ],
            [
              -61.61926056237091,
              -32.632801528529285
            ],
            [
              -61.619365457078665,
              -32.632890433039364
            ],
            [
              -61.61988993061741,
              -32.63262371950913
            ],
            [
              -61.619994825325165,
              -32.63164576989826
            ],
            [
              -61.620204614740665,
              -32.631467960878105
            ],
            [
              -61.619994825325165,
              -32.63129015185795
            ],
            [
              -61.620204614740665,
              -32.63075672479748
            ],
            [
              -61.619994825325165,
              -32.63057891577732
            ],
            [
              -61.62009972003291,
              -32.63004548871685
            ],
            [
              -61.619994825325165,
              -32.6294231571463
            ],
            [
              -61.619785035909665,
              -32.62924534812614
            ],
            [
              -61.617267562923665,
              -32.62888973008583
            ],
            [
              -61.61716266821592,
              -32.62897863459591
            ],
            [
              -61.61632351055392,
              -32.62897863459591
            ],
            [
              -61.61548435289192,
              -32.62924534812614
            ],
            [
              -61.61527456347642,
              -32.6294231571463
            ]
          ]
        ]
      }
    },
    {
      "type": "Feature",
      "properties": {
        "id": "TAYPE",
        "localidad": "IDIAZABAL",
        "cultivo": "Trigo",
        "area_ha": 31.64,
        "error_pct": 47.3,
        "sam_score": 0.965
      },
      "geometry": {
        "type": "Polygon",
        "coordinates": [
          [
            [
              -63.071278462236,
              -32.86938636342124
            ],
            [
              -63.066479046407494,
              -32.870196105698675
            ],
            [
              -63.065092548501475,
              -32.870825905247784
            ],
            [
              -63.06551916324179,
              -32.87136573343274
            ],
            [
              -63.065305855871635,
              -32.87163564752522
            ],
            [
              -63.065305855871635,
              -32.87235541843849
            ],
            [
              -63.066372392722414,
              -32.87415484572168
            ],
            [
              -63.067758890628426,
              -32.87424481708583
            ],
            [
              -63.0683988127389,
              -32.87469467390663
            ],
            [
              -63.06999861801506,
              -32.87451473117831
            ],
            [
              -63.07074519381061,
              -32.87469467390663
            ],
            [
              -63.07255830645694,
              -32.87469467390663
            ],
            [
              -63.07277161382709,
              -32.87451473117831
            ],
            [
              -63.07245165277186,
              -32.87271530389513
            ],
            [
              -63.071598423291235,
              -32.87064596251947
            ],
            [
              -63.071491769606155,
              -32.86956630614956
            ],
            [
              -63.071278462236,
              -32.86938636342124
            ]
          ]
        ]
      }
    },
    {
      "type": "Feature",
      "properties": {
        "id": "TAYPE",
        "localidad": "MONTE BUEY",
        "cultivo": "Trigo",
        "area_ha": 122.82,
        "error_pct": 49.9,
        "sam_score": 0.971
      },
      "geometry": {
        "type": "Polygon",
        "coordinates": [
          [
            [
              -62.47177283038742,
              -32.74572356856252
            ],
            [
              -62.471349347851245,
              -32.74554469905123
            ],
            [
              -62.469443676438445,
              -32.74599187282946
            ],
            [
              -62.468702582000134,
              -32.744829221006064
            ],
            [
              -62.461503378885105,
              -32.74590243807381
            ],
            [
              -62.46118576698297,
              -32.74634961185204
            ],
            [
              -62.46182099078724,
              -32.749390393544
            ],
            [
              -62.45928009557017,
              -32.749658697810936
            ],
            [
              -62.457903777327594,
              -32.75019530634481
            ],
            [
              -62.45906835430208,
              -32.75556139168356
            ],
            [
              -62.46012706064253,
              -32.75565082643921
            ],
            [
              -62.473255019264045,
              -32.753236088036765
            ],
            [
              -62.47357263116618,
              -32.752699479502894
            ],
            [
              -62.47177283038742,
              -32.74572356856252
            ]
          ]
        ]
      }
    },
    {
      "type": "Feature",
      "properties": {
        "id": "TAYPE",
        "localidad": "LA LAGUNA",
        "cultivo": "Ma\u00edz",
        "area_ha": 25.79,
        "error_pct": 48.4,
        "sam_score": 0.904
      },
      "geometry": {
        "type": "MultiPolygon",
        "coordinates": [
          [
            [
              [
                -63.207666961322666,
                -32.827382829638694
              ],
              [
                -63.20681584732892,
                -32.82720288691036
              ],
              [
                -63.20266666660938,
                -32.82792265782369
              ],
              [
                -63.2022411096125,
                -32.82828254328035
              ],
              [
                -63.20298583435704,
                -32.829452171014516
              ],
              [
                -63.20341139135391,
                -32.83134156966201
              ],
              [
                -63.204156116098446,
                -32.83260116876034
              ],
              [
                -63.20468806234454,
                -32.832241283303674
              ],
              [
                -63.20553917633829,
                -32.832241283303674
              ],
              [
                -63.20798612907032,
                -32.83161148375451
              ],
              [
                -63.20830529681798,
                -32.83116162693368
              ],
              [
                -63.20798612907032,
                -32.83089171284118
              ],
              [
                -63.20809251831954,
                -32.829632113742846
              ],
              [
                -63.20756057207345,
                -32.82828254328035
              ],
              [
                -63.207666961322666,
                -32.827382829638694
              ]
            ]
          ],
          [
            [
              [
                -63.2022411096125,
                -32.82828254328036
              ],
              [
                -63.20213472036328,
                -32.82837251464452
              ],
              [
                -63.201921941864846,
                -32.82819257191619
              ],
              [
                -63.20085804937266,
                -32.82828254328035
              ],
              [
                -63.200538881625,
                -32.82855245737285
              ],
              [
                -63.200538881625,
                -32.82900231419369
              ],
              [
                -63.2010708278711,
                -32.830171941927844
              ],
              [
                -63.20096443862188,
                -32.83044185602034
              ],
              [
                -63.20117721712032,
                -32.83062179874868
              ],
              [
                -63.201389995618754,
                -32.83044185602034
              ],
              [
                -63.20117721712032,
                -32.830171941927844
              ],
              [
                -63.20149638486797,
                -32.829722085107015
              ],
              [
                -63.20181555261563,
                -32.83008197056368
              ],
              [
                -63.202028331114064,
                -32.829902027835345
              ],
              [
                -63.20181555261563,
                -32.829452171014516
              ],
              [
                -63.2022411096125,
                -32.82828254328036
              ]
            ]
          ]
        ]
      }
    },
    {
      "type": "Feature",
      "properties": {
        "id": "TAYPE",
        "localidad": "Marcos Ju\u00e1rez",
        "cultivo": "Trigo",
        "area_ha": 10.85,
        "error_pct": 66.1,
        "sam_score": 0.953
      },
      "geometry": {
        "type": "Polygon",
        "coordinates": [
          [
            [
              -61.962113458238726,
              -32.74597237799638
            ],
            [
              -61.961902561396364,
              -32.74579386338491
            ],
            [
              -61.96158621613282,
              -32.74579386338491
            ],
            [
              -61.96148076771164,
              -32.74588312069064
            ],
            [
              -61.961058974026926,
              -32.74588312069064
            ],
            [
              -61.960742628763384,
              -32.74606163530211
            ],
            [
              -61.96032083507866,
              -32.74606163530211
            ],
            [
              -61.9601099382363,
              -32.74624014991358
            ],
            [
              -61.959582696130404,
              -32.74624014991358
            ],
            [
              -61.95937179928804,
              -32.746329407219314
            ],
            [
              -61.95926635086686,
              -32.74624014991358
            ],
            [
              -61.95895000560332,
              -32.74624014991358
            ],
            [
              -61.95810641823388,
              -32.746597179136515
            ],
            [
              -61.95779007297034,
              -32.746864951053716
            ],
            [
              -61.95779007297034,
              -32.747221980276656
            ],
            [
              -61.95789552139152,
              -32.74731123758239
            ],
            [
              -61.95789552139152,
              -32.74775752411106
            ],
            [
              -61.95810641823388,
              -32.748114553334
            ],
            [
              -61.95810641823388,
              -32.74856083986267
            ],
            [
              -61.95831731507624,
              -32.74873935447413
            ],
            [
              -61.95884455718214,
              -32.74873935447413
            ],
            [
              -61.959582696130404,
              -32.74856083986267
            ],
            [
              -61.960848077184565,
              -32.74847158255693
            ],
            [
              -61.96232435508109,
              -32.748114553334
            ],
            [
              -61.96253525192345,
              -32.74793603872253
            ],
            [
              -61.96253525192345,
              -32.74748975219386
            ],
            [
              -61.96242980350227,
              -32.747400494888126
            ],
            [
              -61.96242980350227,
              -32.747043465665186
            ],
            [
              -61.96232435508109,
              -32.746954208359455
            ],
            [
              -61.96232435508109,
              -32.746597179136515
            ],
            [
              -61.962113458238726,
              -32.74597237799638
            ]
          ]
        ]
      }
    },
    {
      "type": "Feature",
      "properties": {
        "id": "TAYPE",
        "localidad": "Marcos Ju\u00e1rez",
        "cultivo": "Trigo",
        "area_ha": 40.8,
        "error_pct": 61.1,
        "sam_score": 0.916
      },
      "geometry": {
        "type": "Polygon",
        "coordinates": [
          [
            [
              -62.0266629775059,
              -32.7333574552559
            ],
            [
              -62.02645210894567,
              -32.7331792941387
            ],
            [
              -62.016541286614746,
              -32.73496090531062
            ],
            [
              -62.016330418054515,
              -32.7354953886622
            ],
            [
              -62.01727932657556,
              -32.738702288771655
            ],
            [
              -62.01759562941591,
              -32.73896953044745
            ],
            [
              -62.01738476085568,
              -32.739236772123235
            ],
            [
              -62.017806497976146,
              -32.73968217491621
            ],
            [
              -62.01759562941591,
              -32.739949416592005
            ],
            [
              -62.01812280081649,
              -32.74021665826779
            ],
            [
              -62.01864997221707,
              -32.73986033603341
            ],
            [
              -62.01843910365684,
              -32.73968217491621
            ],
            [
              -62.019177143617654,
              -32.73914769156464
            ],
            [
              -62.01896627505742,
              -32.73861320821306
            ],
            [
              -62.019388012177885,
              -32.738345966537274
            ],
            [
              -62.020020617858584,
              -32.738880449888846
            ],
            [
              -62.02096952637963,
              -32.738702288771655
            ],
            [
              -62.02139126350009,
              -32.73807872486149
            ],
            [
              -62.02181300062056,
              -32.73807872486149
            ],
            [
              -62.022445606301254,
              -32.737633322068504
            ],
            [
              -62.02255104058137,
              -32.73700975815833
            ],
            [
              -62.02487059474392,
              -32.73665343592395
            ],
            [
              -62.02508146330416,
              -32.73709883871693
            ],
            [
              -62.02539776614451,
              -32.73656435536535
            ],
            [
              -62.0266629775059,
              -32.736118952572376
            ],
            [
              -62.02708471462637,
              -32.73576263033799
            ],
            [
              -62.0266629775059,
              -32.7333574552559
            ]
          ]
        ]
      }
    },
    {
      "type": "Feature",
      "properties": {
        "id": "TAYPE",
        "localidad": "Marcos Ju\u00e1rez",
        "cultivo": "Trigo",
        "area_ha": 50.73,
        "error_pct": 43.6,
        "sam_score": 0.95
      },
      "geometry": {
        "type": "Polygon",
        "coordinates": [
          [
            [
              -62.112320287311185,
              -32.72765942480172
            ],
            [
              -62.11041882349466,
              -32.72757016749598
            ],
            [
              -62.102390420713796,
              -32.729176798999255
            ],
            [
              -62.10217914695641,
              -32.72944457091646
            ],
            [
              -62.103235515743364,
              -32.73337189236889
            ],
            [
              -62.10344678950075,
              -32.73355040698037
            ],
            [
              -62.10503134268119,
              -32.733282635063155
            ],
            [
              -62.10608771146814,
              -32.734085950814794
            ],
            [
              -62.107566627769884,
              -32.73381817889758
            ],
            [
              -62.107989175284665,
              -32.73346114967463
            ],
            [
              -62.10788353840597,
              -32.73283634853447
            ],
            [
              -62.10872863343553,
              -32.73256857661726
            ],
            [
              -62.10936245470771,
              -32.73363966428611
            ],
            [
              -62.10830608592075,
              -32.73381817889758
            ],
            [
              -62.10809481216336,
              -32.734085950814794
            ],
            [
              -62.108411722799445,
              -32.734264465426264
            ],
            [
              -62.10978500222249,
              -32.734085950814794
            ],
            [
              -62.10999627597988,
              -32.73390743620332
            ],
            [
              -62.109679365343794,
              -32.732390062005784
            ],
            [
              -62.11158082916032,
              -32.7319437754771
            ],
            [
              -62.112320287311185,
              -32.73131897433694
            ],
            [
              -62.1120033766751,
              -32.730247886668096
            ],
            [
              -62.11284847170466,
              -32.72989085744515
            ],
            [
              -62.11284847170466,
              -32.729176798999255
            ],
            [
              -62.112320287311185,
              -32.72765942480172
            ]
          ]
        ]
      }
    },
    {
      "type": "Feature",
      "properties": {
        "id": "TAYPE",
        "localidad": "ORDO\u00d1EZ",
        "cultivo": "Trigo",
        "area_ha": 30.7,
        "error_pct": 2.3,
        "sam_score": 0.999
      },
      "geometry": {
        "type": "Polygon",
        "coordinates": [
          [
            [
              -62.8039963193693,
              -32.863035569317255
            ],
            [
              -62.79835538650546,
              -32.864023278903844
            ],
            [
              -62.79729105955003,
              -32.86447223780684
            ],
            [
              -62.79814252111438,
              -32.8678843254696
            ],
            [
              -62.79846181920101,
              -32.868333284372596
            ],
            [
              -62.80410275206484,
              -32.86734557478601
            ],
            [
              -62.80506064632473,
              -32.86698640766361
            ],
            [
              -62.80420918476038,
              -32.86321515287845
            ],
            [
              -62.8039963193693,
              -32.863035569317255
            ]
          ]
        ]
      }
    },
    {
      "type": "Feature",
      "properties": {
        "id": "TAYPE",
        "localidad": "PIEDRITAS",
        "cultivo": "Trigo",
        "area_ha": 28.66,
        "error_pct": 54.5,
        "sam_score": 0.974
      },
      "geometry": {
        "type": "Polygon",
        "coordinates": [
          [
            [
              -62.92772202116276,
              -34.736359095322804
            ],
            [
              -62.92750401307941,
              -34.73617915259513
            ],
            [
              -62.91954671803713,
              -34.735999209867444
            ],
            [
              -62.91900169782876,
              -34.73644906668664
            ],
            [
              -62.918892693787086,
              -34.73977800714868
            ],
            [
              -62.91911070187044,
              -34.739957949876356
            ],
            [
              -62.92565094437093,
              -34.73977800714868
            ],
            [
              -62.925977956495956,
              -34.73950809305717
            ],
            [
              -62.92619596457931,
              -34.73707886623351
            ],
            [
              -62.92739500903773,
              -34.736898923505834
            ],
            [
              -62.92772202116276,
              -34.736629009414315
            ],
            [
              -62.92772202116276,
              -34.736359095322804
            ]
          ]
        ]
      }
    },
    {
      "type": "Feature",
      "properties": {
        "id": "TAYPE",
        "localidad": "PIEDRITAS",
        "cultivo": "Trigo",
        "area_ha": 37.41,
        "error_pct": 76.2,
        "sam_score": 0.957
      },
      "geometry": {
        "type": "Polygon",
        "coordinates": [
          [
            [
              -62.89177603153526,
              -34.71471109985457
            ],
            [
              -62.891014670706184,
              -34.714981013946094
            ],
            [
              -62.89014454404439,
              -34.71570078485683
            ],
            [
              -62.889927012378934,
              -34.71642055576756
            ],
            [
              -62.88883935405169,
              -34.71660049849524
            ],
            [
              -62.888404290720786,
              -34.71696038395061
            ],
            [
              -62.888404290720786,
              -34.71750021213366
            ],
            [
              -62.88916565154986,
              -34.71821998304439
            ],
            [
              -62.88894811988441,
              -34.71902972531897
            ],
            [
              -62.888077993222616,
              -34.71875981122744
            ],
            [
              -62.88633773989902,
              -34.71875981122744
            ],
            [
              -62.886120208233564,
              -34.71893975395513
            ],
            [
              -62.886120208233564,
              -34.720199353048905
            ],
            [
              -62.88688156906264,
              -34.721189038051165
            ],
            [
              -62.88688156906264,
              -34.72199878032574
            ],
            [
              -62.88851305655351,
              -34.72370823623873
            ],
            [
              -62.88981824654621,
              -34.72370823623873
            ],
            [
              -62.89014454404439,
              -34.72334835078336
            ],
            [
              -62.89025330987711,
              -34.72244863714495
            ],
            [
              -62.89123220237163,
              -34.72280852260032
            ],
            [
              -62.89199356320071,
              -34.72280852260032
            ],
            [
              -62.89231986069888,
              -34.72253860850879
            ],
            [
              -62.89253739236433,
              -34.71525092803762
            ],
            [
              -62.89177603153526,
              -34.71471109985457
            ]
          ]
        ]
      }
    },
    {
      "type": "Feature",
      "properties": {
        "id": "TAYPE",
        "localidad": "GENERAL VILLEGAS",
        "cultivo": "Soja",
        "area_ha": 48.27,
        "error_pct": 52.7,
        "sam_score": 0.926
      },
      "geometry": {
        "type": "Polygon",
        "coordinates": [
          [
            [
              -63.11016687003238,
              -35.08495374590706
            ],
            [
              -63.10994836107267,
              -35.085223659998384
            ],
            [
              -63.11038537899209,
              -35.085673516817266
            ],
            [
              -63.11005761555252,
              -35.08639328772748
            ],
            [
              -63.10809103491511,
              -35.087742858184136
            ],
            [
              -63.1078725259554,
              -35.08819271500302
            ],
            [
              -63.10754476251583,
              -35.0874729440928
            ],
            [
              -63.108200289394965,
              -35.08693311591014
            ],
            [
              -63.10798178043525,
              -35.086663201818816
            ],
            [
              -63.10732625355612,
              -35.08675317318259
            ],
            [
              -63.10634296323741,
              -35.087832829547914
            ],
            [
              -63.107216999076265,
              -35.08846262909435
            ],
            [
              -63.10754476251583,
              -35.08918240000456
            ],
            [
              -63.10918357971367,
              -35.08954228545967
            ],
            [
              -63.10983910659281,
              -35.09071191318877
            ],
            [
              -63.11475555818634,
              -35.09458068183117
            ],
            [
              -63.115411085065475,
              -35.09440073910361
            ],
            [
              -63.11530183058562,
              -35.094130825012286
            ],
            [
              -63.11595735746476,
              -35.09440073910361
            ],
            [
              -63.11704990226332,
              -35.09278125455563
            ],
            [
              -63.11726841122303,
              -35.09116177000765
            ],
            [
              -63.11704990226332,
              -35.090531970461214
            ],
            [
              -63.11344450442807,
              -35.087203030001476
            ],
            [
              -63.11104090587123,
              -35.08540360272594
            ],
            [
              -63.110603887951804,
              -35.08549357408972
            ],
            [
              -63.110603887951804,
              -35.085133688634606
            ],
            [
              -63.11016687003238,
              -35.08495374590706
            ]
          ]
        ]
      }
    },
    {
      "type": "Feature",
      "properties": {
        "id": "TAYPE",
        "localidad": "EL TRIUNFO",
        "cultivo": "Soja 2da",
        "area_ha": 16.82,
        "error_pct": 32.7,
        "sam_score": 0.943
      },
      "geometry": {
        "type": "Polygon",
        "coordinates": [
          [
            [
              -61.39276728356367,
              -35.19068181376367
            ],
            [
              -61.390721538366655,
              -35.190770368255556
            ],
            [
              -61.39039852596713,
              -35.19103603173122
            ],
            [
              -61.39050619676697,
              -35.191124586223104
            ],
            [
              -61.39018318436744,
              -35.19147880419066
            ],
            [
              -61.389644830368226,
              -35.192718567077094
            ],
            [
              -61.389644830368226,
              -35.19316133953654
            ],
            [
              -61.38921414716885,
              -35.193427003012204
            ],
            [
              -61.38921414716885,
              -35.19484387488241
            ],
            [
              -61.38942948876854,
              -35.19528664734185
            ],
            [
              -61.38975250116807,
              -35.19555231081752
            ],
            [
              -61.389644830368226,
              -35.195729419801296
            ],
            [
              -61.38986017196791,
              -35.195906528785066
            ],
            [
              -61.39018318436744,
              -35.195906528785066
            ],
            [
              -61.3915829047654,
              -35.19475532039052
            ],
            [
              -61.39190591716493,
              -35.19475532039052
            ],
            [
              -61.3923366003643,
              -35.19448965691486
            ],
            [
              -61.393520979162574,
              -35.194223993439195
            ],
            [
              -61.39405933316179,
              -35.19369266648786
            ],
            [
              -61.39395166236195,
              -35.19280712156898
            ],
            [
              -61.393628649962416,
              -35.19245290360143
            ],
            [
              -61.393520979162574,
              -35.191744467666325
            ],
            [
              -61.39298262516336,
              -35.19139024969877
            ],
            [
              -61.39298262516336,
              -35.190858922747445
            ],
            [
              -61.39276728356367,
              -35.19068181376367
            ]
          ]
        ]
      }
    },
    {
      "type": "Feature",
      "properties": {
        "id": "TAYPE",
        "localidad": "HIPOLITO BOUCHARD",
        "cultivo": "Soja",
        "area_ha": 25.14,
        "error_pct": 64.1,
        "sam_score": 0.903
      },
      "geometry": {
        "type": "Polygon",
        "coordinates": [
          [
            [
              -63.45480265635235,
              -34.67327490190819
            ],
            [
              -63.45458568525057,
              -34.67309567608378
            ],
            [
              -63.45339234419082,
              -34.67309567608378
            ],
            [
              -63.452090517580174,
              -34.67282683734718
            ],
            [
              -63.448835951053574,
              -34.67282683734718
            ],
            [
              -63.448618979951796,
              -34.673006063171584
            ],
            [
              -63.448618979951796,
              -34.67659057965963
            ],
            [
              -63.448835951053574,
              -34.676769805484035
            ],
            [
              -63.45068020541865,
              -34.676769805484035
            ],
            [
              -63.45122263317308,
              -34.67712825713284
            ],
            [
              -63.451765060927514,
              -34.67685941839623
            ],
            [
              -63.45230748868195,
              -34.67703864422064
            ],
            [
              -63.452524459783724,
              -34.67685941839623
            ],
            [
              -63.45447719969969,
              -34.67685941839623
            ],
            [
              -63.45491114190323,
              -34.67623212801083
            ],
            [
              -63.45501962745412,
              -34.673902192293596
            ],
            [
              -63.45480265635235,
              -34.67363335355699
            ],
            [
              -63.45480265635235,
              -34.67327490190819
            ]
          ]
        ]
      }
    },
    {
      "type": "Feature",
      "properties": {
        "id": "TAYPE",
        "localidad": "AMEGHINO",
        "cultivo": "Maiz 2da",
        "area_ha": 28.55,
        "error_pct": 53.2,
        "sam_score": 0.974
      },
      "geometry": {
        "type": "Polygon",
        "coordinates": [
          [
            [
              -62.12527257328911,
              -34.787539044581735
            ],
            [
              -62.12256742263437,
              -34.79003824913256
            ],
            [
              -62.12256742263437,
              -34.790930822186425
            ],
            [
              -62.12354127687008,
              -34.791912652545676
            ],
            [
              -62.124082307001025,
              -34.79209116715645
            ],
            [
              -62.125488985341484,
              -34.793251512126474
            ],
            [
              -62.12711207573433,
              -34.79423334248573
            ],
            [
              -62.13025005049383,
              -34.7917341379349
            ],
            [
              -62.13025005049383,
              -34.791377108713355
            ],
            [
              -62.125488985341484,
              -34.787539044581735
            ],
            [
              -62.12527257328911,
              -34.787539044581735
            ]
          ]
        ]
      }
    },
    {
      "type": "Feature",
      "properties": {
        "id": "TAYPE",
        "localidad": "PORVENIR",
        "cultivo": "Soja",
        "area_ha": 171.63,
        "error_pct": 46.4,
        "sam_score": 0.956
      },
      "geometry": {
        "type": "Polygon",
        "coordinates": [
          [
            [
              -62.2215186595437,
              -35.01296733730996
            ],
            [
              -62.2201080006999,
              -35.01278882269927
            ],
            [
              -62.218697341856114,
              -35.01332436653134
            ],
            [
              -62.218046268543596,
              -35.01296733730996
            ],
            [
              -62.21663560969981,
              -35.013235109225995
            ],
            [
              -62.21522495085602,
              -35.012610308088576
            ],
            [
              -62.211644047637165,
              -35.012610308088576
            ],
            [
              -62.20708653444954,
              -35.0167161441345
            ],
            [
              -62.207737607762056,
              -35.01707317335588
            ],
            [
              -62.20784611998081,
              -35.0221608397606
            ],
            [
              -62.20860570551208,
              -35.02314267011941
            ],
            [
              -62.20795463219956,
              -35.023499699340796
            ],
            [
              -62.2129461942622,
              -35.027427020776024
            ],
            [
              -62.22575063607506,
              -35.0167161441345
            ],
            [
              -62.22542509941881,
              -35.016002085691724
            ],
            [
              -62.2215186595437,
              -35.01296733730996
            ]
          ]
        ]
      }
    },
    {
      "type": "Feature",
      "properties": {
        "id": "TAYPE",
        "localidad": "GENERAL VILLEGAS",
        "cultivo": "Soja",
        "area_ha": 157.55,
        "error_pct": 31.5,
        "sam_score": 0.95
      },
      "geometry": {
        "type": "Polygon",
        "coordinates": [
          [
            [
              -62.947396265641444,
              -35.05261802423663
            ],
            [
              -62.945207584929996,
              -35.05315785241932
            ],
            [
              -62.939626449115806,
              -35.05783636333598
            ],
            [
              -62.94050192140038,
              -35.06017561879431
            ],
            [
              -62.93984531718695,
              -35.06332461652668
            ],
            [
              -62.94126795964939,
              -35.064134358800715
            ],
            [
              -62.93929814700908,
              -35.065753843348794
            ],
            [
              -62.941158525613815,
              -35.06728335653309
            ],
            [
              -62.94148682772053,
              -35.06674352835039
            ],
            [
              -62.94706796353473,
              -35.066923471077956
            ],
            [
              -62.94783400178373,
              -35.066653556986616
            ],
            [
              -62.954728346024794,
              -35.06116530379591
            ],
            [
              -62.95593212041609,
              -35.0597257619754
            ],
            [
              -62.95319626952678,
              -35.05693664969816
            ],
            [
              -62.94892834213945,
              -35.053427766510666
            ],
            [
              -62.947396265641444,
              -35.05261802423663
            ]
          ]
        ]
      }
    },
    {
      "type": "Feature",
      "properties": {
        "id": "TAYPE",
        "localidad": "DRABBLE",
        "cultivo": "Trigo",
        "area_ha": 99.11,
        "error_pct": 6.5,
        "sam_score": 0.897
      },
      "geometry": {
        "type": "Polygon",
        "coordinates": [
          [
            [
              -62.833350013476036,
              -34.89329556560335
            ],
            [
              -62.83280501497631,
              -34.894283275186105
            ],
            [
              -62.83313201407614,
              -34.8957199436701
            ],
            [
              -62.83269601527636,
              -34.89724640393435
            ],
            [
              -62.83280501497631,
              -34.899580990220855
            ],
            [
              -62.832042017076695,
              -34.900389116243105
            ],
            [
              -62.832042017076695,
              -34.90110745048511
            ],
            [
              -62.83258701557642,
              -34.90155640938635
            ],
            [
              -62.832478015876475,
              -34.902544118969104
            ],
            [
              -62.833459013175975,
              -34.9030828696506
            ],
            [
              -62.84283298737124,
              -34.903531828551856
            ],
            [
              -62.84315998647107,
              -34.903262453211106
            ],
            [
              -62.84315998647107,
              -34.90110745048511
            ],
            [
              -62.84403198407063,
              -34.900389116243105
            ],
            [
              -62.84403198407063,
              -34.898234113517105
            ],
            [
              -62.843377985870966,
              -34.8975157792751
            ],
            [
              -62.84326898617102,
              -34.89652806969235
            ],
            [
              -62.8415249909719,
              -34.89598931901085
            ],
            [
              -62.8415249909719,
              -34.89473223408736
            ],
            [
              -62.83858199907339,
              -34.89392410806511
            ],
            [
              -62.833350013476036,
              -34.89329556560335
            ]
          ]
        ]
      }
    },
    {
      "type": "Feature",
      "properties": {
        "id": "TAYPE",
        "localidad": "GENERAL VILLEGAS",
        "cultivo": "Trigo",
        "area_ha": 103.01,
        "error_pct": 17.6,
        "sam_score": 0.972
      },
      "geometry": {
        "type": "Polygon",
        "coordinates": [
          [
            [
              -62.80004367514061,
              -34.89228473090701
            ],
            [
              -62.79960767598694,
              -34.89354181583051
            ],
            [
              -62.79960767598694,
              -34.90207203495426
            ],
            [
              -62.80026167471744,
              -34.902431202075256
            ],
            [
              -62.81050765482855,
              -34.902700577416006
            ],
            [
              -62.8108346541938,
              -34.901892451393756
            ],
            [
              -62.81039865504013,
              -34.897133487040506
            ],
            [
              -62.810616654616965,
              -34.896325361018256
            ],
            [
              -62.8101806554633,
              -34.89542744321576
            ],
            [
              -62.809308657155974,
              -34.89488869253426
            ],
            [
              -62.80778266011815,
              -34.89452952541326
            ],
            [
              -62.80810965948339,
              -34.89390098295151
            ],
            [
              -62.8074556607529,
              -34.89300306514901
            ],
            [
              -62.80429466688883,
              -34.89309285692926
            ],
            [
              -62.80287766963942,
              -34.89273368980826
            ],
            [
              -62.80233267069734,
              -34.89228473090701
            ],
            [
              -62.80004367514061,
              -34.89228473090701
            ]
          ]
        ]
      }
    },
    {
      "type": "Feature",
      "properties": {
        "id": "TAYPE",
        "localidad": "LEONES",
        "cultivo": "Soja 1ra",
        "area_ha": 22.29,
        "error_pct": 55.4,
        "sam_score": 0.978
      },
      "geometry": {
        "type": "Polygon",
        "coordinates": [
          [
            [
              -62.38245920273544,
              -32.69220077257943
            ],
            [
              -62.38224758882641,
              -32.69237999840451
            ],
            [
              -62.383517272280585,
              -32.69748793441921
            ],
            [
              -62.38383469314413,
              -32.697667160244286
            ],
            [
              -62.385104376598306,
              -32.69730870859413
            ],
            [
              -62.38732632264311,
              -32.69703986985652
            ],
            [
              -62.38764374350666,
              -32.6967710311189
            ],
            [
              -62.38690309482505,
              -32.69354496626752
            ],
            [
              -62.386479867007,
              -32.69246961131705
            ],
            [
              -62.38626825309797,
              -32.69229038549197
            ],
            [
              -62.38595083223442,
              -32.69246961131705
            ],
            [
              -62.38531599050733,
              -32.69229038549197
            ],
            [
              -62.384257920962185,
              -32.69237999840451
            ],
            [
              -62.38245920273544,
              -32.69220077257943
            ]
          ]
        ]
      }
    },
    {
      "type": "Feature",
      "properties": {
        "id": "TAYPE",
        "localidad": "Marcos Ju\u00e1rez",
        "cultivo": "Soja 1ra",
        "area_ha": 48.22,
        "error_pct": 71.0,
        "sam_score": 0.968
      },
      "geometry": {
        "type": "Polygon",
        "coordinates": [
          [
            [
              -62.23867232696471,
              -32.67558175656657
            ],
            [
              -62.23454667979576,
              -32.67620779985617
            ],
            [
              -62.233594607372154,
              -32.67665497363446
            ],
            [
              -62.23571032386905,
              -32.68443579737668
            ],
            [
              -62.236027681343586,
              -32.68479353639931
            ],
            [
              -62.24047068598707,
              -32.684078058354054
            ],
            [
              -62.2409996151113,
              -32.68372031933142
            ],
            [
              -62.24047068598707,
              -32.68112671141735
            ],
            [
              -62.239835971038005,
              -32.67987462483814
            ],
            [
              -62.23951861356347,
              -32.67790706021367
            ],
            [
              -62.23867232696471,
              -32.67558175656657
            ]
          ]
        ]
      }
    },
    {
      "type": "Feature",
      "properties": {
        "id": "TAYPE",
        "localidad": "Marcos Ju\u00e1rez",
        "cultivo": "Ma\u00edz",
        "area_ha": 25.65,
        "error_pct": 26.7,
        "sam_score": 0.945
      },
      "geometry": {
        "type": "Polygon",
        "coordinates": [
          [
            [
              -62.14326800266417,
              -32.744230910189614
            ],
            [
              -62.13797464229515,
              -32.74512348324696
            ],
            [
              -62.137657040673005,
              -32.745391255164165
            ],
            [
              -62.1381863767099,
              -32.7460160563043
            ],
            [
              -62.1381863767099,
              -32.74690862936165
            ],
            [
              -62.137657040673005,
              -32.74753343050178
            ],
            [
              -62.138398111124665,
              -32.74780120241899
            ],
            [
              -62.13882157995419,
              -32.749407833922206
            ],
            [
              -62.13913918157633,
              -32.749764863145145
            ],
            [
              -62.140091986442755,
              -32.74967560583941
            ],
            [
              -62.14030372085752,
              -32.74949709122794
            ],
            [
              -62.140938924101796,
              -32.749586348533676
            ],
            [
              -62.14125652572394,
              -32.749318576616474
            ],
            [
              -62.14167999455346,
              -32.749318576616474
            ],
            [
              -62.14199759617561,
              -32.749050804699266
            ],
            [
              -62.142526932212505,
              -32.748961547393534
            ],
            [
              -62.143479737078934,
              -32.74824748894766
            ],
            [
              -62.143585604286315,
              -32.745391255164165
            ],
            [
              -62.143479737078934,
              -32.744409424801084
            ],
            [
              -62.14326800266417,
              -32.744230910189614
            ]
          ]
        ]
      }
    },
    {
      "type": "Feature",
      "properties": {
        "id": "TAYPE",
        "localidad": "Marcos Ju\u00e1rez",
        "cultivo": "Trigo",
        "area_ha": 28.52,
        "error_pct": 4.9,
        "sam_score": 0.902
      },
      "geometry": {
        "type": "Polygon",
        "coordinates": [
          [
            [
              -62.06587533146661,
              -32.717152395579156
            ],
            [
              -62.06229121191987,
              -32.717866454025064
            ],
            [
              -62.0620803813583,
              -32.71804496863654
            ],
            [
              -62.062185796639085,
              -32.71866976977672
            ],
            [
              -62.06197496607751,
              -32.71911605630541
            ],
            [
              -62.061764135515936,
              -32.718848284388194
            ],
            [
              -62.06186955079672,
              -32.71813422594228
            ],
            [
              -62.06165872023515,
              -32.7179557113308
            ],
            [
              -62.061237059112,
              -32.71822348324802
            ],
            [
              -62.061342474392795,
              -32.71858051247098
            ],
            [
              -62.06113164383122,
              -32.71893754169393
            ],
            [
              -62.06081539798886,
              -32.71813422594228
            ],
            [
              -62.06028832158493,
              -32.718401997859495
            ],
            [
              -62.060709982708076,
              -32.719383828222625
            ],
            [
              -62.062185796639085,
              -32.72090120242019
            ],
            [
              -62.062396627200656,
              -32.72179377547757
            ],
            [
              -62.06376702585088,
              -32.723221892369395
            ],
            [
              -62.067140314836045,
              -32.72268634853496
            ],
            [
              -62.0674565606784,
              -32.72241857661774
            ],
            [
              -62.06619157730896,
              -32.71742016749637
            ],
            [
              -62.06587533146661,
              -32.717152395579156
            ]
          ]
        ]
      }
    },
    {
      "type": "Feature",
      "properties": {
        "id": "TAYPE",
        "localidad": "JUSTINIANO POSSE",
        "cultivo": "Trigo",
        "area_ha": 13.62,
        "error_pct": 68.3,
        "sam_score": 0.947
      },
      "geometry": {
        "type": "Polygon",
        "coordinates": [
          [
            [
              -62.5677495646922,
              -32.802079998400586
            ],
            [
              -62.56679422553525,
              -32.80199038548807
            ],
            [
              -62.566688076740036,
              -32.802079998400586
            ],
            [
              -62.56626348155917,
              -32.802079998400586
            ],
            [
              -62.56594503517352,
              -32.80199038548807
            ],
            [
              -62.56552043999265,
              -32.802079998400586
            ],
            [
              -62.565201993607005,
              -32.80199038548807
            ],
            [
              -62.564989696016575,
              -32.80216961131311
            ],
            [
              -62.56456510083571,
              -32.80225922422563
            ],
            [
              -62.56435280324527,
              -32.80216961131311
            ],
            [
              -62.56414050565484,
              -32.80234883713815
            ],
            [
              -62.56414050565484,
              -32.80288651461327
            ],
            [
              -62.56467124963092,
              -32.804589159951156
            ],
            [
              -62.56477739842614,
              -32.80539567616384
            ],
            [
              -62.565095844811786,
              -32.80575412781392
            ],
            [
              -62.56679422553525,
              -32.80548528907636
            ],
            [
              -62.5677495646922,
              -32.8052164503388
            ],
            [
              -62.56828030866828,
              -32.8052164503388
            ],
            [
              -62.56859875505393,
              -32.804947611601236
            ],
            [
              -62.56806801107785,
              -32.80252806296319
            ],
            [
              -62.5677495646922,
              -32.802079998400586
            ]
          ]
        ]
      }
    },
    {
      "type": "Feature",
      "properties": {
        "id": "TAYPE",
        "localidad": "JUSTINIANO POSSE",
        "cultivo": "Trigo",
        "area_ha": 15.3,
        "error_pct": 69.4,
        "sam_score": 0.929
      },
      "geometry": {
        "type": "Polygon",
        "coordinates": [
          [
            [
              -62.72192380268536,
              -32.85018598393352
            ],
            [
              -62.72128528737954,
              -32.850545151055925
            ],
            [
              -62.72128528737954,
              -32.85081452639773
            ],
            [
              -62.72224306033827,
              -32.85440619762177
            ],
            [
              -62.722455898773546,
              -32.85458578118297
            ],
            [
              -62.72277515642646,
              -32.85458578118297
            ],
            [
              -62.725435636867395,
              -32.854047030499366
            ],
            [
              -62.72564847530267,
              -32.85386744693816
            ],
            [
              -62.72564847530267,
              -32.85332869625456
            ],
            [
              -62.72490354077921,
              -32.850545151055925
            ],
            [
              -62.7245842831263,
              -32.850275775714124
            ],
            [
              -62.72234947955591,
              -32.850275775714124
            ],
            [
              -62.722136641120635,
              -32.85036556749473
            ],
            [
              -62.72192380268536,
              -32.85018598393352
            ]
          ]
        ]
      }
    },
    {
      "type": "Feature",
      "properties": {
        "id": "TAYPE",
        "localidad": "IDIAZABAL",
        "cultivo": "Trigo",
        "area_ha": 54.37,
        "error_pct": 18.2,
        "sam_score": 0.974
      },
      "geometry": {
        "type": "Polygon",
        "coordinates": [
          [
            [
              -63.15552496697585,
              -32.869619317266185
            ],
            [
              -63.15413844091991,
              -32.86943973370499
            ],
            [
              -63.15125873295759,
              -32.86988869260798
            ],
            [
              -63.148272369144806,
              -32.87078661041396
            ],
            [
              -63.149445583499826,
              -32.87563536656623
            ],
            [
              -63.15125873295759,
              -32.87752099395878
            ],
            [
              -63.154991687723566,
              -32.8768924514946
            ],
            [
              -63.1563782137795,
              -32.876353700811016
            ],
            [
              -63.1563782137795,
              -32.87365994739308
            ],
            [
              -63.15595159037767,
              -32.872672237806505
            ],
            [
              -63.15669818133087,
              -32.870876402194554
            ],
            [
              -63.1563782137795,
              -32.87024785973037
            ],
            [
              -63.15552496697585,
              -32.869619317266185
            ]
          ]
        ]
      }
    },
    {
      "type": "Feature",
      "properties": {
        "id": "TAYPE",
        "localidad": "IDIAZABAL",
        "cultivo": "Trigo",
        "area_ha": 77.22,
        "error_pct": 10.2,
        "sam_score": 0.944
      },
      "geometry": {
        "type": "Polygon",
        "coordinates": [
          [
            [
              -63.17015647365948,
              -32.85713910722424
            ],
            [
              -63.16302571890992,
              -32.85821660859144
            ],
            [
              -63.16249357303309,
              -32.85857577571384
            ],
            [
              -63.164090010663585,
              -32.8656693263812
            ],
            [
              -63.16515430241725,
              -32.867465161993195
            ],
            [
              -63.167495744275314,
              -32.86755495377379
            ],
            [
              -63.169198611081185,
              -32.8665672441872
            ],
            [
              -63.16983718613338,
              -32.8664774524066
            ],
            [
              -63.17015647365948,
              -32.8662080770648
            ],
            [
              -63.169411469431914,
              -32.8656693263812
            ],
            [
              -63.171327194588514,
              -32.864681616794606
            ],
            [
              -63.17207219881608,
              -32.86369390720801
            ],
            [
              -63.17207219881608,
              -32.86207765515722
            ],
            [
              -63.17079504871168,
              -32.85749827434664
            ],
            [
              -63.17015647365948,
              -32.85713910722424
            ]
          ]
        ]
      }
    },
    {
      "type": "Feature",
      "properties": {
        "id": "TAYPE",
        "localidad": "GENERAL VILLEGAS",
        "cultivo": "Trigo",
        "area_ha": 86.12,
        "error_pct": 23.8,
        "sam_score": 0.962
      },
      "geometry": {
        "type": "Polygon",
        "coordinates": [
          [
            [
              -62.845009535197605,
              -34.778776907434235
            ],
            [
              -62.83662834051801,
              -34.77859696470657
            ],
            [
              -62.83543102699235,
              -34.7789568501619
            ],
            [
              -62.8351044869399,
              -34.78759410108966
            ],
            [
              -62.83543102699235,
              -34.787953986544984
            ],
            [
              -62.836192953781406,
              -34.78759410108966
            ],
            [
              -62.839349507621776,
              -34.787953986544984
            ],
            [
              -62.842506061462146,
              -34.78696430154284
            ],
            [
              -62.8443564550927,
              -34.78732418699816
            ],
            [
              -62.844791841829306,
              -34.78705427290667
            ],
            [
              -62.8439210683561,
              -34.7859746165407
            ],
            [
              -62.844900688513455,
              -34.78552475972155
            ],
            [
              -62.845009535197605,
              -34.78156601971299
            ],
            [
              -62.84457414846101,
              -34.78111616289384
            ],
            [
              -62.84511838188176,
              -34.78084624880234
            ],
            [
              -62.845009535197605,
              -34.778776907434235
            ]
          ]
        ]
      }
    },
    {
      "type": "Feature",
      "properties": {
        "id": "TAYPE",
        "localidad": "GENERAL VILLEGAS",
        "cultivo": "Soja 2da",
        "area_ha": 34.96,
        "error_pct": 48.6,
        "sam_score": 0.967
      },
      "geometry": {
        "type": "MultiPolygon",
        "coordinates": [
          [
            [
              [
                -63.05702600120003,
                -35.041218980764704
              ],
              [
                -63.057244818717585,
                -35.03977943894414
              ],
              [
                -63.05746363623514,
                -35.03977943894414
              ],
              [
                -63.05757304499392,
                -35.041578866219844
              ],
              [
                -63.05790127127026,
                -35.041938751674984
              ],
              [
                -63.05833890630538,
                -35.04166883758363
              ],
              [
                -63.058229497546606,
                -35.04265852258526
              ],
              [
                -63.058667132581725,
                -35.04319835076797
              ],
              [
                -63.06566929314363,
                -35.04238860849391
              ],
              [
                -63.06676338073142,
                -35.04094906667334
              ],
              [
                -63.06654456321386,
                -35.0405891812182
              ],
              [
                -63.065997519419966,
                -35.04067915258199
              ],
              [
                -63.065450475626065,
                -35.04022929576306
              ],
              [
                -63.057682453752705,
                -35.03833989712357
              ],
              [
                -63.05735422747637,
                -35.038789753942496
              ],
              [
                -63.05702600120003,
                -35.038159954396
              ],
              [
                -63.05658836616491,
                -35.03833989712357
              ],
              [
                -63.05615073112979,
                -35.037890040304646
              ],
              [
                -63.05483782602443,
                -35.03851983985114
              ],
              [
                -63.05527546105955,
                -35.039419553489
              ],
              [
                -63.05516605230077,
                -35.04013932439928
              ],
              [
                -63.05615073112979,
                -35.04067915258199
              ],
              [
                -63.056697774923684,
                -35.04040923849063
              ],
              [
                -63.056697774923684,
                -35.04094906667334
              ],
              [
                -63.05702600120003,
                -35.041218980764704
              ]
            ]
          ],
          [
            [
              [
                -63.05702600120003,
                -35.041218980764704
              ],
              [
                -63.056697774923684,
                -35.041578866219844
              ],
              [
                -63.05691659244125,
                -35.0418487803112
              ],
              [
                -63.057244818717585,
                -35.04166883758363
              ],
              [
                -63.05702600120003,
                -35.041218980764704
              ]
            ]
          ]
        ]
      }
    },
    {
      "type": "Feature",
      "properties": {
        "id": "TAYPE",
        "localidad": "ELORDI",
        "cultivo": "Girasol",
        "area_ha": 17.74,
        "error_pct": 34.3,
        "sam_score": 0.912
      },
      "geometry": {
        "type": "Polygon",
        "coordinates": [
          [
            [
              -63.23934189514891,
              -35.00917702858893
            ],
            [
              -63.23912403285386,
              -35.00899744502847
            ],
            [
              -63.237707927936,
              -35.00917702858893
            ],
            [
              -63.237054341050836,
              -35.009087236808696
            ],
            [
              -63.23672754760825,
              -35.00944640392962
            ],
            [
              -63.23596502957556,
              -35.00971577927031
            ],
            [
              -63.2345489246577,
              -35.00962598749008
            ],
            [
              -63.23422213121512,
              -35.00989536283077
            ],
            [
              -63.23411320006759,
              -35.01070348885284
            ],
            [
              -63.23422213121512,
              -35.010793280633074
            ],
            [
              -63.23422213121512,
              -35.012319740896984
            ],
            [
              -63.2345489246577,
              -35.01267890801791
            ],
            [
              -63.235093580395336,
              -35.01267890801791
            ],
            [
              -63.2357471672805,
              -35.01285849157837
            ],
            [
              -63.23596502957556,
              -35.01276869979814
            ],
            [
              -63.23672754760825,
              -35.01285849157837
            ],
            [
              -63.23683647875578,
              -35.01276869979814
            ],
            [
              -63.23716327219836,
              -35.01285849157837
            ],
            [
              -63.23727220334589,
              -35.01276869979814
            ],
            [
              -63.23792579023105,
              -35.0129482833586
            ],
            [
              -63.238252583673635,
              -35.01276869979814
            ],
            [
              -63.23868830826375,
              -35.01285849157837
            ],
            [
              -63.2389061705588,
              -35.01267890801791
            ],
            [
              -63.23912403285386,
              -35.01267890801791
            ],
            [
              -63.23934189514891,
              -35.01249932445745
            ],
            [
              -63.23934189514891,
              -35.01115244775399
            ],
            [
              -63.23945082629644,
              -35.01106265597377
            ],
            [
              -63.23934189514891,
              -35.00917702858893
            ]
          ]
        ]
      }
    },
    {
      "type": "Feature",
      "properties": {
        "id": "TAYPE",
        "localidad": "ELORDI",
        "cultivo": "Soja",
        "area_ha": 110.15,
        "error_pct": 31.6,
        "sam_score": 0.949
      },
      "geometry": {
        "type": "Polygon",
        "coordinates": [
          [
            [
              -63.234215662754934,
              -35.00213452813496
            ],
            [
              -63.234106522662124,
              -35.00734245138838
            ],
            [
              -63.23443394294055,
              -35.00976682945463
            ],
            [
              -63.23650760470393,
              -35.00976682945463
            ],
            [
              -63.23923610702416,
              -35.008868911652314
            ],
            [
              -63.23934524711697,
              -35.00958724589417
            ],
            [
              -63.23978180748821,
              -35.00985662123486
            ],
            [
              -63.24796731444891,
              -35.00985662123486
            ],
            [
              -63.24862215500576,
              -35.009497454113934
            ],
            [
              -63.24818559463453,
              -35.00303244593727
            ],
            [
              -63.24698505361362,
              -35.002224319915186
            ],
            [
              -63.24065492823068,
              -35.00186515279426
            ],
            [
              -63.234215662754934,
              -35.00213452813496
            ]
          ]
        ]
      }
    },
    {
      "type": "Feature",
      "properties": {
        "id": "TAYPE",
        "localidad": "ELORDI",
        "cultivo": "Ma\u00edz",
        "area_ha": 17.6,
        "error_pct": 88.0,
        "sam_score": 0.888
      },
      "geometry": {
        "type": "Polygon",
        "coordinates": [
          [
            [
              -63.23271293784526,
              -35.05113264870415
            ],
            [
              -63.23096906210149,
              -35.05247952540748
            ],
            [
              -63.23096906210149,
              -35.053018276088814
            ],
            [
              -63.23587371263085,
              -35.05705890619881
            ],
            [
              -63.236091697098814,
              -35.05705890619881
            ],
            [
              -63.23783557284259,
              -35.055622237715255
            ],
            [
              -63.23729061167266,
              -35.0549936952537
            ],
            [
              -63.23630968156679,
              -35.054365152792144
            ],
            [
              -63.23412983688707,
              -35.05221015006681
            ],
            [
              -63.23412983688707,
              -35.05203056650637
            ],
            [
              -63.23303991454722,
              -35.051222440484366
            ],
            [
              -63.23271293784526,
              -35.05113264870415
            ]
          ]
        ]
      }
    },
    {
      "type": "Feature",
      "properties": {
        "id": "TAYPE",
        "localidad": "LINCOLN",
        "cultivo": "Soja 1ra",
        "area_ha": 65.11,
        "error_pct": 63.8,
        "sam_score": 0.811
      },
      "geometry": {
        "type": "Polygon",
        "coordinates": [
          [
            [
              -62.41146810096576,
              -35.08278442439875
            ],
            [
              -62.40885644596363,
              -35.08305272866449
            ],
            [
              -62.40657124783676,
              -35.082873859154
            ],
            [
              -62.40591833408622,
              -35.083499902440714
            ],
            [
              -62.40526542033569,
              -35.083499902440714
            ],
            [
              -62.403959592834624,
              -35.08269498964351
            ],
            [
              -62.40102148095722,
              -35.08278442439875
            ],
            [
              -62.40025974824826,
              -35.08510972803513
            ],
            [
              -62.399389196580884,
              -35.08528859754562
            ],
            [
              -62.39917155866404,
              -35.08448368474841
            ],
            [
              -62.39884510178877,
              -35.084662554258905
            ],
            [
              -62.39906273970561,
              -35.085199162790374
            ],
            [
              -62.398627463871925,
              -35.08510972803513
            ],
            [
              -62.39840982595508,
              -35.08457311950366
            ],
            [
              -62.397648093246126,
              -35.08475198901415
            ],
            [
              -62.40102148095722,
              -35.087882205447734
            ],
            [
              -62.400912661998795,
              -35.089313161531656
            ],
            [
              -62.40134793783248,
              -35.09020750908411
            ],
            [
              -62.40069502408195,
              -35.09101242188132
            ],
            [
              -62.40113029991564,
              -35.09163846516804
            ],
            [
              -62.402218489499866,
              -35.09190676943377
            ],
            [
              -62.406462428878335,
              -35.08815050971347
            ],
            [
              -62.407768256379406,
              -35.08752446642675
            ],
            [
              -62.40842117012994,
              -35.087882205447734
            ],
            [
              -62.40885644596363,
              -35.08752446642675
            ],
            [
              -62.40918290283889,
              -35.08609351034283
            ],
            [
              -62.41059754929839,
              -35.08546746705611
            ],
            [
              -62.41081518721523,
              -35.08430481523792
            ],
            [
              -62.41179455784103,
              -35.083678771951206
            ],
            [
              -62.41146810096576,
              -35.08278442439875
            ]
          ]
        ]
      }
    },
    {
      "type": "Feature",
      "properties": {
        "id": "TAYPE",
        "localidad": "BANDERALO",
        "cultivo": "Soja",
        "area_ha": 39.85,
        "error_pct": 45.4,
        "sam_score": 0.778
      },
      "geometry": {
        "type": "Polygon",
        "coordinates": [
          [
            [
              -63.39260018336784,
              -34.930447374881055
            ],
            [
              -63.39260018336784,
              -34.93215002021202
            ],
            [
              -63.39336196760249,
              -34.93232924603633
            ],
            [
              -63.39357962024096,
              -34.932866923509266
            ],
            [
              -63.39347079392173,
              -34.93465918175239
            ],
            [
              -63.39292666232555,
              -34.9348384075767
            ],
            [
              -63.39357962024096,
              -34.935107246313166
            ],
            [
              -63.39401492551791,
              -34.93689950455629
            ],
            [
              -63.3952120150295,
              -34.936720278731975
            ],
            [
              -63.39542966766797,
              -34.93618260125904
            ],
            [
              -63.39608262558338,
              -34.936720278731975
            ],
            [
              -63.397062062456506,
              -34.93689950455629
            ],
            [
              -63.3982591519681,
              -34.93519685922532
            ],
            [
              -63.39804149932962,
              -34.93474879466454
            ],
            [
              -63.39934741516045,
              -34.934928020488854
            ],
            [
              -63.399565067798925,
              -34.9356449237861
            ],
            [
              -63.40054450467204,
              -34.936092988346886
            ],
            [
              -63.40141511522593,
              -34.935913762522574
            ],
            [
              -63.401306288906696,
              -34.93232924603633
            ],
            [
              -63.400109199395104,
              -34.93232924603633
            ],
            [
              -63.399238588841214,
              -34.93197079438771
            ],
            [
              -63.39771502037192,
              -34.93215002021202
            ],
            [
              -63.39738854141421,
              -34.931612342739086
            ],
            [
              -63.39793267301039,
              -34.9317915685634
            ],
            [
              -63.39836797828733,
              -34.93143311691477
            ],
            [
              -63.39880328356427,
              -34.9317915685634
            ],
            [
              -63.39912976252198,
              -34.93152272982692
            ],
            [
              -63.39804149932962,
              -34.9311642781783
            ],
            [
              -63.39836797828733,
              -34.930895439441834
            ],
            [
              -63.39815032564886,
              -34.93053698779321
            ],
            [
              -63.397062062456506,
              -34.93053698779321
            ],
            [
              -63.396735583498796,
              -34.93080582652968
            ],
            [
              -63.39782384669115,
              -34.9311642781783
            ],
            [
              -63.39717088877574,
              -34.931253891090456
            ],
            [
              -63.396735583498796,
              -34.93197079438771
            ],
            [
              -63.39630027822185,
              -34.931253891090456
            ],
            [
              -63.39608262558338,
              -34.93143311691477
            ],
            [
              -63.395320841348735,
              -34.93017853614459
            ],
            [
              -63.39260018336784,
              -34.930447374881055
            ]
          ]
        ]
      }
    },
    {
      "type": "Feature",
      "properties": {
        "id": "TAYPE",
        "localidad": "BANDERALO",
        "cultivo": "Ma\u00edz",
        "area_ha": 20.02,
        "error_pct": 37.4,
        "sam_score": 0.876
      },
      "geometry": {
        "type": "Polygon",
        "coordinates": [
          [
            [
              -63.39251320580958,
              -34.92881767579559
            ],
            [
              -63.39218607396042,
              -34.928548837059125
            ],
            [
              -63.391858942111256,
              -34.929176127444215
            ],
            [
              -63.39164085421182,
              -34.928996901619904
            ],
            [
              -63.39109563446322,
              -34.928996901619904
            ],
            [
              -63.39087754656378,
              -34.92881767579559
            ],
            [
              -63.39000519496602,
              -34.92863844997128
            ],
            [
              -63.3860796127761,
              -34.928548837059125
            ],
            [
              -63.38586152487666,
              -34.92872806288344
            ],
            [
              -63.38575248092694,
              -34.93150606316027
            ],
            [
              -63.3860796127761,
              -34.93177490189674
            ],
            [
              -63.3915318102621,
              -34.93177490189674
            ],
            [
              -63.391858942111256,
              -34.93150606316027
            ],
            [
              -63.39174989816154,
              -34.93105799859949
            ],
            [
              -63.391967986060976,
              -34.930968385687336
            ],
            [
              -63.39218607396042,
              -34.93114761151165
            ],
            [
              -63.39240416185986,
              -34.930968385687336
            ],
            [
              -63.39218607396042,
              -34.930789159863025
            ],
            [
              -63.391858942111256,
              -34.930968385687336
            ],
            [
              -63.39164085421182,
              -34.930789159863025
            ],
            [
              -63.39240416185986,
              -34.93034109530224
            ],
            [
              -63.39251320580958,
              -34.92881767579559
            ]
          ]
        ]
      }
    },
    {
      "type": "Feature",
      "properties": {
        "id": "TAYPE",
        "localidad": "GENERAL PINTO",
        "cultivo": "Ma\u00edz",
        "area_ha": 129.8,
        "error_pct": 37.0,
        "sam_score": 0.937
      },
      "geometry": {
        "type": "Polygon",
        "coordinates": [
          [
            [
              -62.02471266992823,
              -34.85827699116968
            ],
            [
              -62.02363176963006,
              -34.858098830053216
            ],
            [
              -62.02319940951079,
              -34.85952411898496
            ],
            [
              -62.02157805906353,
              -34.86059308568377
            ],
            [
              -62.0201728886759,
              -34.860504005125534
            ],
            [
              -62.01941625846718,
              -34.85970228010142
            ],
            [
              -62.01195804640979,
              -34.85996952177613
            ],
            [
              -62.013038946707965,
              -34.860147682892595
            ],
            [
              -62.013255126767596,
              -34.86077124680023
            ],
            [
              -62.01249849655888,
              -34.86139481070788
            ],
            [
              -62.01282276664833,
              -34.862018374615516
            ],
            [
              -62.01163377632034,
              -34.86273101908139
            ],
            [
              -62.01195804640979,
              -34.86424538857137
            ],
            [
              -62.013903666946504,
              -34.866828724760154
            ],
            [
              -62.01584928748321,
              -34.86709596643486
            ],
            [
              -62.015741197453394,
              -34.867630449784265
            ],
            [
              -62.01476838718504,
              -34.86718504699309
            ],
            [
              -62.01552501739376,
              -34.868343094250136
            ],
            [
              -62.015200747304306,
              -34.869412060948946
            ],
            [
              -62.015633107423575,
              -34.87030286653129
            ],
            [
              -62.01682209775157,
              -34.87057010820599
            ],
            [
              -62.01801108807956,
              -34.87012470541482
            ],
            [
              -62.01844344819883,
              -34.870481027647756
            ],
            [
              -62.01757872796029,
              -34.870837349880695
            ],
            [
              -62.01833535816901,
              -34.87128275267187
            ],
            [
              -62.01930816843737,
              -34.870837349880695
            ],
            [
              -62.01855153822864,
              -34.87030286653129
            ],
            [
              -62.02168614909335,
              -34.87030286653129
            ],
            [
              -62.02255086933189,
              -34.86914481927425
            ],
            [
              -62.02438839983878,
              -34.87057010820599
            ],
            [
              -62.026009750286036,
              -34.87039194708952
            ],
            [
              -62.0251450300475,
              -34.86861033592484
            ],
            [
              -62.025253120077316,
              -34.866205160852516
            ],
            [
              -62.026442110405306,
              -34.86567067750311
            ],
            [
              -62.02471266992823,
              -34.85827699116968
            ]
          ]
        ]
      }
    },
    {
      "type": "Feature",
      "properties": {
        "id": "TAYPE",
        "localidad": "INTENDENTE ALVEAR",
        "cultivo": "Soja 1ra",
        "area_ha": 18.14,
        "error_pct": 76.1,
        "sam_score": 0.932
      },
      "geometry": {
        "type": "Polygon",
        "coordinates": [
          [
            [
              -63.416500184531415,
              -35.13478915985432
            ],
            [
              -63.416281987951045,
              -35.13460993403008
            ],
            [
              -63.414754611888455,
              -35.1346995469422
            ],
            [
              -63.414645513598266,
              -35.13460993403008
            ],
            [
              -63.411154368312346,
              -35.13460993403008
            ],
            [
              -63.410936171731976,
              -35.13478915985432
            ],
            [
              -63.410936171731976,
              -35.137208708481566
            ],
            [
              -63.411154368312346,
              -35.137387934305806
            ],
            [
              -63.411590761473086,
              -35.13747754721793
            ],
            [
              -63.411590761473086,
              -35.13801522469065
            ],
            [
              -63.412027154633826,
              -35.13837367633913
            ],
            [
              -63.415518299919746,
              -35.13837367633913
            ],
            [
              -63.415845594790305,
              -35.13810483760277
            ],
            [
              -63.41573649650012,
              -35.136581418096725
            ],
            [
              -63.415845594790305,
              -35.136491805184605
            ],
            [
              -63.41573649650012,
              -35.136312579360364
            ],
            [
              -63.415845594790305,
              -35.1355956760634
            ],
            [
              -63.416500184531415,
              -35.13496838567856
            ],
            [
              -63.416500184531415,
              -35.13478915985432
            ]
          ]
        ]
      }
    },
    {
      "type": "Feature",
      "properties": {
        "id": "TAYPE",
        "localidad": "GENERAL VILLEGAS",
        "cultivo": "Soja 1ra",
        "area_ha": 130.06,
        "error_pct": 13.3,
        "sam_score": 0.936
      },
      "geometry": {
        "type": "Polygon",
        "coordinates": [
          [
            [
              -63.234079168797294,
              -35.00580681491809
            ],
            [
              -63.23233276649141,
              -35.00562723135763
            ],
            [
              -63.2297131630326,
              -35.00598639847855
            ],
            [
              -63.22982231317671,
              -35.00652514915993
            ],
            [
              -63.22905826216789,
              -35.007333275182
            ],
            [
              -63.22873081173554,
              -35.00571702313786
            ],
            [
              -63.227966760726716,
              -35.005178272456476
            ],
            [
              -63.22632950856496,
              -35.00562723135763
            ],
            [
              -63.221745202512025,
              -35.00526806423671
            ],
            [
              -63.22109030164732,
              -35.00616598203901
            ],
            [
              -63.22076285121497,
              -35.00832098476453
            ],
            [
              -63.22109030164732,
              -35.00930869434706
            ],
            [
              -63.22076285121497,
              -35.009757653248215
            ],
            [
              -63.22087200135908,
              -35.015055368281786
            ],
            [
              -63.221854352656145,
              -35.015414535402705
            ],
            [
              -63.228512511447306,
              -35.01550432718294
            ],
            [
              -63.22905826216789,
              -35.014875784721326
            ],
            [
              -63.22938571260024,
              -35.01532474362248
            ],
            [
              -63.23375171836494,
              -35.015414535402705
            ],
            [
              -63.234079168797294,
              -35.01514516006202
            ],
            [
              -63.234079168797294,
              -35.00769244230292
            ],
            [
              -63.2335334180767,
              -35.00742306696223
            ],
            [
              -63.234079168797294,
              -35.00706389984131
            ],
            [
              -63.234079168797294,
              -35.00580681491809
            ]
          ]
        ]
      }
    },
    {
      "type": "Feature",
      "properties": {
        "id": "TAYPE",
        "localidad": "HEREFORD",
        "cultivo": "Girasol",
        "area_ha": 4.23,
        "error_pct": 73.6,
        "sam_score": 0.883
      },
      "geometry": {
        "type": "Polygon",
        "coordinates": [
          [
            [
              -62.48066419385048,
              -35.14304591269339
            ],
            [
              -62.48142642363535,
              -35.1435835901661
            ],
            [
              -62.481970873481686,
              -35.14367320307822
            ],
            [
              -62.48207976345095,
              -35.14376281599034
            ],
            [
              -62.482297543389485,
              -35.14376281599034
            ],
            [
              -62.482733103266554,
              -35.143942041814576
            ],
            [
              -62.483277553112885,
              -35.14430049346306
            ],
            [
              -62.48349533305142,
              -35.14430049346306
            ],
            [
              -62.483604223020684,
              -35.144210880550936
            ],
            [
              -62.48425756283629,
              -35.144210880550936
            ],
            [
              -62.48469312271335,
              -35.143942041814576
            ],
            [
              -62.483604223020684,
              -35.14304591269339
            ],
            [
              -62.48338644308215,
              -35.14295629978127
            ],
            [
              -62.48338644308215,
              -35.14286668686915
            ],
            [
              -62.482515323328016,
              -35.1421497835722
            ],
            [
              -62.482297543389485,
              -35.1421497835722
            ],
            [
              -62.48186198351242,
              -35.142508235220674
            ],
            [
              -62.48088197378902,
              -35.14286668686915
            ],
            [
              -62.48066419385048,
              -35.14304591269339
            ]
          ]
        ]
      }
    },
    {
      "type": "Feature",
      "properties": {
        "id": "TAYPE",
        "localidad": "INTENDENTE ALVEAR",
        "cultivo": "Ma\u00edz",
        "area_ha": 14.46,
        "error_pct": 23.9,
        "sam_score": 0.965
      },
      "geometry": {
        "type": "Polygon",
        "coordinates": [
          [
            [
              -63.41139986236944,
              -35.14603264364474
            ],
            [
              -63.4110725190426,
              -35.14639109529321
            ],
            [
              -63.4110725190426,
              -35.14701838567804
            ],
            [
              -63.41096340460032,
              -35.14710799859015
            ],
            [
              -63.4110725190426,
              -35.14728722441439
            ],
            [
              -63.41096340460032,
              -35.147556063150745
            ],
            [
              -63.4110725190426,
              -35.14773528897498
            ],
            [
              -63.41096340460032,
              -35.1478249018871
            ],
            [
              -63.4110725190426,
              -35.14791451479922
            ],
            [
              -63.4110725190426,
              -35.150154837602166
            ],
            [
              -63.41139986236944,
              -35.15051328925063
            ],
            [
              -63.41325480788822,
              -35.15051328925063
            ],
            [
              -63.41445506675332,
              -35.14979638595369
            ],
            [
              -63.4145641811956,
              -35.14710799859015
            ],
            [
              -63.41445506675332,
              -35.14701838567804
            ],
            [
              -63.4145641811956,
              -35.14692877276592
            ],
            [
              -63.4145641811956,
              -35.146570321117444
            ],
            [
              -63.41401860898419,
              -35.14621186946898
            ],
            [
              -63.411618091254006,
              -35.14621186946898
            ],
            [
              -63.41139986236944,
              -35.14603264364474
            ]
          ]
        ]
      }
    },
    {
      "type": "Feature",
      "properties": {
        "id": "TAYPE",
        "localidad": "GENERAL PINTO",
        "cultivo": "Ma\u00edz",
        "area_ha": 9.65,
        "error_pct": 56.1,
        "sam_score": 0.891
      },
      "geometry": {
        "type": "Polygon",
        "coordinates": [
          [
            [
              -61.840890644609516,
              -34.761496004117404
            ],
            [
              -61.84099859731851,
              -34.760073531961915
            ],
            [
              -61.84078269190053,
              -34.75980681843276
            ],
            [
              -61.84078269190053,
              -34.75927339137445
            ],
            [
              -61.84056678648255,
              -34.759095582355016
            ],
            [
              -61.84045883377355,
              -34.75918448686473
            ],
            [
              -61.83981111751961,
              -34.75918448686473
            ],
            [
              -61.83970316481062,
              -34.75927339137445
            ],
            [
              -61.838947495847684,
              -34.75927339137445
            ],
            [
              -61.8388395431387,
              -34.759362295884166
            ],
            [
              -61.8375441106308,
              -34.759362295884166
            ],
            [
              -61.837436157921815,
              -34.75945120039389
            ],
            [
              -61.836680488958876,
              -34.75945120039389
            ],
            [
              -61.83657253624989,
              -34.75954010490361
            ],
            [
              -61.83635663083191,
              -34.75945120039389
            ],
            [
              -61.83603277270493,
              -34.75971791392304
            ],
            [
              -61.83603277270493,
              -34.75980681843276
            ],
            [
              -61.83711229979484,
              -34.760695863529946
            ],
            [
              -61.83722025250383,
              -34.760695863529946
            ],
            [
              -61.8388395431387,
              -34.76202943117572
            ],
            [
              -61.83937930668365,
              -34.76202943117572
            ],
            [
              -61.84002702293759,
              -34.761673813136845
            ],
            [
              -61.840674739191535,
              -34.761673813136845
            ],
            [
              -61.840890644609516,
              -34.761496004117404
            ]
          ]
        ]
      }
    },
    {
      "type": "Feature",
      "properties": {
        "id": "TAYPE",
        "localidad": "AMEGHINO",
        "cultivo": "Soja 1ra",
        "area_ha": 22.48,
        "error_pct": 79.0,
        "sam_score": 0.934
      },
      "geometry": {
        "type": "Polygon",
        "coordinates": [
          [
            [
              -62.456357550009855,
              -34.71343651454048
            ],
            [
              -62.455924247947905,
              -34.713705353277064
            ],
            [
              -62.45570759691694,
              -34.713526127452674
            ],
            [
              -62.45494931830853,
              -34.713526127452674
            ],
            [
              -62.45299945902976,
              -34.713884579101446
            ],
            [
              -62.4526744824833,
              -34.71415341783803
            ],
            [
              -62.454082714184636,
              -34.71944057965746
            ],
            [
              -62.45505764382401,
              -34.72060554751598
            ],
            [
              -62.455924247947905,
              -34.72042632169159
            ],
            [
              -62.45624922449437,
              -34.72015748295501
            ],
            [
              -62.456032573463396,
              -34.718544450535525
            ],
            [
              -62.45776578171118,
              -34.718185998886746
            ],
            [
              -62.45819908377313,
              -34.717917160150165
            ],
            [
              -62.457982432742156,
              -34.71702103102823
            ],
            [
              -62.45722415413375,
              -34.71675219229165
            ],
            [
              -62.456790852071805,
              -34.71576645025752
            ],
            [
              -62.456357550009855,
              -34.71531838569655
            ],
            [
              -62.456032573463396,
              -34.713794966189255
            ],
            [
              -62.45614089897888,
              -34.713705353277064
            ],
            [
              -62.456357550009855,
              -34.713884579101446
            ],
            [
              -62.45657420104083,
              -34.713705353277064
            ],
            [
              -62.456357550009855,
              -34.71343651454048
            ]
          ]
        ]
      }
    },
    {
      "type": "Feature",
      "properties": {
        "id": "TAYPE",
        "localidad": "PORVENIR",
        "cultivo": "Girasol",
        "area_ha": 11.07,
        "error_pct": 53.9,
        "sam_score": 0.983
      },
      "geometry": {
        "type": "Polygon",
        "coordinates": [
          [
            [
              -62.300086579200915,
              -34.97916390118646
            ],
            [
              -62.29965188063727,
              -34.978895596920665
            ],
            [
              -62.299325856714546,
              -34.97916390118646
            ],
            [
              -62.29867380886908,
              -34.97916390118646
            ],
            [
              -62.29769573710089,
              -34.979432205452255
            ],
            [
              -62.29639164140997,
              -34.97996881398384
            ],
            [
              -62.29508754571905,
              -34.98032655300489
            ],
            [
              -62.29476152179632,
              -34.98059485727069
            ],
            [
              -62.294978871078136,
              -34.982025813354916
            ],
            [
              -62.29519622035996,
              -34.98220468286545
            ],
            [
              -62.29639164140997,
              -34.98220468286545
            ],
            [
              -62.29693501461452,
              -34.981936378599656
            ],
            [
              -62.29704368925543,
              -34.98166807433386
            ],
            [
              -62.29726103853725,
              -34.98166807433386
            ],
            [
              -62.29736971317816,
              -34.98184694384439
            ],
            [
              -62.29715236389634,
              -34.982025813354916
            ],
            [
              -62.29736971317816,
              -34.98220468286545
            ],
            [
              -62.298239110305445,
              -34.98220468286545
            ],
            [
              -62.29943453135545,
              -34.98086316153648
            ],
            [
              -62.299543205996365,
              -34.980058248739105
            ],
            [
              -62.300086579200915,
              -34.97916390118646
            ]
          ]
        ]
      }
    },
    {
      "type": "Feature",
      "properties": {
        "id": "TAYPE",
        "localidad": "SANTA REGINA",
        "cultivo": "Trigo",
        "area_ha": 81.14,
        "error_pct": 68.6,
        "sam_score": 0.967
      },
      "geometry": {
        "type": "Polygon",
        "coordinates": [
          [
            [
              -63.11335843136156,
              -34.69369739425191
            ],
            [
              -63.11303222136323,
              -34.694057279707295
            ],
            [
              -63.112597274698786,
              -34.702604559272615
            ],
            [
              -63.11368464135989,
              -34.702964444727996
            ],
            [
              -63.11933894799765,
              -34.703054416091845
            ],
            [
              -63.11977389466209,
              -34.70215470245339
            ],
            [
              -63.12140494465375,
              -34.7019747597257
            ],
            [
              -63.12162241798597,
              -34.70179481699801
            ],
            [
              -63.12183989131819,
              -34.69432719379883
            ],
            [
              -63.12086126132319,
              -34.693877336979604
            ],
            [
              -63.11335843136156,
              -34.69369739425191
            ]
          ]
        ]
      }
    },
    {
      "type": "Feature",
      "properties": {
        "id": "TAYPE",
        "localidad": "EMILIO BUNGE",
        "cultivo": "Trigo",
        "area_ha": 111.55,
        "error_pct": 28.0,
        "sam_score": 0.938
      },
      "geometry": {
        "type": "Polygon",
        "coordinates": [
          [
            [
              -63.292068701449686,
              -34.76122556379011
            ],
            [
              -63.28510377992537,
              -34.76257244049421
            ],
            [
              -63.28477729922892,
              -34.77244953632423
            ],
            [
              -63.28521260682419,
              -34.77343724590724
            ],
            [
              -63.28793327929462,
              -34.773616829467784
            ],
            [
              -63.28858624068753,
              -34.77415558014942
            ],
            [
              -63.289456855878065,
              -34.77334745412696
            ],
            [
              -63.29565998911065,
              -34.77325766234669
            ],
            [
              -63.29576881600947,
              -34.765984528144585
            ],
            [
              -63.2953335084142,
              -34.765984528144585
            ],
            [
              -63.295224681515386,
              -34.76867828155277
            ],
            [
              -63.2946805470213,
              -34.76778036375004
            ],
            [
              -63.29424523942603,
              -34.76903744867386
            ],
            [
              -63.294136412527216,
              -34.76840890621195
            ],
            [
              -63.29326579733667,
              -34.76787015553031
            ],
            [
              -63.29348345113431,
              -34.76679265416704
            ],
            [
              -63.29304814353904,
              -34.766433487045944
            ],
            [
              -63.293592278033124,
              -34.76463765144049
            ],
            [
              -63.29293931664022,
              -34.7632907747364
            ],
            [
              -63.29304814353904,
              -34.762123481592845
            ],
            [
              -63.292068701449686,
              -34.76122556379011
            ]
          ]
        ]
      }
    },
    {
      "type": "Feature",
      "properties": {
        "id": "TAYPE",
        "localidad": "GENERAL VILLEGAS",
        "cultivo": "Trigo",
        "area_ha": 43.31,
        "error_pct": 38.1,
        "sam_score": 0.888
      },
      "geometry": {
        "type": "Polygon",
        "coordinates": [
          [
            [
              -62.81600774802755,
              -35.088243483398834
            ],
            [
              -62.81359924502426,
              -35.088423066959265
            ],
            [
              -62.807468510106766,
              -35.088243483398834
            ],
            [
              -62.80714007787905,
              -35.0880638998384
            ],
            [
              -62.80593582637739,
              -35.08905160942078
            ],
            [
              -62.805607394149675,
              -35.090218902563585
            ],
            [
              -62.80604530378664,
              -35.09057806968445
            ],
            [
              -62.805826348968154,
              -35.09075765324488
            ],
            [
              -62.80626425860512,
              -35.09102702858552
            ],
            [
              -62.80604530378664,
              -35.091475987486604
            ],
            [
              -62.80670216824208,
              -35.09291265597005
            ],
            [
              -62.80714007787905,
              -35.093271823090916
            ],
            [
              -62.807468510106766,
              -35.093182031310704
            ],
            [
              -62.808234851971456,
              -35.093541198431566
            ],
            [
              -62.81053387756551,
              -35.09515745047545
            ],
            [
              -62.812066561294884,
              -35.09390036555243
            ],
            [
              -62.811300219430194,
              -35.093092239530485
            ],
            [
              -62.81600774802755,
              -35.08905160942078
            ],
            [
              -62.81633618025528,
              -35.088512858739485
            ],
            [
              -62.81600774802755,
              -35.088243483398834
            ]
          ]
        ]
      }
    },
    {
      "type": "Feature",
      "properties": {
        "id": "TAYPE",
        "localidad": "VILLA CA\u00d1AS",
        "cultivo": "Trigo",
        "area_ha": 227.65,
        "error_pct": 7.1,
        "sam_score": 0.89
      },
      "geometry": {
        "type": "Polygon",
        "coordinates": [
          [
            [
              -62.563748251368054,
              -34.464985094762625
            ],
            [
              -62.56136734097615,
              -34.464357804376974
            ],
            [
              -62.55032857461366,
              -34.464716256025916
            ],
            [
              -62.549029896218066,
              -34.46588122388499
            ],
            [
              -62.550003905014755,
              -34.478158192861365
            ],
            [
              -62.55054502101292,
              -34.47887509615926
            ],
            [
              -62.553791717001886,
              -34.48012967693057
            ],
            [
              -62.5652633761629,
              -34.47806857994913
            ],
            [
              -62.56775250975445,
              -34.47681399917782
            ],
            [
              -62.56623738495959,
              -34.47663477335335
            ],
            [
              -62.566562054558496,
              -34.47609709587993
            ],
            [
              -62.565371599362535,
              -34.475917870055454
            ],
            [
              -62.565371599362535,
              -34.4752905796698
            ],
            [
              -62.563315358569525,
              -34.47520096675757
            ],
            [
              -62.56364002816842,
              -34.47457367637191
            ],
            [
              -62.56190845697431,
              -34.47448406345968
            ],
            [
              -62.562233126573204,
              -34.47403599889849
            ],
            [
              -62.561259117776515,
              -34.47367754724955
            ],
            [
              -62.56190845697431,
              -34.47313986977613
            ],
            [
              -62.56028510897982,
              -34.47305025686389
            ],
            [
              -62.566994947357024,
              -34.47116838570693
            ],
            [
              -62.56688672415739,
              -34.469376127462205
            ],
            [
              -62.56439759056585,
              -34.46803193377866
            ],
            [
              -62.56493870656401,
              -34.466598127182884
            ],
            [
              -62.563748251368054,
              -34.464985094762625
            ]
          ]
        ]
      }
    },
    {
      "type": "Feature",
      "properties": {
        "id": "TAYPE",
        "localidad": "CORONEL GRANADA",
        "cultivo": "Soja",
        "area_ha": 50.76,
        "error_pct": 53.9,
        "sam_score": 0.949
      },
      "geometry": {
        "type": "Polygon",
        "coordinates": [
          [
            [
              -62.26079338407759,
              -34.662967249396544
            ],
            [
              -62.26079338407759,
              -34.66457388089388
            ],
            [
              -62.26057729116255,
              -34.66502016742092
            ],
            [
              -62.25960487304486,
              -34.66564496855878
            ],
            [
              -62.25949682658734,
              -34.66626976969663
            ],
            [
              -62.26079338407759,
              -34.667697886583156
            ],
            [
              -62.26165775573775,
              -34.667965658499384
            ],
            [
              -62.2618738486528,
              -34.669126003469685
            ],
            [
              -62.262197988025356,
              -34.669393775385906
            ],
            [
              -62.26878882193412,
              -34.6681441731102
            ],
            [
              -62.26943710067925,
              -34.668322687721016
            ],
            [
              -62.26997733296685,
              -34.66805491580479
            ],
            [
              -62.27019342588189,
              -34.66751937197234
            ],
            [
              -62.26911296130669,
              -34.66644828430745
            ],
            [
              -62.26922100776421,
              -34.665734225864185
            ],
            [
              -62.26565547466602,
              -34.66261022017491
            ],
            [
              -62.26511524237842,
              -34.662431705564096
            ],
            [
              -62.264466963633296,
              -34.66269947748032
            ],
            [
              -62.263710638430645,
              -34.66216393364787
            ],
            [
              -62.26263017385544,
              -34.66189616173165
            ],
            [
              -62.26176580219527,
              -34.66225319095328
            ],
            [
              -62.26133361636519,
              -34.66287799209113
            ],
            [
              -62.261117523450146,
              -34.66269947748032
            ],
            [
              -62.26079338407759,
              -34.662967249396544
            ]
          ]
        ]
      }
    },
    {
      "type": "Feature",
      "properties": {
        "id": "TAYPE",
        "localidad": "CORONEL GRANADA",
        "cultivo": "Soja",
        "area_ha": 96.7,
        "error_pct": 83.0,
        "sam_score": 0.962
      },
      "geometry": {
        "type": "Polygon",
        "coordinates": [
          [
            [
              -62.126428572675266,
              -34.6695032788763
            ],
            [
              -62.120701331438774,
              -34.67441243067362
            ],
            [
              -62.12026908681715,
              -34.67512648911687
            ],
            [
              -62.123727043790126,
              -34.67816123750067
            ],
            [
              -62.124699594188776,
              -34.67842900941689
            ],
            [
              -62.12459153303337,
              -34.67896455324932
            ],
            [
              -62.12869785693878,
              -34.68217781624393
            ],
            [
              -62.13528958741851,
              -34.67637609139255
            ],
            [
              -62.13366867008743,
              -34.67512648911687
            ],
            [
              -62.13302030315499,
              -34.67530500372768
            ],
            [
              -62.13204775275635,
              -34.67441243067362
            ],
            [
              -62.13226387506716,
              -34.673876886841185
            ],
            [
              -62.13129132466851,
              -34.67307357109253
            ],
            [
              -62.13053489658067,
              -34.67307357109253
            ],
            [
              -62.12977846849283,
              -34.67191322612226
            ],
            [
              -62.126428572675266,
              -34.6695032788763
            ]
          ]
        ]
      }
    },
    {
      "type": "Feature",
      "properties": {
        "id": "TAYPE",
        "localidad": "ELORDI",
        "cultivo": "Soja",
        "area_ha": 42.07,
        "error_pct": 43.9,
        "sam_score": 0.864
      },
      "geometry": {
        "type": "Polygon",
        "coordinates": [
          [
            [
              -63.10374800093697,
              -35.0506251491584
            ],
            [
              -63.10331028927626,
              -35.0514332751804
            ],
            [
              -63.10298200553072,
              -35.051253691619955
            ],
            [
              -63.10199715429412,
              -35.051343483400174
            ],
            [
              -63.10090287514233,
              -35.05197202586174
            ],
            [
              -63.1015594426334,
              -35.0530495272244
            ],
            [
              -63.100793447227154,
              -35.05260056832329
            ],
            [
              -63.099808595990545,
              -35.051163899839736
            ],
            [
              -63.09816717726287,
              -35.05107410805951
            ],
            [
              -63.09707289811109,
              -35.051163899839736
            ],
            [
              -63.0949937677227,
              -35.05286994366396
            ],
            [
              -63.09729175394144,
              -35.055114738169515
            ],
            [
              -63.10057459139679,
              -35.05771869979596
            ],
            [
              -63.104513996343215,
              -35.05448619570796
            ],
            [
              -63.104842280088754,
              -35.05233119298262
            ],
            [
              -63.105498847579824,
              -35.05269036010351
            ],
            [
              -63.105827131325356,
              -35.05233119298262
            ],
            [
              -63.10495170800393,
              -35.051343483400174
            ],
            [
              -63.10374800093697,
              -35.0506251491584
            ]
          ]
        ]
      }
    },
    {
      "type": "Feature",
      "properties": {
        "id": "TAYPE",
        "localidad": "LARROUDE, BERNARDO",
        "cultivo": "Soja",
        "area_ha": 47.68,
        "error_pct": 40.4,
        "sam_score": 0.948
      },
      "geometry": {
        "type": "MultiPolygon",
        "coordinates": [
          [
            [
              [
                -63.4751889935618,
                -35.00392612744126
              ],
              [
                -63.468014221996924,
                -35.00383651452912
              ],
              [
                -63.46757938735663,
                -35.00500148238698
              ],
              [
                -63.46844905663722,
                -35.008317160136265
              ],
              [
                -63.46823163931707,
                -35.00849638596055
              ],
              [
                -63.46877518261744,
                -35.00858599887269
              ],
              [
                -63.46877518261744,
                -35.00993019255483
              ],
              [
                -63.46921001725774,
                -35.010915934588404
              ],
              [
                -63.47073193849877,
                -35.010199031291265
              ],
              [
                -63.47181902509951,
                -35.010199031291265
              ],
              [
                -63.47247127705995,
                -35.01082632167626
              ],
              [
                -63.47323223768047,
                -35.010288644203406
              ],
              [
                -63.47377578098084,
                -35.01064709585198
              ],
              [
                -63.47442803294128,
                -35.01055748293984
              ],
              [
                -63.47529770222187,
                -35.00598722442055
              ],
              [
                -63.4751889935618,
                -35.00392612744126
              ]
            ]
          ],
          [
            [
              [
                -63.46757938735663,
                -35.00500148238698
              ],
              [
                -63.46747067869656,
                -35.0040157403534
              ],
              [
                -63.467144552716334,
                -35.00383651452912
              ],
              [
                -63.46681842673611,
                -35.00410535326555
              ],
              [
                -63.46681842673611,
                -35.007241805190546
              ],
              [
                -63.467144552716334,
                -35.00751064392698
              ],
              [
                -63.46736197003648,
                -35.007331418102694
              ],
              [
                -63.46757938735663,
                -35.00500148238698
              ]
            ]
          ]
        ]
      }
    },
    {
      "type": "Feature",
      "properties": {
        "id": "TAYPE",
        "localidad": "PASTEUR",
        "cultivo": "Soja 1ra",
        "area_ha": 15.78,
        "error_pct": 47.4,
        "sam_score": 0.908
      },
      "geometry": {
        "type": "Polygon",
        "coordinates": [
          [
            [
              -62.150799690931215,
              -35.03744136350809
            ],
            [
              -62.15448260910204,
              -35.040648263603416
            ],
            [
              -62.15469925134738,
              -35.04073734416161
            ],
            [
              -62.15491589359272,
              -35.040648263603416
            ],
            [
              -62.15534917808341,
              -35.04020286081239
            ],
            [
              -62.155782462574095,
              -35.04002469969599
            ],
            [
              -62.15664903155547,
              -35.0403810219288
            ],
            [
              -62.156973994923476,
              -35.04020286081239
            ],
            [
              -62.15643238931012,
              -35.03957929690497
            ],
            [
              -62.15708231604615,
              -35.03868849132294
            ],
            [
              -62.156973994923476,
              -35.0378867662991
            ],
            [
              -62.15708231604615,
              -35.03744136350809
            ],
            [
              -62.15686567380081,
              -35.03726320239168
            ],
            [
              -62.15643238931012,
              -35.03744136350809
            ],
            [
              -62.15534917808341,
              -35.036995960717064
            ],
            [
              -62.15448260910204,
              -35.03681779960066
            ],
            [
              -62.15231618664861,
              -35.03690688015887
            ],
            [
              -62.151557938789914,
              -35.03672871904246
            ],
            [
              -62.150799690931215,
              -35.03744136350809
            ]
          ]
        ]
      }
    },
    {
      "type": "Feature",
      "properties": {
        "id": "TAYPE",
        "localidad": "IRIARTE",
        "cultivo": "Ma\u00edz",
        "area_ha": 24.76,
        "error_pct": 70.9,
        "sam_score": 0.844
      },
      "geometry": {
        "type": "Polygon",
        "coordinates": [
          [
            [
              -62.01895789707825,
              -34.39317067180912
            ],
            [
              -62.0177755859323,
              -34.39272526901755
            ],
            [
              -62.01723817177504,
              -34.39281434957586
            ],
            [
              -62.01691572328069,
              -34.393259752367435
            ],
            [
              -62.01637830912344,
              -34.393081591250805
            ],
            [
              -62.01605586062909,
              -34.39334883292575
            ],
            [
              -62.01605586062909,
              -34.39361607460069
            ],
            [
              -62.015410963640385,
              -34.39352699404238
            ],
            [
              -62.01433613532588,
              -34.39370515515901
            ],
            [
              -62.014228652494424,
              -34.39352699404238
            ],
            [
              -62.01444361815733,
              -34.39334883292575
            ],
            [
              -62.014228652494424,
              -34.39317067180912
            ],
            [
              -62.014013686831525,
              -34.39334883292575
            ],
            [
              -62.014228652494424,
              -34.39361607460069
            ],
            [
              -62.01358375550572,
              -34.39397239683396
            ],
            [
              -62.01293885851702,
              -34.39379423571732
            ],
            [
              -62.01272389285412,
              -34.39397239683396
            ],
            [
              -62.01283137568557,
              -34.39450688018385
            ],
            [
              -62.012616410022666,
              -34.39468504130048
            ],
            [
              -62.012616410022666,
              -34.395219524650365
            ],
            [
              -62.01304634134847,
              -34.39611033023352
            ],
            [
              -62.01304634134847,
              -34.39700113581667
            ],
            [
              -62.01250892719122,
              -34.39771378028319
            ],
            [
              -62.01272389285412,
              -34.39789194139982
            ],
            [
              -62.01315382417992,
              -34.39762469972488
            ],
            [
              -62.01433613532588,
              -34.39771378028319
            ],
            [
              -62.01562592930328,
              -34.39744653860825
            ],
            [
              -62.01702320611214,
              -34.396912055258355
            ],
            [
              -62.01852796575245,
              -34.396733894141725
            ],
            [
              -62.0188504142468,
              -34.39646665246678
            ],
            [
              -62.01917286274115,
              -34.39566492744194
            ],
            [
              -62.01917286274115,
              -34.394595960742166
            ],
            [
              -62.01874293141535,
              -34.39370515515901
            ],
            [
              -62.019065379909705,
              -34.39334883292575
            ],
            [
              -62.01895789707825,
              -34.39317067180912
            ]
          ]
        ]
      }
    },
    {
      "type": "Feature",
      "properties": {
        "id": "TAYPE",
        "localidad": "VILLA SABOYA",
        "cultivo": "Soja 2da",
        "area_ha": 25.66,
        "error_pct": 63.3,
        "sam_score": 0.851
      },
      "geometry": {
        "type": "Polygon",
        "coordinates": [
          [
            [
              -62.388273728550175,
              -34.624180858541095
            ],
            [
              -62.38751625069693,
              -34.62462803231773
            ],
            [
              -62.38675877284369,
              -34.625522379870986
            ],
            [
              -62.38567666162477,
              -34.62605898840294
            ],
            [
              -62.38535202825909,
              -34.626506162179574
            ],
            [
              -62.38546023938098,
              -34.62793711826479
            ],
            [
              -62.38589308386855,
              -34.628831465818045
            ],
            [
              -62.387299828453145,
              -34.62972581337131
            ],
            [
              -62.388490150793956,
              -34.62945750910533
            ],
            [
              -62.388814784159635,
              -34.62954694386065
            ],
            [
              -62.389139417525314,
              -34.62918920483935
            ],
            [
              -62.389031206403416,
              -34.630620160924565
            ],
            [
              -62.389247628647205,
              -34.631156769456524
            ],
            [
              -62.39022152874423,
              -34.631961682254456
            ],
            [
              -62.39130363996315,
              -34.632408856031084
            ],
            [
              -62.391520062206936,
              -34.63222998652043
            ],
            [
              -62.391520062206936,
              -34.63160394323315
            ],
            [
              -62.39108721771937,
              -34.630620160924565
            ],
            [
              -62.39011331762234,
              -34.6265955969349
            ],
            [
              -62.389680473134774,
              -34.626237857913594
            ],
            [
              -62.389031206403416,
              -34.62632729266892
            ],
            [
              -62.38957226201288,
              -34.62516464084968
            ],
            [
              -62.389031206403416,
              -34.62435972805175
            ],
            [
              -62.388273728550175,
              -34.624180858541095
            ]
          ]
        ]
      }
    },
    {
      "type": "Feature",
      "properties": {
        "id": "TAYPE",
        "localidad": "GENERAL VILLEGAS",
        "cultivo": "Maiz 2da",
        "area_ha": 36.88,
        "error_pct": 53.9,
        "sam_score": 0.905
      },
      "geometry": {
        "type": "Polygon",
        "coordinates": [
          [
            [
              -62.90626311077948,
              -35.049184316279344
            ],
            [
              -62.903308622194714,
              -35.0509801518838
            ],
            [
              -62.90298034568529,
              -35.05142911078491
            ],
            [
              -62.90265206917587,
              -35.05106994366402
            ],
            [
              -62.90418402621982,
              -35.05017202586179
            ],
            [
              -62.90385574971041,
              -35.04972306696068
            ],
            [
              -62.90341804769785,
              -35.05017202586179
            ],
            [
              -62.9024332181696,
              -35.05026181764202
            ],
            [
              -62.90210494166018,
              -35.05071077654313
            ],
            [
              -62.900791835622506,
              -35.04972306696068
            ],
            [
              -62.89969758059111,
              -35.05053119298268
            ],
            [
              -62.89969758059111,
              -35.05142911078491
            ],
            [
              -62.8982750490503,
              -35.052416820367355
            ],
            [
              -62.89893160206913,
              -35.05340452994981
            ],
            [
              -62.90221436716332,
              -35.056098283356484
            ],
            [
              -62.908342195339124,
              -35.05124952722446
            ],
            [
              -62.908342195339124,
              -35.05089036010357
            ],
            [
              -62.90626311077948,
              -35.049184316279344
            ]
          ]
        ]
      }
    },
    {
      "type": "Feature",
      "properties": {
        "id": "TAYPE",
        "localidad": "BERNARDO LARROUDE",
        "cultivo": "Soja 2da",
        "area_ha": 62.84,
        "error_pct": 64.9,
        "sam_score": 0.952
      },
      "geometry": {
        "type": "Polygon",
        "coordinates": [
          [
            [
              -63.41609239907803,
              -35.12692589080608
            ],
            [
              -63.41041967350541,
              -35.12683627789396
            ],
            [
              -63.40867421948307,
              -35.12692589080608
            ],
            [
              -63.408346946853875,
              -35.12719472954244
            ],
            [
              -63.408237855977475,
              -35.13140653641213
            ],
            [
              -63.40856512860667,
              -35.1321234397091
            ],
            [
              -63.40856512860667,
              -35.1342741496
            ],
            [
              -63.40878331035946,
              -35.13445337542424
            ],
            [
              -63.410856037010994,
              -35.134632601248484
            ],
            [
              -63.41554694469605,
              -35.134542988336364
            ],
            [
              -63.416310580830825,
              -35.13418453668788
            ],
            [
              -63.41652876258362,
              -35.132840343006066
            ],
            [
              -63.41652876258362,
              -35.12728434245456
            ],
            [
              -63.41609239907803,
              -35.12692589080608
            ]
          ]
        ]
      }
    },
    {
      "type": "Feature",
      "properties": {
        "id": "TAYPE",
        "localidad": "BANDERALO",
        "cultivo": "Soja 2da",
        "area_ha": 89.46,
        "error_pct": 24.2,
        "sam_score": 0.875
      },
      "geometry": {
        "type": "Polygon",
        "coordinates": [
          [
            [
              -63.3493148939551,
              -35.08738806605088
            ],
            [
              -63.34898777410437,
              -35.08963286055627
            ],
            [
              -63.348006414552195,
              -35.090530778358435
            ],
            [
              -63.348115454502434,
              -35.09187765506167
            ],
            [
              -63.348442574353165,
              -35.092147030402316
            ],
            [
              -63.354003611815536,
              -35.092236822182535
            ],
            [
              -63.35411265176578,
              -35.095469326270305
            ],
            [
              -63.354766891467236,
              -35.09726516187462
            ],
            [
              -63.35422169171602,
              -35.09780391255592
            ],
            [
              -63.354439771616505,
              -35.09834266323721
            ],
            [
              -63.358038089974514,
              -35.098432455017424
            ],
            [
              -63.35858328972573,
              -35.09798349611635
            ],
            [
              -63.35847424977548,
              -35.09681620297354
            ],
            [
              -63.36021888897937,
              -35.09466120024836
            ],
            [
              -63.360327928929614,
              -35.09295515642426
            ],
            [
              -63.36141832843204,
              -35.09142869616059
            ],
            [
              -63.36174544828277,
              -35.089004318094766
            ],
            [
              -63.36065504878034,
              -35.0886451509739
            ],
            [
              -63.36065504878034,
              -35.08801660851239
            ],
            [
              -63.360327928929614,
              -35.08819619207282
            ],
            [
              -63.3605460088301,
              -35.088734942754115
            ],
            [
              -63.355966330919905,
              -35.08891452631455
            ],
            [
              -63.355203051268205,
              -35.087028898930015
            ],
            [
              -63.35149569295996,
              -35.0869391071498
            ],
            [
              -63.3493148939551,
              -35.08738806605088
            ]
          ]
        ]
      }
    },
    {
      "type": "Feature",
      "properties": {
        "id": "TAYPE",
        "localidad": "GENERAL VILLEGAS",
        "cultivo": "Soja",
        "area_ha": 105.99,
        "error_pct": 56.2,
        "sam_score": 0.756
      },
      "geometry": {
        "type": "Polygon",
        "coordinates": [
          [
            [
              -62.978874497043705,
              -35.11050388908726
            ],
            [
              -62.97296104616294,
              -35.1155422854585
            ],
            [
              -62.974494163057955,
              -35.11653197046
            ],
            [
              -62.97328957121188,
              -35.116441999096224
            ],
            [
              -62.972632521114015,
              -35.11581219954982
            ],
            [
              -62.97219448771544,
              -35.11662194182377
            ],
            [
              -62.97569875490404,
              -35.11887122591808
            ],
            [
              -62.977341380148694,
              -35.12067065319352
            ],
            [
              -62.97788892189691,
              -35.12031076773843
            ],
            [
              -62.977341380148694,
              -35.11995088228334
            ],
            [
              -62.97821744694584,
              -35.11968096819202
            ],
            [
              -62.97745088849833,
              -35.11932108273694
            ],
            [
              -62.978326955295486,
              -35.11905116864562
            ],
            [
              -62.97745088849833,
              -35.11842136909922
            ],
            [
              -62.978326955295486,
              -35.11833139773544
            ],
            [
              -62.97898400539335,
              -35.116711913187544
            ],
            [
              -62.98194073083373,
              -35.11887122591808
            ],
            [
              -62.98161220578479,
              -35.11941105410071
            ],
            [
              -62.982488272581946,
              -35.12076062455729
            ],
            [
              -62.98172171413444,
              -35.121030538648604
            ],
            [
              -62.983583356078384,
              -35.12157036683124
            ],
            [
              -62.985664014721614,
              -35.12067065319352
            ],
            [
              -62.98391188112731,
              -35.121930252286326
            ],
            [
              -62.985664014721614,
              -35.12336979410668
            ],
            [
              -62.98664958986841,
              -35.12345976547046
            ],
            [
              -62.986759098218045,
              -35.12273999456028
            ],
            [
              -62.99004434870736,
              -35.121660338195014
            ],
            [
              -62.99081090715487,
              -35.121030538648604
            ],
            [
              -62.99081090715487,
              -35.11968096819202
            ],
            [
              -62.98993484035771,
              -35.11995088228334
            ],
            [
              -62.99004434870736,
              -35.11905116864562
            ],
            [
              -62.98818270676342,
              -35.11824142637167
            ],
            [
              -62.98807319841377,
              -35.117521655461495
            ],
            [
              -62.983364339379094,
              -35.11401277227438
            ],
            [
              -62.982597780931584,
              -35.112663201817796
            ],
            [
              -62.978874497043705,
              -35.11050388908726
            ]
          ]
        ]
      }
    },
    {
      "type": "Feature",
      "properties": {
        "id": "TAYPE",
        "localidad": "AMEGHINO",
        "cultivo": "Ma\u00edz",
        "area_ha": 18.24,
        "error_pct": 68.0,
        "sam_score": 0.884
      },
      "geometry": {
        "type": "Polygon",
        "coordinates": [
          [
            [
              -62.677239017193536,
              -34.77645705208282
            ],
            [
              -62.677239017193536,
              -34.776994729555916
            ],
            [
              -62.67680364514648,
              -34.77753240702901
            ],
            [
              -62.677239017193536,
              -34.77789085867774
            ],
            [
              -62.67713017418177,
              -34.77986234274576
            ],
            [
              -62.6773478602053,
              -34.78004156857013
            ],
            [
              -62.67800091827589,
              -34.780131181482304
            ],
            [
              -62.67810976128766,
              -34.78004156857013
            ],
            [
              -62.68181042368766,
              -34.78004156857013
            ],
            [
              -62.68268116778178,
              -34.77968311692139
            ],
            [
              -62.68268116778178,
              -34.779414278184845
            ],
            [
              -62.68300769681707,
              -34.7791454394483
            ],
            [
              -62.68300769681707,
              -34.778428536150834
            ],
            [
              -62.682572324770014,
              -34.77824931032647
            ],
            [
              -62.682572324770014,
              -34.777711632853375
            ],
            [
              -62.682136952722956,
              -34.77717395538028
            ],
            [
              -62.68159273766413,
              -34.7770843424681
            ],
            [
              -62.681266208628834,
              -34.77681550373155
            ],
            [
              -62.6810485226053,
              -34.776994729555916
            ],
            [
              -62.68072199357001,
              -34.776994729555916
            ],
            [
              -62.68028662152295,
              -34.77681550373155
            ],
            [
              -62.68006893549942,
              -34.77690511664373
            ],
            [
              -62.679851249475895,
              -34.776725890819364
            ],
            [
              -62.67908934839354,
              -34.776546664995
            ],
            [
              -62.678545133334715,
              -34.77663627790719
            ],
            [
              -62.67778323225236,
              -34.776546664995
            ],
            [
              -62.67745670321707,
              -34.77627782625845
            ],
            [
              -62.677239017193536,
              -34.77645705208282
            ]
          ]
        ]
      }
    },
    {
      "type": "Feature",
      "properties": {
        "id": "TAYPE",
        "localidad": "GONDRA",
        "cultivo": "Soja 1ra",
        "area_ha": 144.86,
        "error_pct": 42.3,
        "sam_score": 0.932
      },
      "geometry": {
        "type": "Polygon",
        "coordinates": [
          [
            [
              -63.14903516520933,
              -34.74750460500385
            ],
            [
              -63.144019887559125,
              -34.747684547731524
            ],
            [
              -63.14445599865914,
              -34.748314347278374
            ],
            [
              -63.14696363748424,
              -34.74849429000604
            ],
            [
              -63.147726831909274,
              -34.74903411818906
            ],
            [
              -63.1385684988089,
              -34.74903411818906
            ],
            [
              -63.1385684988089,
              -34.75857108275565
            ],
            [
              -63.13758724883387,
              -34.759650739121675
            ],
            [
              -63.138350443258894,
              -34.761989994581405
            ],
            [
              -63.139331693233935,
              -34.76163010912607
            ],
            [
              -63.14216641538405,
              -34.76234988003675
            ],
            [
              -63.14489210975916,
              -34.762439851400586
            ],
            [
              -63.146200443059215,
              -34.76127022367072
            ],
            [
              -63.14881710965932,
              -34.7617200804899
            ],
            [
              -63.14936224853434,
              -34.74921406091673
            ],
            [
              -63.148053915234286,
              -34.748944146825224
            ],
            [
              -63.14914419298433,
              -34.748314347278374
            ],
            [
              -63.14903516520933,
              -34.74750460500385
            ]
          ]
        ]
      }
    },
    {
      "type": "Feature",
      "properties": {
        "id": "TAYPE",
        "localidad": "Leandro N Alem",
        "cultivo": "Soja 2da",
        "area_ha": 37.73,
        "error_pct": 23.0,
        "sam_score": 0.956
      },
      "geometry": {
        "type": "Polygon",
        "coordinates": [
          [
            [
              -61.90924957373197,
              -34.571789495698056
            ],
            [
              -61.9082801581542,
              -34.5722340182468
            ],
            [
              -61.90795701962827,
              -34.57356758589306
            ],
            [
              -61.908064732470244,
              -34.57534567608806
            ],
            [
              -61.90763388110235,
              -34.575167867068565
            ],
            [
              -61.90720302973445,
              -34.57552348510756
            ],
            [
              -61.910326702151714,
              -34.57827952490982
            ],
            [
              -61.91248095899121,
              -34.57970199706582
            ],
            [
              -61.91603548277638,
              -34.57667924373432
            ],
            [
              -61.91603548277638,
              -34.57641253020506
            ],
            [
              -61.91000356362579,
              -34.571789495698056
            ],
            [
              -61.90924957373197,
              -34.571789495698056
            ]
          ]
        ]
      }
    },
    {
      "type": "Feature",
      "properties": {
        "id": "TAYPE",
        "localidad": "IRIARTE",
        "cultivo": "Soja 1ra",
        "area_ha": 39.47,
        "error_pct": 71.8,
        "sam_score": 0.876
      },
      "geometry": {
        "type": "Polygon",
        "coordinates": [
          [
            [
              -62.00756575055637,
              -34.39294244826794
            ],
            [
              -62.006490913037204,
              -34.392674676351575
            ],
            [
              -62.00606097802954,
              -34.39303170557339
            ],
            [
              -62.00606097802954,
              -34.39356724940612
            ],
            [
              -62.00563104302187,
              -34.39383502132248
            ],
            [
              -62.004986140510375,
              -34.39365650671157
            ],
            [
              -62.004018786743124,
              -34.39401353593339
            ],
            [
              -62.00219156296055,
              -34.39428130784975
            ],
            [
              -62.00165414420096,
              -34.39463833707157
            ],
            [
              -62.00208407920863,
              -34.39597719665339
            ],
            [
              -62.002621497968214,
              -34.39919045964975
            ],
            [
              -62.002514014216295,
              -34.39954748887157
            ],
            [
              -62.00272898172013,
              -34.39972600348248
            ],
            [
              -62.00584601052571,
              -34.399279716955206
            ],
            [
              -62.00670588054104,
              -34.39892268773339
            ],
            [
              -62.00799568556403,
              -34.39874417312248
            ],
            [
              -62.00853310432362,
              -34.398208629289755
            ],
            [
              -62.009178006835114,
              -34.39829788659521
            ],
            [
              -62.00960794184278,
              -34.397762342762476
            ],
            [
              -62.00939297433895,
              -34.397137541624296
            ],
            [
              -62.00960794184278,
              -34.396512740486116
            ],
            [
              -62.00928549058703,
              -34.39597719665339
            ],
            [
              -62.008963039331285,
              -34.396066453958845
            ],
            [
              -62.00874807182745,
              -34.395887939347936
            ],
            [
              -62.00874807182745,
              -34.39553091012612
            ],
            [
              -62.0090705230832,
              -34.3951738809043
            ],
            [
              -62.008855555579366,
              -34.393924278627935
            ],
            [
              -62.00756575055637,
              -34.39294244826794
            ]
          ]
        ]
      }
    },
    {
      "type": "Feature",
      "properties": {
        "id": "TAYPE",
        "localidad": "IRIARTE",
        "cultivo": "Soja 1ra",
        "area_ha": 66.6,
        "error_pct": 26.0,
        "sam_score": 0.919
      },
      "geometry": {
        "type": "Polygon",
        "coordinates": [
          [
            [
              -62.01047925019587,
              -34.387557452334484
            ],
            [
              -62.008222235688194,
              -34.3876465328928
            ],
            [
              -62.00789980504425,
              -34.38791377456775
            ],
            [
              -62.00650260558711,
              -34.38773561345111
            ],
            [
              -62.005857744299206,
              -34.38809193568438
            ],
            [
              -62.00510540612998,
              -34.38782469400943
            ],
            [
              -62.00456802172339,
              -34.388270096801016
            ],
            [
              -62.00499792924866,
              -34.39120975522544
            ],
            [
              -62.00650260558711,
              -34.39682183039935
            ],
            [
              -62.006825036231064,
              -34.397089072074294
            ],
            [
              -62.00768485128161,
              -34.39691091095766
            ],
            [
              -62.00843718945083,
              -34.397178152632605
            ],
            [
              -62.008007281925565,
              -34.39744539430755
            ],
            [
              -62.00854466633215,
              -34.39780171654082
            ],
            [
              -62.008114758806876,
              -34.398158038774085
            ],
            [
              -62.00832971256951,
              -34.398336199890714
            ],
            [
              -62.00918952762006,
              -34.39806895821577
            ],
            [
              -62.008867096976104,
              -34.39780171654082
            ],
            [
              -62.00929700450138,
              -34.39744539430755
            ],
            [
              -62.008867096976104,
              -34.397178152632605
            ],
            [
              -62.00908205073874,
              -34.396999991515976
            ],
            [
              -62.00972691202665,
              -34.397178152632605
            ],
            [
              -62.01058672707719,
              -34.398158038774085
            ],
            [
              -62.010801680839826,
              -34.39780171654082
            ],
            [
              -62.01241383405959,
              -34.39780171654082
            ],
            [
              -62.01327364911014,
              -34.39744539430755
            ],
            [
              -62.01112411148378,
              -34.38835917735933
            ],
            [
              -62.01047925019587,
              -34.387557452334484
            ]
          ]
        ]
      }
    },
    {
      "type": "Feature",
      "properties": {
        "id": "TAYPE",
        "localidad": "PORVENIR",
        "cultivo": "Soja",
        "area_ha": 48.75,
        "error_pct": 48.1,
        "sam_score": 0.892
      },
      "geometry": {
        "type": "Polygon",
        "coordinates": [
          [
            [
              -62.21629523664897,
              -35.03630168796588
            ],
            [
              -62.215426936541796,
              -35.03665871718726
            ],
            [
              -62.20772077309061,
              -35.04317450047727
            ],
            [
              -62.20815492314419,
              -35.04362078700399
            ],
            [
              -62.20848053568439,
              -35.0434422723933
            ],
            [
              -62.20902322325137,
              -35.04371004430933
            ],
            [
              -62.20978298584515,
              -35.0434422723933
            ],
            [
              -62.21227934865328,
              -35.04433484544673
            ],
            [
              -62.21358179881405,
              -35.044245588141386
            ],
            [
              -62.2151013240016,
              -35.04540593311084
            ],
            [
              -62.215644011568585,
              -35.04540593311084
            ],
            [
              -62.216512311675764,
              -35.044870389278785
            ],
            [
              -62.218031836863325,
              -35.0434422723933
            ],
            [
              -62.218248911890115,
              -35.04263895664521
            ],
            [
              -62.217272074269545,
              -35.041389354370416
            ],
            [
              -62.21781476183653,
              -35.04049678131699
            ],
            [
              -62.21759768680973,
              -35.03996123748494
            ],
            [
              -62.215535474055194,
              -35.038354605988765
            ],
            [
              -62.21607816162218,
              -35.038176091378084
            ],
            [
              -62.21629523664897,
              -35.038354605988765
            ],
            [
              -62.217272074269545,
              -35.037908319462055
            ],
            [
              -62.21705499924275,
              -35.03746203293534
            ],
            [
              -62.217272074269545,
              -35.03719426101931
            ],
            [
              -62.216512311675764,
              -35.0367479744926
            ],
            [
              -62.21629523664897,
              -35.03630168796588
            ]
          ]
        ]
      }
    },
    {
      "type": "Feature",
      "properties": {
        "id": "TAYPE",
        "localidad": "CORONEL GRANADA",
        "cultivo": "Ma\u00edz",
        "area_ha": 136.31,
        "error_pct": 55.7,
        "sam_score": 0.889
      },
      "geometry": {
        "type": "Polygon",
        "coordinates": [
          [
            [
              -62.09728225719231,
              -34.683527284565145
            ],
            [
              -62.09652723056011,
              -34.68361654187055
            ],
            [
              -62.09458573350588,
              -34.685223173367824
            ],
            [
              -62.083044612127935,
              -34.69575553540549
            ],
            [
              -62.08358391686522,
              -34.696826623070336
            ],
            [
              -62.084878248234716,
              -34.69664810845953
            ],
            [
              -62.085417552972,
              -34.69727290959736
            ],
            [
              -62.085741135814374,
              -34.69673736576493
            ],
            [
              -62.08628044055166,
              -34.69727290959736
            ],
            [
              -62.08714332813132,
              -34.69655885115413
            ],
            [
              -62.08789835476352,
              -34.697897710735184
            ],
            [
              -62.09005557371267,
              -34.69780845342978
            ],
            [
              -62.09221279266181,
              -34.69834399726221
            ],
            [
              -62.093614984978764,
              -34.69673736576493
            ],
            [
              -62.09480145540079,
              -34.697362166902764
            ],
            [
              -62.09501717729571,
              -34.69834399726221
            ],
            [
              -62.09965519803637,
              -34.69441667582443
            ],
            [
              -62.10030236372112,
              -34.69325633085418
            ],
            [
              -62.09868444950926,
              -34.69129267013529
            ],
            [
              -62.099223754246545,
              -34.69013232516504
            ],
            [
              -62.10030236372112,
              -34.68941826672181
            ],
            [
              -62.096419369612654,
              -34.68620500372727
            ],
            [
              -62.097066535297394,
              -34.68549094528403
            ],
            [
              -62.09814514477197,
              -34.68584797450565
            ],
            [
              -62.098900171404175,
              -34.685223173367824
            ],
            [
              -62.09728225719231,
              -34.683527284565145
            ]
          ]
        ]
      }
    },
    {
      "type": "Feature",
      "properties": {
        "id": "TAYPE",
        "localidad": "CORONEL GRANADA",
        "cultivo": "Ma\u00edz",
        "area_ha": 25.72,
        "error_pct": 49.6,
        "sam_score": 0.923
      },
      "geometry": {
        "type": "Polygon",
        "coordinates": [
          [
            [
              -62.276047265102015,
              -34.63957388089485
            ],
            [
              -62.27442382949997,
              -34.63957388089485
            ],
            [
              -62.27399091333943,
              -34.63975239550568
            ],
            [
              -62.27247570677753,
              -34.639930910116504
            ],
            [
              -62.27182633253671,
              -34.64010942472733
            ],
            [
              -62.27139341637616,
              -34.640466453948974
            ],
            [
              -62.27204279061698,
              -34.64225160005722
            ],
            [
              -62.27193456157684,
              -34.64376897424923
            ],
            [
              -62.273016851978205,
              -34.64466154730335
            ],
            [
              -62.27312508101834,
              -34.645018576525
            ],
            [
              -62.27366622621902,
              -34.645464863052055
            ],
            [
              -62.273882684299295,
              -34.645464863052055
            ],
            [
              -62.27485674566052,
              -34.64466154730335
            ],
            [
              -62.27528966182106,
              -34.64475080460876
            ],
            [
              -62.27593903606188,
              -34.64448303269252
            ],
            [
              -62.27658841030269,
              -34.64457228999793
            ],
            [
              -62.277237784543516,
              -34.64412600347087
            ],
            [
              -62.276913097423105,
              -34.643679716943815
            ],
            [
              -62.27702132646324,
              -34.642965658500515
            ],
            [
              -62.27669663934283,
              -34.642430114668045
            ],
            [
              -62.27702132646324,
              -34.64144828430851
            ],
            [
              -62.27702132646324,
              -34.640555711254386
            ],
            [
              -62.27680486838297,
              -34.64010942472733
            ],
            [
              -62.276047265102015,
              -34.63957388089485
            ]
          ]
        ]
      }
    },
    {
      "type": "Feature",
      "properties": {
        "id": "TAYPE",
        "localidad": "CORONEL GRANADA",
        "cultivo": "Soja",
        "area_ha": 19.92,
        "error_pct": 79.9,
        "sam_score": 0.733
      },
      "geometry": {
        "type": "Polygon",
        "coordinates": [
          [
            [
              -62.10867821778759,
              -34.973162058088285
            ],
            [
              -62.10911113840578,
              -34.973429299762934
            ],
            [
              -62.10889467809668,
              -34.973607460879364
            ],
            [
              -62.109219368560325,
              -34.974052863670444
            ],
            [
              -62.10943582886942,
              -34.973607460879364
            ],
            [
              -62.109219368560325,
              -34.973340219204715
            ],
            [
              -62.10965228917852,
              -34.972983896971854
            ],
            [
              -62.11008520979671,
              -34.973429299762934
            ],
            [
              -62.1105181304149,
              -34.973162058088285
            ],
            [
              -62.110842820878545,
              -34.973429299762934
            ],
            [
              -62.11062636056945,
              -34.973696541437576
            ],
            [
              -62.110842820878545,
              -34.97387470255401
            ],
            [
              -62.11127574149673,
              -34.973607460879364
            ],
            [
              -62.111600431960376,
              -34.974052863670444
            ],
            [
              -62.11203335257857,
              -34.97387470255401
            ],
            [
              -62.112682733505856,
              -34.974052863670444
            ],
            [
              -62.1130074239695,
              -34.97387470255401
            ],
            [
              -62.11322388427859,
              -34.974052863670444
            ],
            [
              -62.11387326520588,
              -34.974052863670444
            ],
            [
              -62.11387326520588,
              -34.974320105345086
            ],
            [
              -62.114197955669525,
              -34.974587347019735
            ],
            [
              -62.114414415978615,
              -34.97449826646152
            ],
            [
              -62.11484733659681,
              -34.974765508136166
            ],
            [
              -62.114414415978615,
              -34.975032749810815
            ],
            [
              -62.1150637969059,
              -34.975389072043676
            ],
            [
              -62.115496717524096,
              -34.97529999148546
            ],
            [
              -62.11712016984231,
              -34.974052863670444
            ],
            [
              -62.11657901906957,
              -34.973429299762934
            ],
            [
              -62.11224981288766,
              -34.97022239966717
            ],
            [
              -62.11170866211492,
              -34.97031148022539
            ],
            [
              -62.11019343995126,
              -34.97146952748219
            ],
            [
              -62.11019343995126,
              -34.97182584971505
            ],
            [
              -62.10867821778759,
              -34.973162058088285
            ]
          ]
        ]
      }
    },
    {
      "type": "Feature",
      "properties": {
        "id": "TAYPE",
        "localidad": "EL TRIGO",
        "cultivo": "Trigo",
        "area_ha": 11.74,
        "error_pct": 70.6,
        "sam_score": 0.83
      },
      "geometry": {
        "type": "Polygon",
        "coordinates": [
          [
            [
              -61.44592384646465,
              -35.117130810575645
            ],
            [
              -61.44570827581612,
              -35.11695370159185
            ],
            [
              -61.44538491984333,
              -35.11721936506755
            ],
            [
              -61.44527713451906,
              -35.11757358303515
            ],
            [
              -61.44506156387053,
              -35.11757358303515
            ],
            [
              -61.44441485192495,
              -35.11819346447846
            ],
            [
              -61.443444784006566,
              -35.11775069201895
            ],
            [
              -61.44387592530362,
              -35.117130810575645
            ],
            [
              -61.443660354655094,
              -35.11677659260804
            ],
            [
              -61.44301364270951,
              -35.11748502854325
            ],
            [
              -61.44269028673672,
              -35.11739647405135
            ],
            [
              -61.4418280041426,
              -35.11801635549466
            ],
            [
              -61.44075015089996,
              -35.117130810575645
            ],
            [
              -61.4403190096029,
              -35.117130810575645
            ],
            [
              -61.43913337103599,
              -35.11819346447846
            ],
            [
              -61.439995653630106,
              -35.11872479142987
            ],
            [
              -61.440103438954374,
              -35.11899045490557
            ],
            [
              -61.43978008298158,
              -35.119521781856974
            ],
            [
              -61.44096572154849,
              -35.12058443575979
            ],
            [
              -61.441396862845544,
              -35.120230217792184
            ],
            [
              -61.44161243349407,
              -35.119787445332676
            ],
            [
              -61.4418280041426,
              -35.11996455431648
            ],
            [
              -61.44225914543966,
              -35.11969889084078
            ],
            [
              -61.44258250141245,
              -35.11969889084078
            ],
            [
              -61.44322921335804,
              -35.11916756388937
            ],
            [
              -61.44441485192495,
              -35.11925611838127
            ],
            [
              -61.44506156387053,
              -35.11863623693797
            ],
            [
              -61.44592384646465,
              -35.117130810575645
            ]
          ]
        ]
      }
    },
    {
      "type": "Feature",
      "properties": {
        "id": "TAYPE",
        "localidad": "EL TRIUNFO",
        "cultivo": "Trigo",
        "area_ha": 8.63,
        "error_pct": 81.2,
        "sam_score": 0.861
      },
      "geometry": {
        "type": "Polygon",
        "coordinates": [
          [
            [
              -61.455544435557975,
              -35.145820368257354
            ],
            [
              -61.45759308290529,
              -35.14741434911148
            ],
            [
              -61.45791655353908,
              -35.147060131143895
            ],
            [
              -61.45813220062827,
              -35.14714868563579
            ],
            [
              -61.46298426013506,
              -35.15166496472249
            ],
            [
              -61.46319990722425,
              -35.15175351921439
            ],
            [
              -61.46373902494723,
              -35.15131074675491
            ],
            [
              -61.46266078950128,
              -35.149982429376465
            ],
            [
              -61.461043436332346,
              -35.14883122098182
            ],
            [
              -61.45910261252963,
              -35.146440249700625
            ],
            [
              -61.45845567126205,
              -35.14608603173304
            ],
            [
              -61.45780872999448,
              -35.14626314071683
            ],
            [
              -61.45651484745934,
              -35.14617458622494
            ],
            [
              -61.45576008264717,
              -35.14564325927356
            ],
            [
              -61.455544435557975,
              -35.145820368257354
            ]
          ]
        ]
      }
    },
    {
      "type": "Feature",
      "properties": {
        "id": "TAYPE",
        "localidad": "GENERAL VILLEGAS",
        "cultivo": "Trigo",
        "area_ha": 89.68,
        "error_pct": 18.5,
        "sam_score": 0.959
      },
      "geometry": {
        "type": "Polygon",
        "coordinates": [
          [
            [
              -63.05647391205303,
              -35.04460388908956
            ],
            [
              -63.0581152108611,
              -35.05342108274037
            ],
            [
              -63.05855289054325,
              -35.053960910923074
            ],
            [
              -63.06380504672907,
              -35.053960910923074
            ],
            [
              -63.06785358378898,
              -35.05315116864902
            ],
            [
              -63.06686880450414,
              -35.047752886821996
            ],
            [
              -63.0658840252193,
              -35.04730303000307
            ],
            [
              -63.064789826013914,
              -35.044423946361995
            ],
            [
              -63.059428249907555,
              -35.044423946361995
            ],
            [
              -63.05734927141733,
              -35.04415403227064
            ],
            [
              -63.05647391205303,
              -35.04460388908956
            ]
          ]
        ]
      }
    },
    {
      "type": "Feature",
      "properties": {
        "id": "TAYPE",
        "localidad": "PICHINCHA",
        "cultivo": "Trigo",
        "area_ha": 16.66,
        "error_pct": 16.7,
        "sam_score": 0.915
      },
      "geometry": {
        "type": "Polygon",
        "coordinates": [
          [
            [
              -62.290253211455074,
              -34.41592446645407
            ],
            [
              -62.2896068737383,
              -34.41592446645407
            ],
            [
              -62.287775583540764,
              -34.41628220547552
            ],
            [
              -62.287560137635175,
              -34.416461074986245
            ],
            [
              -62.287560137635175,
              -34.41690824876306
            ],
            [
              -62.28723696877679,
              -34.417087118273784
            ],
            [
              -62.286806076965604,
              -34.417087118273784
            ],
            [
              -62.28637518515442,
              -34.4175342920506
            ],
            [
              -62.28648290810722,
              -34.418160335338136
            ],
            [
              -62.28637518515442,
              -34.41851807435958
            ],
            [
              -62.28863736716313,
              -34.41994903044539
            ],
            [
              -62.290791826219056,
              -34.42003846520075
            ],
            [
              -62.29133044098303,
              -34.419680726179294
            ],
            [
              -62.29133044098303,
              -34.41762372680596
            ],
            [
              -62.291653609841426,
              -34.41690824876306
            ],
            [
              -62.29122271803024,
              -34.416371640230885
            ],
            [
              -62.29057638031346,
              -34.41619277072016
            ],
            [
              -62.290253211455074,
              -34.41592446645407
            ]
          ]
        ]
      }
    },
    {
      "type": "Feature",
      "properties": {
        "id": "TAYPE",
        "localidad": "PICHINCHA",
        "cultivo": "Trigo",
        "area_ha": 110.01,
        "error_pct": 46.1,
        "sam_score": 0.928
      },
      "geometry": {
        "type": "Polygon",
        "coordinates": [
          [
            [
              -62.28723747646089,
              -34.41716212088046
            ],
            [
              -62.28583697143714,
              -34.416894348964114
            ],
            [
              -62.28314369254532,
              -34.41850098046221
            ],
            [
              -62.28314369254532,
              -34.41921503890581
            ],
            [
              -62.282066380988596,
              -34.41939355351671
            ],
            [
              -62.281312262898886,
              -34.41751915010226
            ],
            [
              -62.27743394129466,
              -34.41832246585131
            ],
            [
              -62.28077360712052,
              -34.43046145939251
            ],
            [
              -62.28271276792263,
              -34.43019368747616
            ],
            [
              -62.28508285334743,
              -34.43063997400341
            ],
            [
              -62.28572924028147,
              -34.43001517286526
            ],
            [
              -62.285944702592815,
              -34.43063997400341
            ],
            [
              -62.28605243374849,
              -34.43001517286526
            ],
            [
              -62.28691428299387,
              -34.42983665825436
            ],
            [
              -62.287129745305215,
              -34.42894408519986
            ],
            [
              -62.28777613223925,
              -34.42858705597806
            ],
            [
              -62.287560669927906,
              -34.425195278370964
            ],
            [
              -62.28809932570627,
              -34.42010761196031
            ],
            [
              -62.28777613223925,
              -34.417786922018614
            ],
            [
              -62.28723747646089,
              -34.41716212088046
            ]
          ]
        ]
      }
    },
    {
      "type": "Feature",
      "properties": {
        "id": "TAYPE",
        "localidad": "GENERAL ROCA",
        "cultivo": "Trigo",
        "area_ha": 30.39,
        "error_pct": 1.3,
        "sam_score": 0.995
      },
      "geometry": {
        "type": "Polygon",
        "coordinates": [
          [
            [
              -63.669931521320386,
              -34.96452388088221
            ],
            [
              -63.66418417172993,
              -34.96443462357686
            ],
            [
              -63.66396729061331,
              -34.964613138187566
            ],
            [
              -63.66385885005499,
              -34.96889748884463
            ],
            [
              -63.66418417172993,
              -34.96943303267677
            ],
            [
              -63.66949775908714,
              -34.96943303267677
            ],
            [
              -63.66982308076208,
              -34.9691652607607
            ],
            [
              -63.67014840243701,
              -34.96470239549292
            ],
            [
              -63.669931521320386,
              -34.96452388088221
            ]
          ]
        ]
      }
    },
    {
      "type": "Feature",
      "properties": {
        "id": "TAYPE",
        "localidad": "VILLA SABOYA",
        "cultivo": "Cebada",
        "area_ha": 60.6,
        "error_pct": 38.2,
        "sam_score": 0.944
      },
      "geometry": {
        "type": "Polygon",
        "coordinates": [
          [
            [
              -62.52542863371448,
              -34.54969595511008
            ],
            [
              -62.52207035616471,
              -34.55023363258341
            ],
            [
              -62.52012038855516,
              -34.55086092296896
            ],
            [
              -62.519687062419706,
              -34.55121937461785
            ],
            [
              -62.519253736284256,
              -34.55328047159895
            ],
            [
              -62.52012038855516,
              -34.556954601000044
            ],
            [
              -62.52087870929221,
              -34.559015697981145
            ],
            [
              -62.521962024630845,
              -34.55982221419114
            ],
            [
              -62.522720345367894,
              -34.5596429883667
            ],
            [
              -62.52293700843562,
              -34.55919492380559
            ],
            [
              -62.52380366070653,
              -34.55973260127892
            ],
            [
              -62.52412865530812,
              -34.55946376254226
            ],
            [
              -62.52412865530812,
              -34.55802995594671
            ],
            [
              -62.52737860132403,
              -34.556864988087824
            ],
            [
              -62.52781192745949,
              -34.55632731061449
            ],
            [
              -62.5274869328579,
              -34.55516234275561
            ],
            [
              -62.52672861212085,
              -34.554086987808944
            ],
            [
              -62.52662028058699,
              -34.5526531812134
            ],
            [
              -62.526078622917666,
              -34.55193627791562
            ],
            [
              -62.5262952859854,
              -34.55032324549563
            ],
            [
              -62.52542863371448,
              -34.54969595511008
            ]
          ]
        ]
      }
    },
    {
      "type": "Feature",
      "properties": {
        "id": "TAYPE",
        "localidad": "LARROUDE, BERNARDO",
        "cultivo": "Trigo",
        "area_ha": 56.25,
        "error_pct": 83.8,
        "sam_score": 0.908
      },
      "geometry": {
        "type": "Polygon",
        "coordinates": [
          [
            [
              -63.6633147049543,
              -35.08086717638045
            ],
            [
              -63.657656624367114,
              -35.0809566111357
            ],
            [
              -63.657330196640935,
              -35.08131435015668
            ],
            [
              -63.65722138739887,
              -35.083997392814084
            ],
            [
              -63.65700376891475,
              -35.08104604589094
            ],
            [
              -63.65635091346238,
              -35.08104604589094
            ],
            [
              -63.65645972270444,
              -35.084176262324576
            ],
            [
              -63.65678615043063,
              -35.084444566590314
            ],
            [
              -63.65722138739887,
              -35.08408682756933
            ],
            [
              -63.657656624367114,
              -35.08471287085606
            ],
            [
              -63.657330196640935,
              -35.085249479387535
            ],
            [
              -63.657547815125056,
              -35.0915099122548
            ],
            [
              -63.657874242851236,
              -35.091867651275784
            ],
            [
              -63.660920901628955,
              -35.091867651275784
            ],
            [
              -63.661464947839264,
              -35.0915099122548
            ],
            [
              -63.6613561385972,
              -35.089274043373635
            ],
            [
              -63.66364113268049,
              -35.081224915401435
            ],
            [
              -63.6633147049543,
              -35.08086717638045
            ]
          ]
        ]
      }
    },
    {
      "type": "Feature",
      "properties": {
        "id": "TAYPE",
        "localidad": "EMILIO BUNGE",
        "cultivo": "Trigo",
        "area_ha": 132.91,
        "error_pct": 21.4,
        "sam_score": 0.931
      },
      "geometry": {
        "type": "Polygon",
        "coordinates": [
          [
            [
              -63.2856957174201,
              -34.763119105343115
            ],
            [
              -63.28526039936395,
              -34.765274108069654
            ],
            [
              -63.284933910821835,
              -34.774971620339095
            ],
            [
              -63.28536922887798,
              -34.77551037102073
            ],
            [
              -63.2865663535324,
              -34.775330787460184
            ],
            [
              -63.286784012560474,
              -34.776049121702364
            ],
            [
              -63.287436989644696,
              -34.776318497043185
            ],
            [
              -63.29124602263601,
              -34.776049121702364
            ],
            [
              -63.29211665874831,
              -34.775600162801005
            ],
            [
              -63.29320495388869,
              -34.77577974636155
            ],
            [
              -63.29396676048695,
              -34.775330787460184
            ],
            [
              -63.29320495388869,
              -34.77515120389964
            ],
            [
              -63.293422612916764,
              -34.774163494316646
            ],
            [
              -63.29429324902906,
              -34.774163494316646
            ],
            [
              -63.294619737571175,
              -34.77362474363501
            ],
            [
              -63.295816862225585,
              -34.77344516007446
            ],
            [
              -63.2961433507677,
              -34.763478272464205
            ],
            [
              -63.295816862225585,
              -34.76320889712339
            ],
            [
              -63.294510908057134,
              -34.763478272464205
            ],
            [
              -63.291137193121976,
              -34.76320889712339
            ],
            [
              -63.28645752401836,
              -34.76356806424448
            ],
            [
              -63.2856957174201,
              -34.763119105343115
            ]
          ]
        ]
      }
    },
    {
      "type": "Feature",
      "properties": {
        "id": "TAYPE",
        "localidad": "LINCOLN",
        "cultivo": "Trigo",
        "area_ha": 36.73,
        "error_pct": 68.3,
        "sam_score": 0.793
      },
      "geometry": {
        "type": "Polygon",
        "coordinates": [
          [
            [
              -61.44383388474544,
              -35.16355358286053
            ],
            [
              -61.44253712635074,
              -35.16390849948287
            ],
            [
              -61.4413484311556,
              -35.164973249349885
            ],
            [
              -61.44210487355251,
              -35.165150707661056
            ],
            [
              -61.44242906315119,
              -35.16568308259456
            ],
            [
              -61.44307744234853,
              -35.16594927006132
            ],
            [
              -61.44296937914898,
              -35.16612672837249
            ],
            [
              -61.4413484311556,
              -35.166659103305996
            ],
            [
              -61.44156455755472,
              -35.16683656161717
            ],
            [
              -61.440808115157814,
              -35.1671914782395
            ],
            [
              -61.43864685116665,
              -35.1671914782395
            ],
            [
              -61.43832266156798,
              -35.16772385317301
            ],
            [
              -61.43778234557019,
              -35.16763512401742
            ],
            [
              -61.43680977677417,
              -35.16807876979535
            ],
            [
              -61.438754914366214,
              -35.17003081121821
            ],
            [
              -61.44102424155693,
              -35.171716665174316
            ],
            [
              -61.442320999951626,
              -35.17056318615172
            ],
            [
              -61.44102424155693,
              -35.169942082062626
            ],
            [
              -61.441132304756486,
              -35.16905479050678
            ],
            [
              -61.441456494355165,
              -35.16878860304003
            ],
            [
              -61.44426613754367,
              -35.16878860304003
            ],
            [
              -61.44513064314014,
              -35.169320977973534
            ],
            [
              -61.445562895938366,
              -35.16869987388444
            ],
            [
              -61.446103211936155,
              -35.16852241557327
            ],
            [
              -61.446427401534834,
              -35.16736893655067
            ],
            [
              -61.44783222312908,
              -35.166037999216904
            ],
            [
              -61.447399970330856,
              -35.16568308259456
            ],
            [
              -61.44772415992953,
              -35.16532816597223
            ],
            [
              -61.447291907131294,
              -35.164973249349885
            ],
            [
              -61.44513064314014,
              -35.164707061883135
            ],
            [
              -61.44383388474544,
              -35.16355358286053
            ]
          ]
        ]
      }
    },
    {
      "type": "Feature",
      "properties": {
        "id": "TAYPE",
        "localidad": "EL TRIUNFO",
        "cultivo": "Trigo",
        "area_ha": 42.05,
        "error_pct": 59.2,
        "sam_score": 0.727
      },
      "geometry": {
        "type": "Polygon",
        "coordinates": [
          [
            [
              -61.437237302544546,
              -35.174798187037865
            ],
            [
              -61.43410921486035,
              -35.17746006170534
            ],
            [
              -61.43400134976779,
              -35.178613540727916
            ],
            [
              -61.433462024305,
              -35.17932337397258
            ],
            [
              -61.43432494504547,
              -35.18038812383957
            ],
            [
              -61.43389348467523,
              -35.18154160286215
            ],
            [
              -61.43400134976779,
              -35.18234016526239
            ],
            [
              -61.435619326156164,
              -35.18402601921846
            ],
            [
              -61.43648224689663,
              -35.18384856090729
            ],
            [
              -61.43637438180407,
              -35.183227456818216
            ],
            [
              -61.43691370726687,
              -35.1822514361068
            ],
            [
              -61.438208088377564,
              -35.18367110259613
            ],
            [
              -61.43896314402548,
              -35.18340491512938
            ],
            [
              -61.440257525136175,
              -35.18393729006288
            ],
            [
              -61.440904715691524,
              -35.183582373440544
            ],
            [
              -61.44155190624688,
              -35.18367110259613
            ],
            [
              -61.44198336661711,
              -35.18313872766263
            ],
            [
              -61.44187550152455,
              -35.18145287370656
            ],
            [
              -61.43615865161896,
              -35.176484040993934
            ],
            [
              -61.43626651671152,
              -35.176217853527184
            ],
            [
              -61.43691370726687,
              -35.176484040993934
            ],
            [
              -61.437237302544546,
              -35.175685478593685
            ],
            [
              -61.437668762914775,
              -35.17550802028252
            ],
            [
              -61.437237302544546,
              -35.174798187037865
            ]
          ]
        ]
      }
    },
    {
      "type": "Feature",
      "properties": {
        "id": "TAYPE",
        "localidad": "GENERAL VILLEGAS",
        "cultivo": "Soja",
        "area_ha": 30.85,
        "error_pct": 38.3,
        "sam_score": 0.945
      },
      "geometry": {
        "type": "Polygon",
        "coordinates": [
          [
            [
              -62.997832602712684,
              -34.992746821517834
            ],
            [
              -62.99323995084166,
              -34.994456277429904
            ],
            [
              -62.9926932065713,
              -34.994456277429904
            ],
            [
              -62.992146462300944,
              -34.99400642061094
            ],
            [
              -62.991927764592795,
              -34.99418636333853
            ],
            [
              -62.991927764592795,
              -34.99472619152129
            ],
            [
              -62.992365160009086,
              -34.99490613424887
            ],
            [
              -62.992365160009086,
              -34.995086076976456
            ],
            [
              -62.99181841573873,
              -34.99526601970405
            ],
            [
              -62.99170906688465,
              -34.9971554183437
            ],
            [
              -62.99302125313352,
              -34.999494673802324
            ],
            [
              -62.99356799740388,
              -34.99967461652991
            ],
            [
              -62.99433343938238,
              -34.99931473107474
            ],
            [
              -62.99553627677717,
              -34.997875189254046
            ],
            [
              -62.9981606492749,
              -34.99643564743336
            ],
            [
              -62.999363486669694,
              -34.99553593379542
            ],
            [
              -62.99947283552377,
              -34.994996105612664
            ],
            [
              -62.997832602712684,
              -34.992746821517834
            ]
          ]
        ]
      }
    },
    {
      "type": "Feature",
      "properties": {
        "id": "TAYPE",
        "localidad": "GENERAL VILLEGAS",
        "cultivo": "Soja",
        "area_ha": 24.97,
        "error_pct": 0.1,
        "sam_score": 0.951
      },
      "geometry": {
        "type": "Polygon",
        "coordinates": [
          [
            [
              -62.98591642743687,
              -35.000312772279116
            ],
            [
              -62.98602578339589,
              -35.00058268637049
            ],
            [
              -62.9902906657976,
              -35.00409156955839
            ],
            [
              -62.99149358134681,
              -35.00490131183252
            ],
            [
              -62.99236842901895,
              -35.00490131183252
            ],
            [
              -62.99269649689601,
              -35.00463139774114
            ],
            [
              -62.99269649689601,
              -35.00436148364977
            ],
            [
              -62.99313392073208,
              -35.00409156955839
            ],
            [
              -62.994336836281285,
              -35.00436148364977
            ],
            [
              -62.99488361607637,
              -35.0040015981946
            ],
            [
              -62.994664904158334,
              -35.003461770011846
            ],
            [
              -62.99389941244521,
              -35.00265202773771
            ],
            [
              -62.992259073059934,
              -35.000222800915324
            ],
            [
              -62.99182164922386,
              -34.99995288682394
            ],
            [
              -62.9878848346992,
              -35.00004285818773
            ],
            [
              -62.98668191915,
              -35.000312772279116
            ],
            [
              -62.986244495313926,
              -35.00004285818773
            ],
            [
              -62.98591642743687,
              -35.000312772279116
            ]
          ]
        ]
      }
    },
    {
      "type": "Feature",
      "properties": {
        "id": "TAYPE",
        "localidad": "VEDIA",
        "cultivo": "Trigo",
        "area_ha": 85.32,
        "error_pct": 19.5,
        "sam_score": 0.927
      },
      "geometry": {
        "type": "Polygon",
        "coordinates": [
          [
            [
              -61.60977928572416,
              -34.47558056199674
            ],
            [
              -61.60634325572868,
              -34.47611293693097
            ],
            [
              -61.606021127916605,
              -34.47637912439808
            ],
            [
              -61.60623587979133,
              -34.47691149933231
            ],
            [
              -61.605484248229814,
              -34.47806497835646
            ],
            [
              -61.604088361044155,
              -34.47762133257794
            ],
            [
              -61.60344410542,
              -34.476822770176604
            ],
            [
              -61.60161871448491,
              -34.47726641595512
            ],
            [
              -61.601081834798116,
              -34.47788752004505
            ],
            [
              -61.601081834798116,
              -34.47930718653632
            ],
            [
              -61.60151133854755,
              -34.479662103159136
            ],
            [
              -61.60161871448491,
              -34.48046066556047
            ],
            [
              -61.60376623323208,
              -34.48285635276448
            ],
            [
              -61.60441048885623,
              -34.484276019255745
            ],
            [
              -61.60516212041774,
              -34.484276019255745
            ],
            [
              -61.605699000104536,
              -34.48392110263293
            ],
            [
              -61.60645063166604,
              -34.48418729010004
            ],
            [
              -61.60688013541548,
              -34.48392110263293
            ],
            [
              -61.607631766976986,
              -34.48480839418997
            ],
            [
              -61.610101413536235,
              -34.48489712334567
            ],
            [
              -61.610530917285665,
              -34.484630935878556
            ],
            [
              -61.61138992478453,
              -34.48471966503426
            ],
            [
              -61.61171205259661,
              -34.484276019255745
            ],
            [
              -61.612571060095476,
              -34.48418729010004
            ],
            [
              -61.61300056384491,
              -34.48383237347722
            ],
            [
              -61.61343006759435,
              -34.48250143614166
            ],
            [
              -61.613107939782275,
              -34.479040999069205
            ],
            [
              -61.613537443531705,
              -34.47868608244639
            ],
            [
              -61.60977928572416,
              -34.47558056199674
            ]
          ]
        ]
      }
    },
    {
      "type": "Feature",
      "properties": {
        "id": "TAYPE",
        "localidad": "CORONEL GRANADA",
        "cultivo": "Trigo",
        "area_ha": 12.14,
        "error_pct": 21.4,
        "sam_score": 0.912
      },
      "geometry": {
        "type": "Polygon",
        "coordinates": [
          [
            [
              -62.121510965282425,
              -34.92126645393756
            ],
            [
              -62.12129420091601,
              -34.92144496854829
            ],
            [
              -62.12140258309922,
              -34.92162348315902
            ],
            [
              -62.121185818732805,
              -34.92189125507511
            ],
            [
              -62.12129420091601,
              -34.92242679890729
            ],
            [
              -62.121185818732805,
              -34.92278382812874
            ],
            [
              -62.121510965282425,
              -34.92305160004483
            ],
            [
              -62.12129420091601,
              -34.92323011465556
            ],
            [
              -62.121510965282425,
              -34.923408629266284
            ],
            [
              -62.121727729648846,
              -34.92323011465556
            ],
            [
              -62.12183611183205,
              -34.92331937196092
            ],
            [
              -62.12194449401526,
              -34.9238549157931
            ],
            [
              -62.122378022748094,
              -34.924211945014555
            ],
            [
              -62.12270316929772,
              -34.924033430403824
            ],
            [
              -62.12281155148093,
              -34.92430120231992
            ],
            [
              -62.12270316929772,
              -34.92439045962528
            ],
            [
              -62.122919933664136,
              -34.924568974236
            ],
            [
              -62.123570226763384,
              -34.92447971693064
            ],
            [
              -62.123786991129805,
              -34.924568974236
            ],
            [
              -62.12389537331301,
              -34.92447971693064
            ],
            [
              -62.12422051986264,
              -34.92465823154137
            ],
            [
              -62.12443728422905,
              -34.92447971693064
            ],
            [
              -62.12519595951151,
              -34.92465823154137
            ],
            [
              -62.12541272387793,
              -34.92439045962528
            ],
            [
              -62.12519595951151,
              -34.924122687709186
            ],
            [
              -62.125521106061136,
              -34.9238549157931
            ],
            [
              -62.12541272387793,
              -34.92323011465556
            ],
            [
              -62.12562948824434,
              -34.92305160004483
            ],
            [
              -62.12541272387793,
              -34.922873085434105
            ],
            [
              -62.125521106061136,
              -34.922248284296565
            ],
            [
              -62.12530434169472,
              -34.92189125507511
            ],
            [
              -62.12487081296189,
              -34.92162348315902
            ],
            [
              -62.124979195145094,
              -34.92144496854829
            ],
            [
              -62.12476243077868,
              -34.92126645393756
            ],
            [
              -62.12454566641226,
              -34.92126645393756
            ],
            [
              -62.12422051986264,
              -34.92144496854829
            ],
            [
              -62.123786991129805,
              -34.9211771966322
            ],
            [
              -62.12346184458018,
              -34.92144496854829
            ],
            [
              -62.122919933664136,
              -34.9211771966322
            ],
            [
              -62.12259478711451,
              -34.92144496854829
            ],
            [
              -62.122378022748094,
              -34.92126645393756
            ],
            [
              -62.12205287619847,
              -34.92126645393756
            ],
            [
              -62.121727729648846,
              -34.92144496854829
            ],
            [
              -62.121510965282425,
              -34.92126645393756
            ]
          ]
        ]
      }
    },
    {
      "type": "Feature",
      "properties": {
        "id": "TAYPE",
        "localidad": "CA\u00d1ADA SECA",
        "cultivo": "Trigo",
        "area_ha": 61.93,
        "error_pct": 36.8,
        "sam_score": 0.923
      },
      "geometry": {
        "type": "Polygon",
        "coordinates": [
          [
            [
              -62.94372759063182,
              -34.44681285876289
            ],
            [
              -62.94253266706655,
              -34.44627410808092
            ],
            [
              -62.941229114086255,
              -34.44636389986125
            ],
            [
              -62.93927378461581,
              -34.44582514917928
            ],
            [
              -62.93558038450497,
              -34.445914940959604
            ],
            [
              -62.9348199785998,
              -34.44627410808092
            ],
            [
              -62.933081907959405,
              -34.44636389986125
            ],
            [
              -62.93286464912935,
              -34.446902650543215
            ],
            [
              -62.9343854609397,
              -34.45246974092357
            ],
            [
              -62.93514586684487,
              -34.45273911626455
            ],
            [
              -62.93938241403084,
              -34.4519309902416
            ],
            [
              -62.940360078766055,
              -34.45148203133996
            ],
            [
              -62.94329307297173,
              -34.45103307243832
            ],
            [
              -62.944379367121975,
              -34.449955571074376
            ],
            [
              -62.94416210829192,
              -34.449775987513725
            ],
            [
              -62.944379367121975,
              -34.44932702861208
            ],
            [
              -62.944270737706944,
              -34.44789036012683
            ],
            [
              -62.94372759063182,
              -34.44726181766453
            ],
            [
              -62.94372759063182,
              -34.44681285876289
            ]
          ]
        ]
      }
    },
    {
      "type": "Feature",
      "properties": {
        "id": "TAYPE",
        "localidad": "CORONEL GRANADA",
        "cultivo": "Ma\u00edz",
        "area_ha": 17.93,
        "error_pct": 14.6,
        "sam_score": 0.96
      },
      "geometry": {
        "type": "Polygon",
        "coordinates": [
          [
            [
              -62.13302239463608,
              -34.95212569365659
            ],
            [
              -62.131179224184955,
              -34.9506083194655
            ],
            [
              -62.13096238060247,
              -34.9506083194655
            ],
            [
              -62.1297697408988,
              -34.951500892519086
            ],
            [
              -62.12922763194259,
              -34.952214950961945
            ],
            [
              -62.12868552298638,
              -34.951500892519086
            ],
            [
              -62.12749288328271,
              -34.95132237790837
            ],
            [
              -62.12727603970023,
              -34.951500892519086
            ],
            [
              -62.12727603970023,
              -34.952036436351236
            ],
            [
              -62.12760130507396,
              -34.95230420826731
            ],
            [
              -62.12705919611774,
              -34.95292900940481
            ],
            [
              -62.126842352535256,
              -34.95257198018338
            ],
            [
              -62.126842352535256,
              -34.95185792174052
            ],
            [
              -62.12662550895278,
              -34.9516794071298
            ],
            [
              -62.126191821787806,
              -34.952482722878024
            ],
            [
              -62.125758134622835,
              -34.9516794071298
            ],
            [
              -62.125324447457864,
              -34.95230420826731
            ],
            [
              -62.125866556414074,
              -34.95283975209946
            ],
            [
              -62.12608339999656,
              -34.952750494794095
            ],
            [
              -62.126191821787806,
              -34.95301826671017
            ],
            [
              -62.12879394477762,
              -34.955071184733406
            ],
            [
              -62.129010788360105,
              -34.95489267012269
            ],
            [
              -62.12955289731632,
              -34.95524969934412
            ],
            [
              -62.13302239463608,
              -34.95239346557266
            ],
            [
              -62.13302239463608,
              -34.95212569365659
            ]
          ]
        ]
      }
    },
    {
      "type": "Feature",
      "properties": {
        "id": "TAYPE",
        "localidad": "CORONEL GRANADA",
        "cultivo": "Sorgo",
        "area_ha": 18.01,
        "error_pct": 28.0,
        "sam_score": 0.956
      },
      "geometry": {
        "type": "Polygon",
        "coordinates": [
          [
            [
              -62.10260448306873,
              -34.949123085432944
            ],
            [
              -62.10054864957635,
              -34.94760571124185
            ],
            [
              -62.10011584252533,
              -34.94769496854721
            ],
            [
              -62.09979123723706,
              -34.947516453936494
            ],
            [
              -62.09925022842328,
              -34.947784225852565
            ],
            [
              -62.097735403744686,
              -34.949123085432944
            ],
            [
              -62.09751900021917,
              -34.9496586292651
            ],
            [
              -62.09686978964263,
              -34.95028343040261
            ],
            [
              -62.09697799140539,
              -34.95099748884548
            ],
            [
              -62.09784360550744,
              -34.95162228998299
            ],
            [
              -62.09827641255847,
              -34.95171154728835
            ],
            [
              -62.098384614321226,
              -34.95162228998299
            ],
            [
              -62.09914202666052,
              -34.95171154728835
            ],
            [
              -62.09979123723706,
              -34.95162228998299
            ],
            [
              -62.10000764076257,
              -34.95171154728835
            ],
            [
              -62.10011584252533,
              -34.95162228998299
            ],
            [
              -62.100873254864624,
              -34.95162228998299
            ],
            [
              -62.101197860152894,
              -34.95144377537227
            ],
            [
              -62.10163066720392,
              -34.95153303267763
            ],
            [
              -62.10303729011976,
              -34.95037268770797
            ],
            [
              -62.10260448306873,
              -34.949123085432944
            ]
          ]
        ]
      }
    },
    {
      "type": "Feature",
      "properties": {
        "id": "TAYPE",
        "localidad": "CORONEL GRANADA",
        "cultivo": "Sorgo",
        "area_ha": 34.83,
        "error_pct": 25.9,
        "sam_score": 0.972
      },
      "geometry": {
        "type": "Polygon",
        "coordinates": [
          [
            [
              -62.13798169383538,
              -34.946333518328146
            ],
            [
              -62.13668069027014,
              -34.94588723180135
            ],
            [
              -62.135162852777356,
              -34.94579797449599
            ],
            [
              -62.134078683139656,
              -34.94553020257992
            ],
            [
              -62.13386184921212,
              -34.945708717190634
            ],
            [
              -62.132994513501956,
              -34.945708717190634
            ],
            [
              -62.13245242868311,
              -34.94553020257992
            ],
            [
              -62.132018760828025,
              -34.94588723180135
            ],
            [
              -62.13136825904541,
              -34.94606574641207
            ],
            [
              -62.129850421552625,
              -34.94731534868709
            ],
            [
              -62.12909150280623,
              -34.94811866443531
            ],
            [
              -62.12909150280623,
              -34.94838643635139
            ],
            [
              -62.131151425117864,
              -34.950171582458566
            ],
            [
              -62.13169350993672,
              -34.950171582458566
            ],
            [
              -62.132018760828025,
              -34.950439354374645
            ],
            [
              -62.132018760828025,
              -34.95088564090143
            ],
            [
              -62.13256084564688,
              -34.95133192742823
            ],
            [
              -62.132994513501956,
              -34.95133192742823
            ],
            [
              -62.13342818135704,
              -34.95106415551215
            ],
            [
              -62.134187100103425,
              -34.951242670122866
            ],
            [
              -62.138632195618,
              -34.94722609138173
            ],
            [
              -62.13819852776292,
              -34.946869062160296
            ],
            [
              -62.13819852776292,
              -34.94651203293886
            ],
            [
              -62.13798169383538,
              -34.946333518328146
            ]
          ]
        ]
      }
    },
    {
      "type": "Feature",
      "properties": {
        "id": "TAYPE",
        "localidad": "CORONEL GRANADA",
        "cultivo": "Ma\u00edz",
        "area_ha": 22.23,
        "error_pct": 55.5,
        "sam_score": 0.932
      },
      "geometry": {
        "type": "Polygon",
        "coordinates": [
          [
            [
              -62.1045226218073,
              -34.93826549957248
            ],
            [
              -62.10365536349209,
              -34.93871090236358
            ],
            [
              -62.09931907191604,
              -34.94245228580885
            ],
            [
              -62.10192084686167,
              -34.94459021920614
            ],
            [
              -62.10322173433448,
              -34.945302863671905
            ],
            [
              -62.103546956202685,
              -34.94503562199724
            ],
            [
              -62.10376377078149,
              -34.94405573585682
            ],
            [
              -62.10398058536029,
              -34.94387757474038
            ],
            [
              -62.104197399939096,
              -34.943966655298595
            ],
            [
              -62.1045226218073,
              -34.94369941362393
            ],
            [
              -62.1043058072285,
              -34.943521252507495
            ],
            [
              -62.1046310290967,
              -34.943075849716394
            ],
            [
              -62.1048478436755,
              -34.941739641343084
            ],
            [
              -62.104739436386105,
              -34.9413833191102
            ],
            [
              -62.10506465825431,
              -34.9409379163191
            ],
            [
              -62.1048478436755,
              -34.940759755202656
            ],
            [
              -62.1051730655437,
              -34.940403432969774
            ],
            [
              -62.1051730655437,
              -34.939423546829346
            ],
            [
              -62.104956250964904,
              -34.93924538571291
            ],
            [
              -62.10506465825431,
              -34.93871090236358
            ],
            [
              -62.1045226218073,
              -34.93826549957248
            ]
          ]
        ]
      }
    },
    {
      "type": "Feature",
      "properties": {
        "id": "TAYPE",
        "localidad": "GENERAL PINTO",
        "cultivo": "Soja",
        "area_ha": 26.61,
        "error_pct": 33.5,
        "sam_score": 0.948
      },
      "geometry": {
        "type": "Polygon",
        "coordinates": [
          [
            [
              -61.93324399998865,
              -34.83584538571691
            ],
            [
              -61.93313615784138,
              -34.836558030182815
            ],
            [
              -61.93410673716673,
              -34.83709251353225
            ],
            [
              -61.93475379005029,
              -34.83842872190583
            ],
            [
              -61.93550868508111,
              -34.839052285813494
            ],
            [
              -61.93604789581742,
              -34.839230446929975
            ],
            [
              -61.93777337017358,
              -34.840388494187074
            ],
            [
              -61.939498844529744,
              -34.84029941362884
            ],
            [
              -61.93982237097153,
              -34.83976493027941
            ],
            [
              -61.94057726600235,
              -34.839141366371734
            ],
            [
              -61.94079295029687,
              -34.83833964134759
            ],
            [
              -61.94133216103317,
              -34.837983319114635
            ],
            [
              -61.94111647673865,
              -34.837716077439914
            ],
            [
              -61.94079295029687,
              -34.837894238556395
            ],
            [
              -61.940038055266044,
              -34.83718159409049
            ],
            [
              -61.939930213118785,
              -34.83584538571691
            ],
            [
              -61.939606686677,
              -34.83557814404219
            ],
            [
              -61.93507731649207,
              -34.835489063483955
            ],
            [
              -61.933459684283164,
              -34.83566722460043
            ],
            [
              -61.93324399998865,
              -34.83584538571691
            ]
          ]
        ]
      }
    },
    {
      "type": "Feature",
      "properties": {
        "id": "TAYPE",
        "localidad": "ROBERTS",
        "cultivo": "Soja",
        "area_ha": 36.19,
        "error_pct": 55.9,
        "sam_score": 0.949
      },
      "geometry": {
        "type": "Polygon",
        "coordinates": [
          [
            [
              -62.06269942672402,
              -34.95106837175689
            ],
            [
              -62.06021057972178,
              -34.9525827412466
            ],
            [
              -62.059561315286416,
              -34.95311722459591
            ],
            [
              -62.059561315286416,
              -34.95347354682878
            ],
            [
              -62.06291584820248,
              -34.956056883017105
            ],
            [
              -62.06334869115939,
              -34.956680446924636
            ],
            [
              -62.0645390092909,
              -34.957660333065036
            ],
            [
              -62.06583753816163,
              -34.95783849418147
            ],
            [
              -62.066486802597,
              -34.958462058089
            ],
            [
              -62.06821817442464,
              -34.95712584971572
            ],
            [
              -62.06832638516387,
              -34.956769527482855
            ],
            [
              -62.06800175294619,
              -34.956145963575324
            ],
            [
              -62.068109963685416,
              -34.9555223996678
            ],
            [
              -62.06854280664233,
              -34.954987916318494
            ],
            [
              -62.06443079855167,
              -34.9516028551062
            ],
            [
              -62.06334869115939,
              -34.95097929119868
            ],
            [
              -62.063132269680935,
              -34.95115745231511
            ],
            [
              -62.06269942672402,
              -34.95106837175689
            ]
          ]
        ]
      }
    },
    {
      "type": "Feature",
      "properties": {
        "id": "TAYPE",
        "localidad": "ROBERTS",
        "cultivo": "Ma\u00edz",
        "area_ha": 30.33,
        "error_pct": 36.8,
        "sam_score": 0.969
      },
      "geometry": {
        "type": "Polygon",
        "coordinates": [
          [
            [
              -62.1183105378043,
              -35.00726945988299
            ],
            [
              -62.11765954609261,
              -35.00735871718834
            ],
            [
              -62.115055579245876,
              -35.009500892516684
            ],
            [
              -62.11429608891558,
              -35.01039346557016
            ],
            [
              -62.11462158477142,
              -35.01092900940225
            ],
            [
              -62.114404587534196,
              -35.0111967813183
            ],
            [
              -62.114404587534196,
              -35.011643067845036
            ],
            [
              -62.115055579245876,
              -35.012089354371774
            ],
            [
              -62.11527257648311,
              -35.0130711847306
            ],
            [
              -62.11570657095756,
              -35.01351747125734
            ],
            [
              -62.11559807233895,
              -35.01414227239477
            ],
            [
              -62.11646606128786,
              -35.01467781622686
            ],
            [
              -62.117225551618155,
              -35.014053015089424
            ],
            [
              -62.11700855438093,
              -35.01342821395199
            ],
            [
              -62.11733405023677,
              -35.013249699341294
            ],
            [
              -62.11787654332984,
              -35.01351747125734
            ],
            [
              -62.12189099221856,
              -35.01012569365412
            ],
            [
              -62.1183105378043,
              -35.00726945988299
            ]
          ]
        ]
      }
    },
    {
      "type": "Feature",
      "properties": {
        "id": "TAYPE",
        "localidad": "CORONEL GRANADA",
        "cultivo": "Sorgo",
        "area_ha": 55.47,
        "error_pct": 14.7,
        "sam_score": 0.919
      },
      "geometry": {
        "type": "Polygon",
        "coordinates": [
          [
            [
              -62.09486530269079,
              -34.94351464116274
            ],
            [
              -62.089888156177096,
              -34.94342538385738
            ],
            [
              -62.089455360828076,
              -34.943871670384176
            ],
            [
              -62.08999635501435,
              -34.944942758048484
            ],
            [
              -62.089888156177096,
              -34.94565681649136
            ],
            [
              -62.08956355966533,
              -34.945924588407436
            ],
            [
              -62.089888156177096,
              -34.947084933377106
            ],
            [
              -62.089455360828076,
              -34.947977506430696
            ],
            [
              -62.089130764316316,
              -34.947888249125334
            ],
            [
              -62.0889143666418,
              -34.94815602104141
            ],
            [
              -62.089455360828076,
              -34.94824527834677
            ],
            [
              -62.08967175850258,
              -34.94976265253787
            ],
            [
              -62.09075374687513,
              -34.950476710980745
            ],
            [
              -62.09118654222414,
              -34.95038745367539
            ],
            [
              -62.091619337573164,
              -34.950833740202185
            ],
            [
              -62.095081700365306,
              -34.950833740202185
            ],
            [
              -62.09919325618097,
              -34.94717419068246
            ],
            [
              -62.09843586432019,
              -34.945835331102074
            ],
            [
              -62.09692108059863,
              -34.94458572882705
            ],
            [
              -62.09638008641235,
              -34.94449647152169
            ],
            [
              -62.09605548990059,
              -34.94476424343777
            ],
            [
              -62.09518989920256,
              -34.94485350074313
            ],
            [
              -62.09551449571432,
              -34.94422869960562
            ],
            [
              -62.09486530269079,
              -34.94351464116274
            ]
          ]
        ]
      }
    },
    {
      "type": "Feature",
      "properties": {
        "id": "TAYPE",
        "localidad": "PORVENIR",
        "cultivo": "Ma\u00edz",
        "area_ha": 43.26,
        "error_pct": 78.9,
        "sam_score": 0.934
      },
      "geometry": {
        "type": "Polygon",
        "coordinates": [
          [
            [
              -62.12383435751943,
              -34.96912878753024
            ],
            [
              -62.122749835430625,
              -34.96966433136236
            ],
            [
              -62.12068924346189,
              -34.97118170555338
            ],
            [
              -62.119062460328685,
              -34.97260982243904
            ],
            [
              -62.1189540081198,
              -34.97296685166046
            ],
            [
              -62.12481042739935,
              -34.97751897423351
            ],
            [
              -62.125894949488156,
              -34.97662640117997
            ],
            [
              -62.12600340169704,
              -34.976180114653204
            ],
            [
              -62.12752173262137,
              -34.97510902698895
            ],
            [
              -62.127304828203606,
              -34.974662740462186
            ],
            [
              -62.12806399366577,
              -34.9740379393247
            ],
            [
              -62.12784708924801,
              -34.97368091010329
            ],
            [
              -62.12849780250129,
              -34.97323462357652
            ],
            [
              -62.12611185390592,
              -34.971003190942675
            ],
            [
              -62.126437210532565,
              -34.97073541902661
            ],
            [
              -62.1262203061148,
              -34.9705569044159
            ],
            [
              -62.125894949488156,
              -34.970824676331965
            ],
            [
              -62.12383435751943,
              -34.96912878753024
            ]
          ]
        ]
      }
    },
    {
      "type": "Feature",
      "properties": {
        "id": "TAYPE",
        "localidad": "ROBERTS",
        "cultivo": "Soja",
        "area_ha": 32.34,
        "error_pct": 32.6,
        "sam_score": 0.959
      },
      "geometry": {
        "type": "Polygon",
        "coordinates": [
          [
            [
              -62.11815929076629,
              -35.007138488469444
            ],
            [
              -62.11544684022398,
              -35.009009180191825
            ],
            [
              -62.111323915399666,
              -35.01257240252017
            ],
            [
              -62.11447035802875,
              -35.01506665815001
            ],
            [
              -62.11479585209383,
              -35.01506665815001
            ],
            [
              -62.115772334289055,
              -35.01435401368434
            ],
            [
              -62.116531820440905,
              -35.01453217480076
            ],
            [
              -62.117291306592755,
              -35.0139086108933
            ],
            [
              -62.11707431054937,
              -35.01328504698584
            ],
            [
              -62.11739980461444,
              -35.01319596642763
            ],
            [
              -62.11783379670121,
              -35.01337412754405
            ],
            [
              -62.11902727493983,
              -35.01230516084554
            ],
            [
              -62.11859328285306,
              -35.0118597580545
            ],
            [
              -62.11826778878798,
              -35.00998906633212
            ],
            [
              -62.11881027889645,
              -35.008474696842576
            ],
            [
              -62.11859328285306,
              -35.00820745516795
            ],
            [
              -62.11881027889645,
              -35.007762052376904
            ],
            [
              -62.11815929076629,
              -35.007138488469444
            ]
          ]
        ]
      }
    },
    {
      "type": "Feature",
      "properties": {
        "id": "TAYPE",
        "localidad": "AMEGHINO",
        "cultivo": "Ma\u00edz",
        "area_ha": 15.44,
        "error_pct": 53.2,
        "sam_score": 0.954
      },
      "geometry": {
        "type": "Polygon",
        "coordinates": [
          [
            [
              -62.33380877789372,
              -34.98748643634973
            ],
            [
              -62.33337403871102,
              -34.98721866443368
            ],
            [
              -62.32978744045379,
              -34.98721866443368
            ],
            [
              -62.32957007086244,
              -34.98739717904438
            ],
            [
              -62.330222179636486,
              -34.991324500479855
            ],
            [
              -62.33043954922783,
              -34.99150301509056
            ],
            [
              -62.33065691881918,
              -34.99150301509056
            ],
            [
              -62.331091658001874,
              -34.99114598586915
            ],
            [
              -62.33152639718457,
              -34.9912352431745
            ],
            [
              -62.33185245157159,
              -34.990878213953096
            ],
            [
              -62.333047984324004,
              -34.990878213953096
            ],
            [
              -62.333156669119674,
              -34.9912352431745
            ],
            [
              -62.33337403871102,
              -34.99141375778521
            ],
            [
              -62.333591408302375,
              -34.9912352431745
            ],
            [
              -62.33380877789372,
              -34.99007489820493
            ],
            [
              -62.333700093098045,
              -34.98945009706747
            ],
            [
              -62.33380877789372,
              -34.989360839762114
            ],
            [
              -62.33380877789372,
              -34.98748643634973
            ]
          ]
        ]
      }
    },
    {
      "type": "Feature",
      "properties": {
        "id": "TAYPE",
        "localidad": "AMEGHINO",
        "cultivo": "Ma\u00edz",
        "area_ha": 32.63,
        "error_pct": 18.4,
        "sam_score": 0.878
      },
      "geometry": {
        "type": "Polygon",
        "coordinates": [
          [
            [
              -62.29410377746175,
              -34.9685883370499
            ],
            [
              -62.29377778943096,
              -34.968856108965966
            ],
            [
              -62.29377778943096,
              -34.970909026989126
            ],
            [
              -62.29410377746175,
              -34.97358674614976
            ],
            [
              -62.2943211028156,
              -34.97376526076047
            ],
            [
              -62.295190404231036,
              -34.97376526076047
            ],
            [
              -62.295625054938746,
              -34.97421154728725
            ],
            [
              -62.29682034438496,
              -34.97447931920331
            ],
            [
              -62.298993597923534,
              -34.974568576508666
            ],
            [
              -62.29953691130818,
              -34.97447931920331
            ],
            [
              -62.30008022469282,
              -34.97403303267654
            ],
            [
              -62.30051487540054,
              -34.9743008045926
            ],
            [
              -62.30094952610825,
              -34.97376526076047
            ],
            [
              -62.30094952610825,
              -34.97314045962299
            ],
            [
              -62.300732200754396,
              -34.97296194501228
            ],
            [
              -62.29997156201589,
              -34.97296194501228
            ],
            [
              -62.29964557398511,
              -34.972515658485506
            ],
            [
              -62.29910226060046,
              -34.97073051237842
            ],
            [
              -62.298884935246605,
              -34.96894536627132
            ],
            [
              -62.298558947215824,
              -34.968677594355256
            ],
            [
              -62.29410377746175,
              -34.9685883370499
            ]
          ]
        ]
      }
    },
    {
      "type": "Feature",
      "properties": {
        "id": "TAYPE",
        "localidad": "ROBERTS",
        "cultivo": "Ma\u00edz",
        "area_ha": 26.25,
        "error_pct": 12.5,
        "sam_score": 0.979
      },
      "geometry": {
        "type": "Polygon",
        "coordinates": [
          [
            [
              -62.078688571160455,
              -34.97032239681214
            ],
            [
              -62.07825563635991,
              -34.970411477370355
            ],
            [
              -62.07749800045897,
              -34.971035041277865
            ],
            [
              -62.07663213085789,
              -34.970678719045004
            ],
            [
              -62.07598272865708,
              -34.97112412183608
            ],
            [
              -62.07446745685519,
              -34.970055155137494
            ],
            [
              -62.074034522054646,
              -34.970055155137494
            ],
            [
              -62.07230278285249,
              -34.97174768574359
            ],
            [
              -62.07230278285249,
              -34.97317297467502
            ],
            [
              -62.07251925025275,
              -34.9736183774661
            ],
            [
              -62.07533332645627,
              -34.9753999886304
            ],
            [
              -62.07576626125681,
              -34.97548906918862
            ],
            [
              -62.078472103760184,
              -34.97326205523324
            ],
            [
              -62.08009560926221,
              -34.97165860518537
            ],
            [
              -62.079554440761534,
              -34.97094596071965
            ],
            [
              -62.078688571160455,
              -34.97032239681214
            ]
          ]
        ]
      }
    },
    {
      "type": "Feature",
      "properties": {
        "id": "TAYPE",
        "localidad": "ROBERTS",
        "cultivo": "Trigo",
        "area_ha": 15.56,
        "error_pct": 35.2,
        "sam_score": 0.954
      },
      "geometry": {
        "type": "Polygon",
        "coordinates": [
          [
            [
              -62.09084064584751,
              -34.98925610896518
            ],
            [
              -62.09062369850799,
              -34.98925610896518
            ],
            [
              -62.08661017272684,
              -34.99264788656852
            ],
            [
              -62.086393225387326,
              -34.993004915789925
            ],
            [
              -62.08693559373613,
              -34.99354045962203
            ],
            [
              -62.08943048814062,
              -34.99532560572906
            ],
            [
              -62.0897559091499,
              -34.99532560572906
            ],
            [
              -62.089972856489425,
              -34.995147091118355
            ],
            [
              -62.08953896181038,
              -34.994700804591595
            ],
            [
              -62.09018980382895,
              -34.9945222899809
            ],
            [
              -62.09051522483823,
              -34.99425451806484
            ],
            [
              -62.09073217217775,
              -34.99309417309528
            ],
            [
              -62.09094911951727,
              -34.99282640117922
            ],
            [
              -62.09084064584751,
              -34.99264788656852
            ],
            [
              -62.09105759318703,
              -34.99148754159896
            ],
            [
              -62.09094911951727,
              -34.99014868201869
            ],
            [
              -62.09105759318703,
              -34.99005942471334
            ],
            [
              -62.09084064584751,
              -34.989880910102634
            ],
            [
              -62.09105759318703,
              -34.98970239549193
            ],
            [
              -62.09094911951727,
              -34.98952388088124
            ],
            [
              -62.09105759318703,
              -34.98943462357588
            ],
            [
              -62.09084064584751,
              -34.98925610896518
            ]
          ]
        ]
      }
    },
    {
      "type": "Feature",
      "properties": {
        "id": "TAYPE",
        "localidad": "CORONEL GRANADA",
        "cultivo": "Trigo",
        "area_ha": 38.66,
        "error_pct": 66.1,
        "sam_score": 0.987
      },
      "geometry": {
        "type": "Polygon",
        "coordinates": [
          [
            [
              -62.12484740665858,
              -34.67946172314817
            ],
            [
              -62.1243070580301,
              -34.67955098045358
            ],
            [
              -62.12311829104743,
              -34.680532810813034
            ],
            [
              -62.12095689653351,
              -34.68267498614274
            ],
            [
              -62.11987619927654,
              -34.68267498614274
            ],
            [
              -62.118579362568184,
              -34.683924588418414
            ],
            [
              -62.122902151596044,
              -34.6874056233292
            ],
            [
              -62.128305637880864,
              -34.68267498614274
            ],
            [
              -62.128089498429475,
              -34.68222869961572
            ],
            [
              -62.126252313092635,
              -34.68062206811844
            ],
            [
              -62.125603894738454,
              -34.68044355350763
            ],
            [
              -62.12538775528706,
              -34.679908009675195
            ],
            [
              -62.12484740665858,
              -34.67946172314817
            ]
          ]
        ]
      }
    },
    {
      "type": "Feature",
      "properties": {
        "id": "TAYPE",
        "localidad": "GENERAL PINTO",
        "cultivo": "Trigo",
        "area_ha": 27.38,
        "error_pct": 8.7,
        "sam_score": 0.931
      },
      "geometry": {
        "type": "Polygon",
        "coordinates": [
          [
            [
              -62.11163594340857,
              -34.945350184994844
            ],
            [
              -62.10870872049767,
              -34.94784938954489
            ],
            [
              -62.108600304834304,
              -34.948206418766325
            ],
            [
              -62.10979287713134,
              -34.94945602104135
            ],
            [
              -62.110660202438275,
              -34.95008082217886
            ],
            [
              -62.11131069641848,
              -34.95008082217886
            ],
            [
              -62.11206960606204,
              -34.94981305026279
            ],
            [
              -62.11315376269571,
              -34.95061636601102
            ],
            [
              -62.11391267233928,
              -34.9504378514003
            ],
            [
              -62.114129503666014,
              -34.95052710870566
            ],
            [
              -62.116189401269985,
              -34.9489204772092
            ],
            [
              -62.11586415427988,
              -34.948206418766325
            ],
            [
              -62.11586415427988,
              -34.94659978726987
            ],
            [
              -62.11521366029968,
              -34.945974986132356
            ],
            [
              -62.11488841330958,
              -34.945974986132356
            ],
            [
              -62.11467158198285,
              -34.94579647152164
            ],
            [
              -62.114346334992746,
              -34.945885728827
            ],
            [
              -62.11369584101254,
              -34.945707214216284
            ],
            [
              -62.11217802172541,
              -34.94561795691092
            ],
            [
              -62.11163594340857,
              -34.945350184994844
            ]
          ]
        ]
      }
    },
    {
      "type": "Feature",
      "properties": {
        "id": "TAYPE",
        "localidad": "CORONEL GRANADA",
        "cultivo": "Soja 2da",
        "area_ha": 23.48,
        "error_pct": 6.7,
        "sam_score": 0.909
      },
      "geometry": {
        "type": "Polygon",
        "coordinates": [
          [
            [
              -62.21125938549541,
              -34.79154386330412
            ],
            [
              -62.21050190488657,
              -34.791276091387964
            ],
            [
              -62.20963621276218,
              -34.791276091387964
            ],
            [
              -62.20920336669999,
              -34.79109757677719
            ],
            [
              -62.20747198245121,
              -34.791276091387964
            ],
            [
              -62.20714734790456,
              -34.79109757677719
            ],
            [
              -62.20671450184237,
              -34.79145460599874
            ],
            [
              -62.20638986729572,
              -34.792079407136434
            ],
            [
              -62.20584880971798,
              -34.792614950968755
            ],
            [
              -62.206065232749076,
              -34.79315049480107
            ],
            [
              -62.206065232749076,
              -34.793775295938765
            ],
            [
              -62.20638986729572,
              -34.794221582465696
            ],
            [
              -62.206281655780174,
              -34.79440009707647
            ],
            [
              -62.20649807881127,
              -34.79493564090878
            ],
            [
              -62.20801304002895,
              -34.79591747126803
            ],
            [
              -62.20920336669999,
              -34.79582821396264
            ],
            [
              -62.20974442427773,
              -34.79564969935187
            ],
            [
              -62.20996084730883,
              -34.79573895665726
            ],
            [
              -62.210177270339926,
              -34.79556044204649
            ],
            [
              -62.21050190488657,
              -34.79556044204649
            ],
            [
              -62.210934750948766,
              -34.79520341282494
            ],
            [
              -62.21125938549541,
              -34.79520341282494
            ],
            [
              -62.211584020042054,
              -34.79493564090878
            ],
            [
              -62.211692231557606,
              -34.79448935438185
            ],
            [
              -62.21180044307315,
              -34.792079407136434
            ],
            [
              -62.21125938549541,
              -34.79154386330412
            ]
          ]
        ]
      }
    },
    {
      "type": "Feature",
      "properties": {
        "id": "TAYPE",
        "localidad": "AMEGHINO",
        "cultivo": "Ma\u00edz",
        "area_ha": 20.58,
        "error_pct": 59.6,
        "sam_score": 0.977
      },
      "geometry": {
        "type": "Polygon",
        "coordinates": [
          [
            [
              -62.23837540849757,
              -34.925670565135434
            ],
            [
              -62.236529103813844,
              -34.927098682021224
            ],
            [
              -62.23609467918238,
              -34.92772348315876
            ],
            [
              -62.24141638091781,
              -34.93227560573223
            ],
            [
              -62.24282826097007,
              -34.93084748884644
            ],
            [
              -62.242719654812205,
              -34.92977640118209
            ],
            [
              -62.241307774759946,
              -34.928259026990936
            ],
            [
              -62.23837540849757,
              -34.925670565135434
            ]
          ]
        ]
      }
    },
    {
      "type": "Feature",
      "properties": {
        "id": "TAYPE",
        "localidad": "AMEGHINO",
        "cultivo": "Ma\u00edz",
        "area_ha": 72.03,
        "error_pct": 52.6,
        "sam_score": 0.96
      },
      "geometry": {
        "type": "Polygon",
        "coordinates": [
          [
            [
              -62.22250675510649,
              -34.94062982820493
            ],
            [
              -62.22153110695162,
              -34.93571091666501
            ],
            [
              -62.22088067484838,
              -34.93472713435702
            ],
            [
              -62.21144940935137,
              -34.93481656911229
            ],
            [
              -62.21090738259866,
              -34.934995438622835
            ],
            [
              -62.21069057189759,
              -34.93481656911229
            ],
            [
              -62.209389707691095,
              -34.93606865568609
            ],
            [
              -62.21025695049542,
              -34.936426394707176
            ],
            [
              -62.2099317344438,
              -34.93678413372827
            ],
            [
              -62.210365355845965,
              -34.937052437994076
            ],
            [
              -62.2099317344438,
              -34.93741017701517
            ],
            [
              -62.21058216654704,
              -34.937678481280976
            ],
            [
              -62.21069057189759,
              -34.938125655057334
            ],
            [
              -62.21578562337298,
              -34.94215021904455
            ],
            [
              -62.221422701601085,
              -34.941166436736566
            ],
            [
              -62.22250675510649,
              -34.94062982820493
            ]
          ]
        ]
      }
    },
    {
      "type": "Feature",
      "properties": {
        "id": "TAYPE",
        "localidad": "GENERAL VILLEGAS",
        "cultivo": "Ma\u00edz",
        "area_ha": 6.56,
        "error_pct": 72.7,
        "sam_score": 0.791
      },
      "geometry": {
        "type": "Polygon",
        "coordinates": [
          [
            [
              -62.86450974720554,
              -35.103152235896395
            ],
            [
              -62.863307713531526,
              -35.10396036191832
            ],
            [
              -62.86319843774298,
              -35.10396036191832
            ],
            [
              -62.86287061037734,
              -35.10431952903917
            ],
            [
              -62.8627613345888,
              -35.10431952903917
            ],
            [
              -62.86199640406897,
              -35.104948071500665
            ],
            [
              -62.86199640406897,
              -35.10512765506109
            ],
            [
              -62.86287061037734,
              -35.10593578108301
            ],
            [
              -62.86297988616589,
              -35.10593578108301
            ],
            [
              -62.8639633682628,
              -35.106743907104935
            ],
            [
              -62.86440047141699,
              -35.10683369888515
            ],
            [
              -62.864619022994084,
              -35.10701328244557
            ],
            [
              -62.864837574571176,
              -35.10683369888515
            ],
            [
              -62.86450974720554,
              -35.106564323544504
            ],
            [
              -62.86450974720554,
              -35.10647453176429
            ],
            [
              -62.86472829878263,
              -35.106205156423655
            ],
            [
              -62.86472829878263,
              -35.106025572863224
            ],
            [
              -62.86494685035972,
              -35.1058459893028
            ],
            [
              -62.864837574571176,
              -35.10512765506109
            ],
            [
              -62.86494685035972,
              -35.104948071500665
            ],
            [
              -62.864837574571176,
              -35.10485827972045
            ],
            [
              -62.864837574571176,
              -35.10458890437981
            ],
            [
              -62.86494685035972,
              -35.1044991125996
            ],
            [
              -62.86494685035972,
              -35.104229737258954
            ],
            [
              -62.86472829878263,
              -35.1038705701381
            ],
            [
              -62.864837574571176,
              -35.10378077835789
            ],
            [
              -62.864837574571176,
              -35.10360119479746
            ],
            [
              -62.86472829878263,
              -35.10351140301725
            ],
            [
              -62.86472829878263,
              -35.10333181945682
            ],
            [
              -62.86450974720554,
              -35.103152235896395
            ]
          ]
        ]
      }
    },
    {
      "type": "Feature",
      "properties": {
        "id": "TAYPE",
        "localidad": "LABOULAYE",
        "cultivo": "Trigo",
        "area_ha": 224.17,
        "error_pct": 37.7,
        "sam_score": 0.953
      },
      "geometry": {
        "type": "Polygon",
        "coordinates": [
          [
            [
              -63.41385057301825,
              -34.48995733111379
            ],
            [
              -63.41395883129861,
              -34.49246649265628
            ],
            [
              -63.41363405645755,
              -34.49273533139297
            ],
            [
              -63.4133092816165,
              -34.49210804100735
            ],
            [
              -63.41287624849509,
              -34.493004170129666
            ],
            [
              -63.41406708957896,
              -34.493362621778594
            ],
            [
              -63.4097367583649,
              -34.494348363813145
            ],
            [
              -63.410711082888064,
              -34.4982017190391
            ],
            [
              -63.4093037252435,
              -34.49838094486357
            ],
            [
              -63.40908720868279,
              -34.49909784816142
            ],
            [
              -63.41081934116841,
              -34.505818816578795
            ],
            [
              -63.41168540741123,
              -34.50608765531549
            ],
            [
              -63.42738285806218,
              -34.50313042921184
            ],
            [
              -63.427707632903235,
              -34.502413525913994
            ],
            [
              -63.426516791819374,
              -34.49838094486357
            ],
            [
              -63.4286819574264,
              -34.49766404156571
            ],
            [
              -63.427599374622886,
              -34.49345223469083
            ],
            [
              -63.42662505009972,
              -34.493183395954134
            ],
            [
              -63.4215369109232,
              -34.49416913798868
            ],
            [
              -63.42023781155899,
              -34.49022616985049
            ],
            [
              -63.41385057301825,
              -34.48995733111379
            ]
          ]
        ]
      }
    },
    {
      "type": "Feature",
      "properties": {
        "id": "TAYPE",
        "localidad": "TRES ALGARROBOS ,EST.CUENCA",
        "cultivo": "Ma\u00edz",
        "area_ha": 22.78,
        "error_pct": 8.9,
        "sam_score": 0.966
      },
      "geometry": {
        "type": "Polygon",
        "coordinates": [
          [
            [
              -62.71045139515569,
              -35.16349202767418
            ],
            [
              -62.710013968412966,
              -35.16367161123459
            ],
            [
              -62.708592331499126,
              -35.16483890437723
            ],
            [
              -62.706951981213926,
              -35.166455156420874
            ],
            [
              -62.7070613378996,
              -35.167083698882294
            ],
            [
              -62.707498764642324,
              -35.16744286600311
            ],
            [
              -62.707936191385045,
              -35.1671734906625
            ],
            [
              -62.70826426144208,
              -35.16744286600311
            ],
            [
              -62.707936191385045,
              -35.167712241343715
            ],
            [
              -62.708154904756405,
              -35.167891824904125
            ],
            [
              -62.70848297481344,
              -35.167712241343715
            ],
            [
              -62.70892040155616,
              -35.16807140846453
            ],
            [
              -62.70946718498457,
              -35.16816120024473
            ],
            [
              -62.70902975824185,
              -35.16843057558534
            ],
            [
              -62.70990461172729,
              -35.16887953448635
            ],
            [
              -62.709795255041605,
              -35.16914890982696
            ],
            [
              -62.710013968412966,
              -35.16932849338737
            ],
            [
              -62.71077946521273,
              -35.16923870160716
            ],
            [
              -62.713950809097454,
              -35.16672453176148
            ],
            [
              -62.713950809097454,
              -35.16654494820108
            ],
            [
              -62.71263852886929,
              -35.16519807149804
            ],
            [
              -62.71045139515569,
              -35.16349202767418
            ]
          ]
        ]
      }
    },
    {
      "type": "Feature",
      "properties": {
        "id": "TAYPE",
        "localidad": "IDIAZABAL",
        "cultivo": "Trigo",
        "area_ha": 70.21,
        "error_pct": 69.7,
        "sam_score": 0.963
      },
      "geometry": {
        "type": "Polygon",
        "coordinates": [
          [
            [
              -62.91441773425806,
              -32.91558211373913
            ],
            [
              -62.913457381624625,
              -32.91423254327685
            ],
            [
              -62.911963499750385,
              -32.91333282963533
            ],
            [
              -62.91121655881327,
              -32.91252308735796
            ],
            [
              -62.90748185412769,
              -32.91054371734662
            ],
            [
              -62.90641479564609,
              -32.91054371734662
            ],
            [
              -62.90460079622738,
              -32.91099357416738
            ],
            [
              -62.902359973416026,
              -32.912433115993814
            ],
            [
              -62.90214656171971,
              -32.914052600548544
            ],
            [
              -62.902359973416026,
              -32.91522222828252
            ],
            [
              -62.90364044359394,
              -32.91864114012029
            ],
            [
              -62.9143110284099,
              -32.91666177010895
            ],
            [
              -62.91452444010622,
              -32.91648182738065
            ],
            [
              -62.91441773425806,
              -32.91558211373913
            ]
          ]
        ]
      }
    },
    {
      "type": "Feature",
      "properties": {
        "id": "TAYPE",
        "localidad": "ORDO\u00d1EZ",
        "cultivo": "Trigo",
        "area_ha": 90.59,
        "error_pct": 7.8,
        "sam_score": 0.925
      },
      "geometry": {
        "type": "Polygon",
        "coordinates": [
          [
            [
              -62.88560195280361,
              -32.94315021219707
            ],
            [
              -62.882506361262855,
              -32.942790326740486
            ],
            [
              -62.876635411789,
              -32.942880298104626
            ],
            [
              -62.87482075467891,
              -32.94395995447439
            ],
            [
              -62.875461221894234,
              -32.94422986856683
            ],
            [
              -62.874607265607125,
              -32.94458975402341
            ],
            [
              -62.87482075467891,
              -32.94494963948
            ],
            [
              -62.87450052107124,
              -32.945219553572436
            ],
            [
              -62.87407354292769,
              -32.94503961084415
            ],
            [
              -62.873860053855914,
              -32.94530952493658
            ],
            [
              -62.87450052107124,
              -32.94530952493658
            ],
            [
              -62.87492749921479,
              -32.94566941039317
            ],
            [
              -62.874607265607125,
              -32.94593932448561
            ],
            [
              -62.87482075467891,
              -32.949088322230736
            ],
            [
              -62.87620843364545,
              -32.950257949964644
            ],
            [
              -62.87599494457368,
              -32.95052786405708
            ],
            [
              -62.876635411789,
              -32.95079777814952
            ],
            [
              -62.87973100332976,
              -32.95079777814952
            ],
            [
              -62.879944492401535,
              -32.9513376063344
            ],
            [
              -62.881652404975746,
              -32.9513376063344
            ],
            [
              -62.88186589404752,
              -32.95079777814952
            ],
            [
              -62.885388463731836,
              -32.950707806785374
            ],
            [
              -62.88602893094716,
              -32.94980809314391
            ],
            [
              -62.88613567548305,
              -32.944499782659264
            ],
            [
              -62.88560195280361,
              -32.94315021219707
            ]
          ]
        ]
      }
    },
    {
      "type": "Feature",
      "properties": {
        "id": "TAYPE",
        "localidad": "ORDO\u00d1EZ",
        "cultivo": "Trigo",
        "area_ha": 61.53,
        "error_pct": 11.9,
        "sam_score": 0.905
      },
      "geometry": {
        "type": "Polygon",
        "coordinates": [
          [
            [
              -62.884033042223244,
              -32.932330011746515
            ],
            [
              -62.88211573166514,
              -32.932060097654066
            ],
            [
              -62.8774289725231,
              -32.932060097654066
            ],
            [
              -62.875618179218215,
              -32.932330011746515
            ],
            [
              -62.87540514471176,
              -32.93250995447481
            ],
            [
              -62.875618179218215,
              -32.932689897203105
            ],
            [
              -62.874766041192395,
              -32.93313975402385
            ],
            [
              -62.874979075698846,
              -32.933499639480445
            ],
            [
              -62.874659523939165,
              -32.933859524937034
            ],
            [
              -62.874979075698846,
              -32.93421941039363
            ],
            [
              -62.874659523939165,
              -32.93448932448607
            ],
            [
              -62.874659523939165,
              -32.936198780404894
            ],
            [
              -62.874979075698846,
              -32.936738608589785
            ],
            [
              -62.874766041192395,
              -32.937008522682234
            ],
            [
              -62.875298627458534,
              -32.93718846541053
            ],
            [
              -62.875298627458534,
              -32.93763832223127
            ],
            [
              -62.87615076548436,
              -32.938178150416164
            ],
            [
              -62.8759377309779,
              -32.93835809314446
            ],
            [
              -62.87657683449727,
              -32.9386280072369
            ],
            [
              -62.88371349046356,
              -32.93853803587275
            ],
            [
              -62.8842460767297,
              -32.93709849404638
            ],
            [
              -62.88445911123616,
              -32.93457929585022
            ],
            [
              -62.8842460767297,
              -32.9334096681163
            ],
            [
              -62.88445911123616,
              -32.93313975402385
            ],
            [
              -62.88392652497002,
              -32.932689897203105
            ],
            [
              -62.884033042223244,
              -32.932330011746515
            ]
          ]
        ]
      }
    },
    {
      "type": "Feature",
      "properties": {
        "id": "TAYPE",
        "localidad": "ORDO\u00d1EZ",
        "cultivo": "Trigo",
        "area_ha": 185.81,
        "error_pct": 11.1,
        "sam_score": 0.954
      },
      "geometry": {
        "type": "Polygon",
        "coordinates": [
          [
            [
              -62.89534675472572,
              -32.929558897179696
            ],
            [
              -62.8948141654487,
              -32.92991806430204
            ],
            [
              -62.88245809422173,
              -32.929738480740866
            ],
            [
              -62.881179879956875,
              -32.9301874396438
            ],
            [
              -62.88160595137849,
              -32.93045681498557
            ],
            [
              -62.88086032639066,
              -32.930815982107916
            ],
            [
              -62.881179879956875,
              -32.93117514923026
            ],
            [
              -62.880647290679846,
              -32.93153431635261
            ],
            [
              -62.881179879956875,
              -32.93189348347496
            ],
            [
              -62.880647290679846,
              -32.93225265059731
            ],
            [
              -62.881286397812275,
              -32.93252202593907
            ],
            [
              -62.880540772824446,
              -32.93297098484201
            ],
            [
              -62.881286397812275,
              -32.93324036018377
            ],
            [
              -62.88043425496904,
              -32.9336893190867
            ],
            [
              -62.88086032639066,
              -32.93395869442847
            ],
            [
              -62.88032773711363,
              -32.93503619579551
            ],
            [
              -62.88086032639066,
              -32.93539536291786
            ],
            [
              -62.880540772824446,
              -32.935844321820795
            ],
            [
              -62.88107336210147,
              -32.93674223962667
            ],
            [
              -62.88107336210147,
              -32.94033391085016
            ],
            [
              -62.88213854065552,
              -32.941950162900724
            ],
            [
              -62.88320371920957,
              -32.94203995468131
            ],
            [
              -62.88331023706497,
              -32.94248891358425
            ],
            [
              -62.88373630848659,
              -32.941950162900724
            ],
            [
              -62.88416237990821,
              -32.94257870536484
            ],
            [
              -62.89524023687032,
              -32.94230933002307
            ],
            [
              -62.89534675472572,
              -32.929558897179696
            ]
          ]
        ]
      }
    },
    {
      "type": "Feature",
      "properties": {
        "id": "TAYPE",
        "localidad": "Marcos Ju\u00e1rez",
        "cultivo": "Soja",
        "area_ha": 69.51,
        "error_pct": 61.4,
        "sam_score": 0.897
      },
      "geometry": {
        "type": "Polygon",
        "coordinates": [
          [
            [
              -61.96372235091464,
              -32.75388210334837
            ],
            [
              -61.959187443401106,
              -32.75504244832288
            ],
            [
              -61.96203494346774,
              -32.765485553093534
            ],
            [
              -61.96351142498378,
              -32.76584258231646
            ],
            [
              -61.96414420277636,
              -32.767181441902444
            ],
            [
              -61.96625346208498,
              -32.767270699208176
            ],
            [
              -61.966358925050415,
              -32.767806243042564
            ],
            [
              -61.966991702842996,
              -32.768074014959765
            ],
            [
              -61.96730809173929,
              -32.76771698573683
            ],
            [
              -61.96678077691214,
              -32.76744921381964
            ],
            [
              -61.96709716580843,
              -32.76700292729098
            ],
            [
              -61.965726147257826,
              -32.760040857443876
            ],
            [
              -61.96878457325533,
              -32.75959457091522
            ],
            [
              -61.96920642511705,
              -32.75905902708082
            ],
            [
              -61.96815179546274,
              -32.75905902708082
            ],
            [
              -61.967624480635585,
              -32.75861274055217
            ],
            [
              -61.9656206842924,
              -32.75905902708082
            ],
            [
              -61.96551522132697,
              -32.75638130790886
            ],
            [
              -61.964355128707226,
              -32.75557799215727
            ],
            [
              -61.96372235091464,
              -32.75388210334837
            ]
          ]
        ]
      }
    },
    {
      "type": "Feature",
      "properties": {
        "id": "TAYPE",
        "localidad": "Marcos Ju\u00e1rez",
        "cultivo": "Ma\u00edz",
        "area_ha": 76.35,
        "error_pct": 9.1,
        "sam_score": 0.932
      },
      "geometry": {
        "type": "Polygon",
        "coordinates": [
          [
            [
              -62.09020791227353,
              -32.775966144211786
            ],
            [
              -62.089150941734566,
              -32.77587688690606
            ],
            [
              -62.08397178609366,
              -32.77676945996335
            ],
            [
              -62.0830205126086,
              -32.77748351840918
            ],
            [
              -62.08354899787808,
              -32.77846534877219
            ],
            [
              -62.083443300824186,
              -32.781321582555506
            ],
            [
              -62.084288877255354,
              -32.7847133601732
            ],
            [
              -62.08640281833327,
              -32.78426707364455
            ],
            [
              -62.08682560654886,
              -32.78462410286747
            ],
            [
              -62.087248394764444,
              -32.78435633095028
            ],
            [
              -62.087671182980024,
              -32.784802617478924
            ],
            [
              -62.087988274141715,
              -32.78435633095028
            ],
            [
              -62.08893954762678,
              -32.78435633095028
            ],
            [
              -62.09020791227353,
              -32.78515964670184
            ],
            [
              -62.091370579866386,
              -32.78524890400757
            ],
            [
              -62.092533247459244,
              -32.7847133601732
            ],
            [
              -62.09200476218976,
              -32.784177816338826
            ],
            [
              -62.092533247459244,
              -32.78230341291852
            ],
            [
              -62.092956035674824,
              -32.78257118483571
            ],
            [
              -62.09316742978262,
              -32.78221415561279
            ],
            [
              -62.09242755040535,
              -32.782035641001336
            ],
            [
              -62.09263894451314,
              -32.78087529602686
            ],
            [
              -62.09232185335145,
              -32.78051826680395
            ],
            [
              -62.093273126836515,
              -32.780250494886765
            ],
            [
              -62.092956035674824,
              -32.77989346566385
            ],
            [
              -62.09337882389041,
              -32.779447179135204
            ],
            [
              -62.09306173272872,
              -32.77917940721802
            ],
            [
              -62.09337882389041,
              -32.778822377995105
            ],
            [
              -62.09306173272872,
              -32.77846534877219
            ],
            [
              -62.093273126836515,
              -32.77819757685501
            ],
            [
              -62.092956035674824,
              -32.77784054763209
            ],
            [
              -62.09263894451314,
              -32.778108319549276
            ],
            [
              -62.092110459243656,
              -32.77784054763209
            ],
            [
              -62.09179336808197,
              -32.77837609146646
            ],
            [
              -62.09020791227353,
              -32.775966144211786
            ]
          ]
        ]
      }
    },
    {
      "type": "Feature",
      "properties": {
        "id": "TAYPE",
        "localidad": "Marcos Ju\u00e1rez",
        "cultivo": "Ma\u00edz",
        "area_ha": 55.69,
        "error_pct": 22.7,
        "sam_score": 0.96
      },
      "geometry": {
        "type": "Polygon",
        "coordinates": [
          [
            [
              -62.05091406221381,
              -32.8405345357482
            ],
            [
              -62.05133629067306,
              -32.841159336888225
            ],
            [
              -62.051652962017506,
              -32.83999899191388
            ],
            [
              -62.05218074759157,
              -32.84124859419394
            ],
            [
              -62.052497418936014,
              -32.8405345357482
            ],
            [
              -62.053025204510085,
              -32.84124859419394
            ],
            [
              -62.0625253448433,
              -32.839641962691005
            ],
            [
              -62.062842016187744,
              -32.83901716155098
            ],
            [
              -62.06210311638405,
              -32.83598241315653
            ],
            [
              -62.06136421658035,
              -32.83517909740506
            ],
            [
              -62.05999197408778,
              -32.83517909740506
            ],
            [
              -62.05967530274334,
              -32.83491132548791
            ],
            [
              -62.058091946021136,
              -32.83491132548791
            ],
            [
              -62.05766971756188,
              -32.835268354710784
            ],
            [
              -62.056191917954486,
              -32.8353576120165
            ],
            [
              -62.05545301815079,
              -32.83455429626503
            ],
            [
              -62.05291964739527,
              -32.83687498621372
            ],
            [
              -62.05154740490269,
              -32.839106418856694
            ],
            [
              -62.051652962017506,
              -32.839374190773846
            ],
            [
              -62.05091406221381,
              -32.83999899191388
            ],
            [
              -62.05091406221381,
              -32.8405345357482
            ]
          ]
        ]
      }
    },
    {
      "type": "Feature",
      "properties": {
        "id": "TAYPE",
        "localidad": "Marcos Ju\u00e1rez",
        "cultivo": "Ma\u00edz",
        "area_ha": 53.55,
        "error_pct": 57.2,
        "sam_score": 0.937
      },
      "geometry": {
        "type": "Polygon",
        "coordinates": [
          [
            [
              -61.990038853384064,
              -32.78730802739719
            ],
            [
              -61.98951134870085,
              -32.78695170516284
            ],
            [
              -61.988667341207716,
              -32.78712986628002
            ],
            [
              -61.98813983652451,
              -32.78695170516284
            ],
            [
              -61.98782333371458,
              -32.78712986628002
            ],
            [
              -61.98529131123517,
              -32.78641722181132
            ],
            [
              -61.98318129250233,
              -32.78650630236991
            ],
            [
              -61.98128227564277,
              -32.78695170516284
            ],
            [
              -61.980860271896205,
              -32.788198832983056
            ],
            [
              -61.98223178407255,
              -32.793098263705325
            ],
            [
              -61.98275928875576,
              -32.7932764248225
            ],
            [
              -61.98982785151078,
              -32.7919402164437
            ],
            [
              -61.99056635806728,
              -32.79087124974066
            ],
            [
              -61.990249855257346,
              -32.78998044415479
            ],
            [
              -61.990460857130635,
              -32.78953504136186
            ],
            [
              -61.990038853384064,
              -32.789267799686094
            ],
            [
              -61.990355356193994,
              -32.78891147745175
            ],
            [
              -61.98982785151078,
              -32.788466074658814
            ],
            [
              -61.990038853384064,
              -32.78810975242447
            ],
            [
              -61.98972235057414,
              -32.78775343019012
            ],
            [
              -61.990038853384064,
              -32.78730802739719
            ]
          ]
        ]
      }
    },
    {
      "type": "Feature",
      "properties": {
        "id": "TAYPE",
        "localidad": "Marcos Ju\u00e1rez",
        "cultivo": "Ma\u00edz",
        "area_ha": 34.43,
        "error_pct": 60.9,
        "sam_score": 0.917
      },
      "geometry": {
        "type": "Polygon",
        "coordinates": [
          [
            [
              -62.12902986375144,
              -32.78029717913516
            ],
            [
              -62.12881846762402,
              -32.780118664523705
            ],
            [
              -62.128184279241765,
              -32.780118664523705
            ],
            [
              -62.1225822818652,
              -32.78136826680391
            ],
            [
              -62.12237088573778,
              -32.781546781415365
            ],
            [
              -62.1225822818652,
              -32.78199306794401
            ],
            [
              -62.12247658380149,
              -32.783242670224205
            ],
            [
              -62.122687979928905,
              -32.7838674713643
            ],
            [
              -62.12247658380149,
              -32.785027816338776
            ],
            [
              -62.12279367799262,
              -32.78529558825596
            ],
            [
              -62.12374496056599,
              -32.78529558825596
            ],
            [
              -62.124062054757125,
              -32.7851170736445
            ],
            [
              -62.124696243139375,
              -32.78520633095023
            ],
            [
              -62.12543612958534,
              -32.78476004442159
            ],
            [
              -62.125753223776464,
              -32.78520633095023
            ],
            [
              -62.12628171409501,
              -32.784938559033044
            ],
            [
              -62.12659880828613,
              -32.78520633095023
            ],
            [
              -62.12807858117806,
              -32.7851170736445
            ],
            [
              -62.12828997730548,
              -32.78529558825596
            ],
            [
              -62.12881846762402,
              -32.78520633095023
            ],
            [
              -62.12913556181515,
              -32.78547410286742
            ],
            [
              -62.13008684438853,
              -32.78556336017314
            ],
            [
              -62.13029824051594,
              -32.78538484556169
            ],
            [
              -62.13029824051594,
              -32.7844922725044
            ],
            [
              -62.12902986375144,
              -32.78029717913516
            ]
          ]
        ]
      }
    },
    {
      "type": "Feature",
      "properties": {
        "id": "TAYPE",
        "localidad": "IDIAZABAL",
        "cultivo": "Trigo",
        "area_ha": 27.02,
        "error_pct": 74.3,
        "sam_score": 0.842
      },
      "geometry": {
        "type": "Polygon",
        "coordinates": [
          [
            [
              -63.08419017098415,
              -32.960342858269335
            ],
            [
              -63.08397664559525,
              -32.96016291554105
            ],
            [
              -63.0770370704559,
              -32.96097265781834
            ],
            [
              -63.07682354506699,
              -32.961152600546626
            ],
            [
              -63.07757088392815,
              -32.96358182737851
            ],
            [
              -63.07810469740041,
              -32.96412165556338
            ],
            [
              -63.07810469740041,
              -32.964751455112385
            ],
            [
              -63.07831822278931,
              -32.96493139784067
            ],
            [
              -63.07895879895602,
              -32.96493139784067
            ],
            [
              -63.0840834082897,
              -32.963941712835094
            ],
            [
              -63.08440369637305,
              -32.96367179874266
            ],
            [
              -63.08376312020634,
              -32.963401884650224
            ],
            [
              -63.0842969336786,
              -32.9631319705578
            ],
            [
              -63.08419017098415,
              -32.962682113737074
            ],
            [
              -63.08376312020634,
              -32.96223225691636
            ],
            [
              -63.08376312020634,
              -32.96160245736735
            ],
            [
              -63.08344283212299,
              -32.961152600546626
            ],
            [
              -63.0838698829008,
              -32.96097265781834
            ],
            [
              -63.08365635751189,
              -32.96070274372591
            ],
            [
              -63.08419017098415,
              -32.960342858269335
            ]
          ]
        ]
      }
    },
    {
      "type": "Feature",
      "properties": {
        "id": "TAYPE",
        "localidad": "Marcos Ju\u00e1rez",
        "cultivo": "Ma\u00edz",
        "area_ha": 39.77,
        "error_pct": 17.1,
        "sam_score": 0.89
      },
      "geometry": {
        "type": "Polygon",
        "coordinates": [
          [
            [
              -62.089663319418534,
              -32.740772775716245
            ],
            [
              -62.089135052539916,
              -32.741308319550654
            ],
            [
              -62.08934635929136,
              -32.74157609146786
            ],
            [
              -62.08924070591564,
              -32.74291495105388
            ],
            [
              -62.09019158629715,
              -32.746485243283274
            ],
            [
              -62.090508546424324,
              -32.746753015200476
            ],
            [
              -62.09103681330294,
              -32.746485243283274
            ],
            [
              -62.09167073355729,
              -32.746753015200476
            ],
            [
              -62.09399510782321,
              -32.746842272506214
            ],
            [
              -62.09431206795038,
              -32.74737781634062
            ],
            [
              -62.09462902807755,
              -32.74719930172915
            ],
            [
              -62.09452337470183,
              -32.746931529811945
            ],
            [
              -62.09494598820472,
              -32.746931529811945
            ],
            [
              -62.094840334829,
              -32.74719930172915
            ],
            [
              -62.09505164158045,
              -32.74737781634062
            ],
            [
              -62.09526294833189,
              -32.74719930172915
            ],
            [
              -62.09505164158045,
              -32.747020787117684
            ],
            [
              -62.09536860170762,
              -32.746753015200476
            ],
            [
              -62.09547425508334,
              -32.745057126391515
            ],
            [
              -62.09579121521051,
              -32.744432325251374
            ],
            [
              -62.096425135464855,
              -32.744075296028434
            ],
            [
              -62.09610817533768,
              -32.743807524111226
            ],
            [
              -62.09631948208913,
              -32.74327198027682
            ],
            [
              -62.09568556183479,
              -32.742022377996534
            ],
            [
              -62.09536860170762,
              -32.74175460607933
            ],
            [
              -62.09452337470183,
              -32.74157609146786
            ],
            [
              -62.09452337470183,
              -32.740594261104775
            ],
            [
              -62.09346684094459,
              -32.740237231881835
            ],
            [
              -62.09145942680584,
              -32.740237231881835
            ],
            [
              -62.089663319418534,
              -32.740772775716245
            ]
          ]
        ]
      }
    },
    {
      "type": "Feature",
      "properties": {
        "id": "TAYPE",
        "localidad": "Marcos Ju\u00e1rez",
        "cultivo": "Ma\u00edz",
        "area_ha": 17.11,
        "error_pct": 49.7,
        "sam_score": 0.912
      },
      "geometry": {
        "type": "Polygon",
        "coordinates": [
          [
            [
              -62.05423994783252,
              -32.77350018507599
            ],
            [
              -62.05223179371066,
              -32.773678699687444
            ],
            [
              -62.05128056281084,
              -32.77394647160463
            ],
            [
              -62.05085779352202,
              -32.77394647160463
            ],
            [
              -62.05054071655542,
              -32.77421424352182
            ],
            [
              -62.05064640887762,
              -32.77591013233068
            ],
            [
              -62.05085779352202,
              -32.7762671615536
            ],
            [
              -62.05117487048863,
              -32.7775167638338
            ],
            [
              -62.05159763977744,
              -32.77787379305672
            ],
            [
              -62.05191471674405,
              -32.777695278445265
            ],
            [
              -62.05233748603286,
              -32.777695278445265
            ],
            [
              -62.05276025532168,
              -32.7775167638338
            ],
            [
              -62.05519117873234,
              -32.77715973461089
            ],
            [
              -62.05550825569895,
              -32.77680270538797
            ],
            [
              -62.05540256337675,
              -32.77671344808224
            ],
            [
              -62.055296871054544,
              -32.77555310310776
            ],
            [
              -62.05466271712133,
              -32.77421424352182
            ],
            [
              -62.05466271712133,
              -32.77394647160463
            ],
            [
              -62.05423994783252,
              -32.77350018507599
            ]
          ]
        ]
      }
    },
    {
      "type": "Feature",
      "properties": {
        "id": "TAYPE",
        "localidad": "ORDO\u00d1EZ",
        "cultivo": "Ma\u00edz",
        "area_ha": 28.05,
        "error_pct": 6.5,
        "sam_score": 0.946
      },
      "geometry": {
        "type": "Polygon",
        "coordinates": [
          [
            [
              -62.802835973549755,
              -32.85889306886167
            ],
            [
              -62.8003881259753,
              -32.859252235984066
            ],
            [
              -62.80006884150907,
              -32.85916244420347
            ],
            [
              -62.79762099393462,
              -32.85979098666766
            ],
            [
              -62.79708885315757,
              -32.860150153790066
            ],
            [
              -62.79719528131298,
              -32.86086848803486
            ],
            [
              -62.796982425002156,
              -32.861766405840854
            ],
            [
              -62.79751456577921,
              -32.862215364743854
            ],
            [
              -62.797727422090034,
              -32.86320307433045
            ],
            [
              -62.79762099393462,
              -32.86392140857525
            ],
            [
              -62.797833850245446,
              -32.86410099213645
            ],
            [
              -62.80028169781989,
              -32.86374182501405
            ],
            [
              -62.80070741044154,
              -32.86320307433045
            ],
            [
              -62.80102669490777,
              -32.86356224145285
            ],
            [
              -62.80241026092811,
              -32.86338265789165
            ],
            [
              -62.80336811432681,
              -32.863113282549854
            ],
            [
              -62.80390025510386,
              -32.86275411542746
            ],
            [
              -62.804006683259274,
              -32.862484740085655
            ],
            [
              -62.80358097063763,
              -32.861407238718456
            ],
            [
              -62.803261686171396,
              -32.85961140310646
            ],
            [
              -62.802835973549755,
              -32.85889306886167
            ]
          ]
        ]
      }
    },
    {
      "type": "Feature",
      "properties": {
        "id": "TAYPE",
        "localidad": "IDIAZABAL",
        "cultivo": "Ma\u00edz",
        "area_ha": 52.99,
        "error_pct": 34.6,
        "sam_score": 0.95
      },
      "geometry": {
        "type": "Polygon",
        "coordinates": [
          [
            [
              -63.12677771883878,
              -32.86485995447727
            ],
            [
              -63.11995216910542,
              -32.865939610847185
            ],
            [
              -63.11835243088666,
              -32.86647943903215
            ],
            [
              -63.1194189230325,
              -32.87097800724013
            ],
            [
              -63.120058818320004,
              -32.87259749179501
            ],
            [
              -63.12027211674917,
              -32.87241754906669
            ],
            [
              -63.12080536282209,
              -32.87250752043085
            ],
            [
              -63.12112531046584,
              -32.871967692245896
            ],
            [
              -63.121658556538755,
              -32.87169777815341
            ],
            [
              -63.12251175025543,
              -32.871877720881734
            ],
            [
              -63.12379154083043,
              -32.87259749179501
            ],
            [
              -63.12421813768877,
              -32.871877720881734
            ],
            [
              -63.12496468219086,
              -32.871967692245896
            ],
            [
              -63.12581787590752,
              -32.87169777815341
            ],
            [
              -63.12581787590752,
              -32.871427864060934
            ],
            [
              -63.12635112198044,
              -32.871067978604295
            ],
            [
              -63.126671069624194,
              -32.86899863722862
            ],
            [
              -63.12699101726795,
              -32.86863875177198
            ],
            [
              -63.127204315697114,
              -32.866299496303824
            ],
            [
              -63.12709766648253,
              -32.86530981129807
            ],
            [
              -63.12677771883878,
              -32.86485995447727
            ]
          ]
        ]
      }
    },
    {
      "type": "Feature",
      "properties": {
        "id": "TAYPE",
        "localidad": "IDIAZABAL",
        "cultivo": "Ma\u00edz",
        "area_ha": 100.72,
        "error_pct": 11.6,
        "sam_score": 0.969
      },
      "geometry": {
        "type": "Polygon",
        "coordinates": [
          [
            [
              -63.10983678446461,
              -32.83751730840493
            ],
            [
              -63.107921481733705,
              -32.83751730840493
            ],
            [
              -63.107283047490064,
              -32.837157422948266
            ],
            [
              -63.10355884773552,
              -32.83742733704076
            ],
            [
              -63.1020691678337,
              -32.83805713658991
            ],
            [
              -63.101856356419155,
              -32.83940670705237
            ],
            [
              -63.101537139297335,
              -32.83922676432404
            ],
            [
              -63.101749950711884,
              -32.83877690750322
            ],
            [
              -63.101217922175515,
              -32.83877690750322
            ],
            [
              -63.101430733590064,
              -32.83922676432404
            ],
            [
              -63.10100511076097,
              -32.8395866497807
            ],
            [
              -63.10068589363915,
              -32.83931673568821
            ],
            [
              -63.1008987050537,
              -32.83823707931823
            ],
            [
              -63.10015386510279,
              -32.8383270506824
            ],
            [
              -63.10015386510279,
              -32.83967662114486
            ],
            [
              -63.101217922175515,
              -32.83994653523735
            ],
            [
              -63.101111516468244,
              -32.84075627751483
            ],
            [
              -63.10068589363915,
              -32.84102619160732
            ],
            [
              -63.10132432788279,
              -32.84138607706398
            ],
            [
              -63.1008987050537,
              -32.84174596252063
            ],
            [
              -63.101217922175515,
              -32.842015876613125
            ],
            [
              -63.1008987050537,
              -32.84264567616228
            ],
            [
              -63.10238838495552,
              -32.84777404391962
            ],
            [
              -63.11207130431734,
              -32.84624453072883
            ],
            [
              -63.11281614426825,
              -32.84579467390802
            ],
            [
              -63.11260333285371,
              -32.84480498890221
            ],
            [
              -63.1118584929028,
              -32.843995246624736
            ],
            [
              -63.11047521870825,
              -32.83841702204656
            ],
            [
              -63.10983678446461,
              -32.83751730840493
            ]
          ]
        ]
      }
    },
    {
      "type": "Feature",
      "properties": {
        "id": "TAYPE",
        "localidad": "IDIAZABAL",
        "cultivo": "Trigo",
        "area_ha": 53.43,
        "error_pct": 64.4,
        "sam_score": 0.976
      },
      "geometry": {
        "type": "Polygon",
        "coordinates": [
          [
            [
              -63.12532636048248,
              -32.85908722249672
            ],
            [
              -63.12170769779856,
              -32.8593571365892
            ],
            [
              -63.12138840403233,
              -32.85962705068168
            ],
            [
              -63.11713115381595,
              -32.86061673568745
            ],
            [
              -63.11734401632677,
              -32.862506134334815
            ],
            [
              -63.11819546637005,
              -32.865745103444596
            ],
            [
              -63.11851476013627,
              -32.866104988901235
            ],
            [
              -63.12607137927035,
              -32.86484538980299
            ],
            [
              -63.12692282931363,
              -32.86448550434635
            ],
            [
              -63.125645654248714,
              -32.8593571365892
            ],
            [
              -63.12532636048248,
              -32.85908722249672
            ]
          ]
        ]
      }
    },
    {
      "type": "Feature",
      "properties": {
        "id": "TAYPE",
        "localidad": "ETRURIA",
        "cultivo": "Trigo",
        "area_ha": 25.98,
        "error_pct": 39.6,
        "sam_score": 0.881
      },
      "geometry": {
        "type": "MultiPolygon",
        "coordinates": [
          [
            [
              [
                -63.162051201169646,
                -32.95372702867242
              ],
              [
                -63.159600762552216,
                -32.95426577935592
              ],
              [
                -63.158322272838774,
                -32.9543555711365
              ],
              [
                -63.15768302798205,
                -32.954714738258836
              ],
              [
                -63.15576529341189,
                -32.95498411360059
              ],
              [
                -63.15533913017408,
                -32.95525348894234
              ],
              [
                -63.155445670983525,
                -32.955971823187014
              ],
              [
                -63.15576529341189,
                -32.95633099030935
              ],
              [
                -63.155871834221344,
                -32.95731869989577
              ],
              [
                -63.15661761988752,
                -32.9588451601657
              ],
              [
                -63.15736340555369,
                -32.95911453550745
              ],
              [
                -63.159174599314404,
                -32.95911453550745
              ],
              [
                -63.1605596298373,
                -32.95866557660453
              ],
              [
                -63.16024000740894,
                -32.95839620126278
              ],
              [
                -63.16066617064675,
                -32.957947242359865
              ],
              [
                -63.16034654821839,
                -32.95767786701811
              ],
              [
                -63.16034654821839,
                -32.95677994921227
              ],
              [
                -63.16098579307511,
                -32.95633099030935
              ],
              [
                -63.16130541550347,
                -32.95695953277344
              ],
              [
                -63.16173157874129,
                -32.95651057387052
              ],
              [
                -63.16237082359801,
                -32.95507390538118
              ],
              [
                -63.162051201169646,
                -32.954624946478255
              ],
              [
                -63.162264282788556,
                -32.95390661223358
              ],
              [
                -63.162051201169646,
                -32.95372702867242
              ]
            ]
          ],
          [
            [
              [
                -63.16130541550347,
                -32.95695953277344
              ],
              [
                -63.16109233388457,
                -32.95731869989577
              ],
              [
                -63.16130541550347,
                -32.95749828345694
              ],
              [
                -63.161625037931834,
                -32.95722890811519
              ],
              [
                -63.16130541550347,
                -32.95695953277344
              ]
            ]
          ]
        ]
      }
    },
    {
      "type": "Feature",
      "properties": {
        "id": "TAYPE",
        "localidad": "IDIAZABAL",
        "cultivo": "Ma\u00edz",
        "area_ha": 36.79,
        "error_pct": 40.7,
        "sam_score": 0.957
      },
      "geometry": {
        "type": "Polygon",
        "coordinates": [
          [
            [
              -63.02375191055852,
              -32.86695670705138
            ],
            [
              -63.019912436356364,
              -32.867586506600496
            ],
            [
              -63.018419307499975,
              -32.86821630614961
            ],
            [
              -63.019805784295194,
              -32.87307475981422
            ],
            [
              -63.02012574047871,
              -32.87343464527086
            ],
            [
              -63.02097895696808,
              -32.873164731178385
            ],
            [
              -63.0223654337633,
              -32.87370455936334
            ],
            [
              -63.023005346130326,
              -32.87361458799918
            ],
            [
              -63.023431954375006,
              -32.873794530727494
            ],
            [
              -63.02375191055852,
              -32.87352461663502
            ],
            [
              -63.024178518803204,
              -32.873884502091656
            ],
            [
              -63.02460512704789,
              -32.87343464527086
            ],
            [
              -63.02535169147608,
              -32.873164731178385
            ],
            [
              -63.02503173529257,
              -32.87037561888944
            ],
            [
              -63.024178518803204,
              -32.86749653523634
            ],
            [
              -63.02375191055852,
              -32.86695670705138
            ]
          ]
        ]
      }
    },
    {
      "type": "Feature",
      "properties": {
        "id": "TAYPE",
        "localidad": "ORDO\u00d1EZ",
        "cultivo": "Soja 1ra",
        "area_ha": 60.96,
        "error_pct": 35.8,
        "sam_score": 0.939
      },
      "geometry": {
        "type": "Polygon",
        "coordinates": [
          [
            [
              -62.91245805987065,
              -32.716730727649605
            ],
            [
              -62.90915734693976,
              -32.71700064174216
            ],
            [
              -62.908305550054365,
              -32.71781038401982
            ],
            [
              -62.908305550054365,
              -32.71898001175421
            ],
            [
              -62.90862497388639,
              -32.719609811303506
            ],
            [
              -62.90873144849706,
              -32.721769124043924
            ],
            [
              -62.90926382155043,
              -32.724198350876904
            ],
            [
              -62.909689719993125,
              -32.724918121790374
            ],
            [
              -62.91064799148919,
              -32.72545794997548
            ],
            [
              -62.91139331376391,
              -32.726447634981504
            ],
            [
              -62.91565229819087,
              -32.72581783543222
            ],
            [
              -62.91639762046559,
              -32.72500809315456
            ],
            [
              -62.91597172202289,
              -32.72473817906201
            ],
            [
              -62.91597172202289,
              -32.72329863723506
            ],
            [
              -62.91639762046559,
              -32.723028723142505
            ],
            [
              -62.91597172202289,
              -32.721499209951375
            ],
            [
              -62.91490697591615,
              -32.72005966812442
            ],
            [
              -62.914694026694804,
              -32.718800069025846
            ],
            [
              -62.913309856756044,
              -32.717180584470526
            ],
            [
              -62.91245805987065,
              -32.716730727649605
            ]
          ]
        ]
      }
    },
    {
      "type": "Feature",
      "properties": {
        "id": "TAYPE",
        "localidad": "IDIAZABAL",
        "cultivo": "Soja 1ra",
        "area_ha": 41.83,
        "error_pct": 60.5,
        "sam_score": 0.891
      },
      "geometry": {
        "type": "Polygon",
        "coordinates": [
          [
            [
              -63.05607136920817,
              -32.76841616297433
            ],
            [
              -63.05010558985279,
              -32.76949581934445
            ],
            [
              -63.04935986743337,
              -32.770035647529504
            ],
            [
              -63.04935986743337,
              -32.771205275263796
            ],
            [
              -63.0504251851754,
              -32.77435427300996
            ],
            [
              -63.050851312272215,
              -32.77381444482491
            ],
            [
              -63.05127743936903,
              -32.77399438755326
            ],
            [
              -63.05159703469164,
              -32.773634502096556
            ],
            [
              -63.052129693562655,
              -32.77381444482491
            ],
            [
              -63.05244928888526,
              -32.77354453073238
            ],
            [
              -63.05340807485309,
              -32.774714158466665
            ],
            [
              -63.05457992436933,
              -32.77435427300996
            ],
            [
              -63.054899519691936,
              -32.774714158466665
            ],
            [
              -63.05426032904672,
              -32.7749840725592
            ],
            [
              -63.05447339259512,
              -32.77516401528755
            ],
            [
              -63.05585830565976,
              -32.77525398665173
            ],
            [
              -63.05617790098238,
              -32.7749840725592
            ],
            [
              -63.05553871033715,
              -32.774714158466665
            ],
            [
              -63.05575177388556,
              -32.77444424437414
            ],
            [
              -63.05617790098238,
              -32.774714158466665
            ],
            [
              -63.0571366869502,
              -32.77462418710249
            ],
            [
              -63.05745628227281,
              -32.7749840725592
            ],
            [
              -63.057775877595425,
              -32.77435427300996
            ],
            [
              -63.057030155176,
              -32.771205275263796
            ],
            [
              -63.05607136920817,
              -32.76841616297433
            ]
          ]
        ]
      }
    },
    {
      "type": "Feature",
      "properties": {
        "id": "TAYPE",
        "localidad": "IDIAZABAL",
        "cultivo": "Soja 2da",
        "area_ha": 56.31,
        "error_pct": 75.0,
        "sam_score": 0.829
      },
      "geometry": {
        "type": "Polygon",
        "coordinates": [
          [
            [
              -63.04215849992591,
              -32.74719710795713
            ],
            [
              -63.040347830931836,
              -32.74674725113623
            ],
            [
              -63.039921791168524,
              -32.74593750885862
            ],
            [
              -63.03693951282535,
              -32.74683722250041
            ],
            [
              -63.03587441341707,
              -32.7455776234019
            ],
            [
              -63.03459629412714,
              -32.74638736567951
            ],
            [
              -63.03512884383128,
              -32.74620742295115
            ],
            [
              -63.03576790347625,
              -32.74701716522877
            ],
            [
              -63.03225307542893,
              -32.747556993413845
            ],
            [
              -63.031081466079826,
              -32.748366735691455
            ],
            [
              -63.031187976020654,
              -32.7507959625243
            ],
            [
              -63.03193354560645,
              -32.751875618894445
            ],
            [
              -63.03204005554728,
              -32.75322518935714
            ],
            [
              -63.03299864501472,
              -32.753135217992956
            ],
            [
              -63.03225307542893,
              -32.751875618894445
            ],
            [
              -63.03310515495555,
              -32.74908650660489
            ],
            [
              -63.034383274245485,
              -32.752325475715345
            ],
            [
              -63.034915823949625,
              -32.75268536117206
            ],
            [
              -63.03619394323955,
              -32.75259538980788
            ],
            [
              -63.03651347306204,
              -32.75142576207355
            ],
            [
              -63.037152532707005,
              -32.75259538980788
            ],
            [
              -63.040880380635976,
              -32.75196559025863
            ],
            [
              -63.04130642039929,
              -32.751335790709376
            ],
            [
              -63.04183897010343,
              -32.75178564753027
            ],
            [
              -63.04279755957087,
              -32.75160570480191
            ],
            [
              -63.04301057945253,
              -32.75097590525266
            ],
            [
              -63.04226500986674,
              -32.748816592512355
            ],
            [
              -63.040880380635976,
              -32.74935642069743
            ],
            [
              -63.04151944028094,
              -32.75016616297504
            ],
            [
              -63.04077387069515,
              -32.7503461057034
            ],
            [
              -63.04056085081349,
              -32.74746702204966
            ],
            [
              -63.04215849992591,
              -32.74719710795713
            ]
          ]
        ]
      }
    },
    {
      "type": "Feature",
      "properties": {
        "id": "TAYPE",
        "localidad": "IDIAZABAL",
        "cultivo": "Maiz 2da",
        "area_ha": 36.67,
        "error_pct": 80.2,
        "sam_score": 0.861
      },
      "geometry": {
        "type": "Polygon",
        "coordinates": [
          [
            [
              -63.03533965500357,
              -32.77640613433819
            ],
            [
              -63.02917262235989,
              -32.777395819344115
            ],
            [
              -63.0288536379128,
              -32.77766573343664
            ],
            [
              -63.02970426310503,
              -32.78189438755286
            ],
            [
              -63.030235903850176,
              -32.78297404392296
            ],
            [
              -63.031511841638526,
              -32.78261415846626
            ],
            [
              -63.03512699870551,
              -32.78207433028121
            ],
            [
              -63.03597762389774,
              -32.78162447346034
            ],
            [
              -63.036190280195804,
              -32.78054481709024
            ],
            [
              -63.03587129574871,
              -32.780184931633535
            ],
            [
              -63.03608395204677,
              -32.77982504617684
            ],
            [
              -63.03555231130163,
              -32.77937518935596
            ],
            [
              -63.03533965500357,
              -32.77766573343664
            ],
            [
              -63.035020670556484,
              -32.777395819344115
            ],
            [
              -63.03555231130163,
              -32.77658607706654
            ],
            [
              -63.03533965500357,
              -32.77640613433819
            ]
          ]
        ]
      }
    },
    {
      "type": "Feature",
      "properties": {
        "id": "TAYPE",
        "localidad": "IDIAZABAL",
        "cultivo": "Maiz 2da",
        "area_ha": 24.11,
        "error_pct": 65.1,
        "sam_score": 0.928
      },
      "geometry": {
        "type": "Polygon",
        "coordinates": [
          [
            [
              -63.041518423056026,
              -32.780902743733044
            ],
            [
              -63.03757620623207,
              -32.781442571918085
            ],
            [
              -63.03640419582494,
              -32.78171248601061
            ],
            [
              -63.036084556623,
              -32.78198240010313
            ],
            [
              -63.03661728862624,
              -32.78360188465827
            ],
            [
              -63.03661728862624,
              -32.78405174147914
            ],
            [
              -63.03736311343077,
              -32.78504142648505
            ],
            [
              -63.03768275263271,
              -32.78504142648505
            ],
            [
              -63.03768275263271,
              -32.78549128330592
            ],
            [
              -63.03789584543401,
              -32.785671226034275
            ],
            [
              -63.04205115505926,
              -32.78504142648505
            ],
            [
              -63.04269043346315,
              -32.78477151239253
            ],
            [
              -63.041838062257966,
              -32.781172657825564
            ],
            [
              -63.041518423056026,
              -32.780902743733044
            ]
          ]
        ]
      }
    },
    {
      "type": "Feature",
      "properties": {
        "id": "TAYPE",
        "localidad": "IDIAZABAL",
        "cultivo": "Soja 1ra",
        "area_ha": 184.04,
        "error_pct": 27.5,
        "sam_score": 0.951
      },
      "geometry": {
        "type": "Polygon",
        "coordinates": [
          [
            [
              -63.04339015598766,
              -32.73871081355636
            ],
            [
              -63.03540256650626,
              -32.73970049856234
            ],
            [
              -63.02847998895571,
              -32.741409954481774
            ],
            [
              -63.02911899611422,
              -32.743929152678824
            ],
            [
              -63.02847998895571,
              -32.74410909540719
            ],
            [
              -63.029331998500396,
              -32.744379009499724
            ],
            [
              -63.02965150207965,
              -32.7459085226908
            ],
            [
              -63.02922549730731,
              -32.74599849405497
            ],
            [
              -63.02890599372805,
              -32.744648923592266
            ],
            [
              -63.02847998895571,
              -32.74761797861022
            ],
            [
              -63.02997100565891,
              -32.747887892702764
            ],
            [
              -63.030290509238164,
              -32.75085694772072
            ],
            [
              -63.03114251878284,
              -32.751036890449086
            ],
            [
              -63.03188802713444,
              -32.751936604090886
            ],
            [
              -63.03242053309987,
              -32.75175666136253
            ],
            [
              -63.032527034292954,
              -32.752386460911794
            ],
            [
              -63.03348554503072,
              -32.75247643227597
            ],
            [
              -63.034018050996146,
              -32.751666689998345
            ],
            [
              -63.03455055696158,
              -32.75247643227597
            ],
            [
              -63.03604157366477,
              -32.752656375004335
            ],
            [
              -63.04285765002223,
              -32.7513967759058
            ],
            [
              -63.042112141670636,
              -32.74896754907293
            ],
            [
              -63.04488117269085,
              -32.748157806795305
            ],
            [
              -63.04339015598766,
              -32.73871081355636
            ]
          ]
        ]
      }
    },
    {
      "type": "Feature",
      "properties": {
        "id": "TAYPE",
        "localidad": "MONTE BUEY",
        "cultivo": "Soja 2da",
        "area_ha": 39.36,
        "error_pct": 76.1,
        "sam_score": 0.954
      },
      "geometry": {
        "type": "Polygon",
        "coordinates": [
          [
            [
              -62.4603253345713,
              -32.70986345229832
            ],
            [
              -62.45588060989157,
              -32.71057893034354
            ],
            [
              -62.45503399566686,
              -32.71093666936615
            ],
            [
              -62.455457302779216,
              -32.712099321189626
            ],
            [
              -62.455563129557305,
              -32.7132619730131
            ],
            [
              -62.457044704450546,
              -32.71594501568266
            ],
            [
              -62.458314625787615,
              -32.7175548412844
            ],
            [
              -62.45863210612188,
              -32.717197102261785
            ],
            [
              -62.45894958645615,
              -32.7177337107957
            ],
            [
              -62.45969037390277,
              -32.71746540652874
            ],
            [
              -62.459796200680856,
              -32.716839363239174
            ],
            [
              -62.4603253345713,
              -32.717197102261785
            ],
            [
              -62.46021950779321,
              -32.71737597177309
            ],
            [
              -62.46043116134939,
              -32.7175548412844
            ],
            [
              -62.46191273624263,
              -32.71746540652874
            ],
            [
              -62.4622302165769,
              -32.717197102261785
            ],
            [
              -62.46074864168366,
              -32.710757799854846
            ],
            [
              -62.4603253345713,
              -32.70986345229832
            ]
          ]
        ]
      }
    },
    {
      "type": "Feature",
      "properties": {
        "id": "TAYPE",
        "localidad": "LEONES",
        "cultivo": "Ma\u00edz",
        "area_ha": 23.99,
        "error_pct": 61.3,
        "sam_score": 0.885
      },
      "geometry": {
        "type": "Polygon",
        "coordinates": [
          [
            [
              -62.38054950368108,
              -32.67475542261348
            ],
            [
              -62.380020591629545,
              -32.67439768359085
            ],
            [
              -62.37906854993678,
              -32.67466598785782
            ],
            [
              -62.374414123883255,
              -32.67529203114743
            ],
            [
              -62.37282738772865,
              -32.67582863968138
            ],
            [
              -62.372086910856495,
              -32.67582863968138
            ],
            [
              -62.37124065157404,
              -32.676365248215326
            ],
            [
              -62.37166378121527,
              -32.67779620430586
            ],
            [
              -62.37240425808742,
              -32.678332812839805
            ],
            [
              -62.37557773039664,
              -32.677885639061515
            ],
            [
              -62.3764239896791,
              -32.67761733479454
            ],
            [
              -62.37843385547494,
              -32.677438465283224
            ],
            [
              -62.37959746198832,
              -32.676901856749275
            ],
            [
              -62.38065528609139,
              -32.67672298723796
            ],
            [
              -62.38097263332231,
              -32.67627581345967
            ],
            [
              -62.38023215645016,
              -32.675470900658745
            ],
            [
              -62.38023215645016,
              -32.675023726880454
            ],
            [
              -62.38054950368108,
              -32.67475542261348
            ]
          ]
        ]
      }
    },
    {
      "type": "Feature",
      "properties": {
        "id": "TAYPE",
        "localidad": "SALADILLO",
        "cultivo": "Trigo",
        "area_ha": 14.23,
        "error_pct": 74.1,
        "sam_score": 0.826
      },
      "geometry": {
        "type": "Polygon",
        "coordinates": [
          [
            [
              -62.333529698646245,
              -32.94085333602379
            ],
            [
              -62.33310529424646,
              -32.94121107504625
            ],
            [
              -62.3334235975463,
              -32.94192655309116
            ],
            [
              -62.333529698646245,
              -32.94282090064729
            ],
            [
              -62.33384800194609,
              -32.9435363786922
            ],
            [
              -62.33427240634588,
              -32.945414508560084
            ],
            [
              -62.33469681074567,
              -32.945682812826924
            ],
            [
              -62.33501511404551,
              -32.9455039433157
            ],
            [
              -62.33607612504498,
              -32.945414508560084
            ],
            [
              -62.337455439344296,
              -32.94452016100395
            ],
            [
              -62.33756154044424,
              -32.944162421981495
            ],
            [
              -62.33809204594398,
              -32.943715248203425
            ],
            [
              -62.33798594484403,
              -32.94255259638045
            ],
            [
              -62.33756154044424,
              -32.942194857358
            ],
            [
              -62.33597002394504,
              -32.942194857358
            ],
            [
              -62.335651720645195,
              -32.942015987846766
            ],
            [
              -62.33501511404551,
              -32.942015987846766
            ],
            [
              -62.33448460854577,
              -32.94165824882432
            ],
            [
              -62.334060204145985,
              -32.94112164029063
            ],
            [
              -62.333529698646245,
              -32.94085333602379
            ]
          ]
        ]
      }
    },
    {
      "type": "Feature",
      "properties": {
        "id": "TAYPE",
        "localidad": "LEONES",
        "cultivo": "Ma\u00edz",
        "area_ha": 21.67,
        "error_pct": 13.3,
        "sam_score": 0.947
      },
      "geometry": {
        "type": "Polygon",
        "coordinates": [
          [
            [
              -62.341421558205106,
              -32.702304524654565
            ],
            [
              -62.34099828865308,
              -32.70194678563195
            ],
            [
              -62.340257566937034,
              -32.702036220387605
            ],
            [
              -62.33983429738501,
              -32.701767916120644
            ],
            [
              -62.339622662608996,
              -32.701857350876296
            ],
            [
              -62.33676559313282,
              -32.701767916120644
            ],
            [
              -62.33613068880478,
              -32.701857350876296
            ],
            [
              -62.335601601864745,
              -32.702393959410216
            ],
            [
              -62.335919054028764,
              -32.70489813256851
            ],
            [
              -62.33613068880478,
              -32.70507700207982
            ],
            [
              -62.33613068880478,
              -32.70570304536939
            ],
            [
              -62.336342323580794,
              -32.70588191488069
            ],
            [
              -62.33676559313282,
              -32.70579248012504
            ],
            [
              -62.337083045296836,
              -32.70588191488069
            ],
            [
              -62.34089247126507,
              -32.70516643683547
            ],
            [
              -62.34152737559311,
              -32.7045403935459
            ],
            [
              -62.34163319298112,
              -32.70418265452328
            ],
            [
              -62.34163319298112,
              -32.702930567944136
            ],
            [
              -62.341421558205106,
              -32.702304524654565
            ]
          ]
        ]
      }
    },
    {
      "type": "Feature",
      "properties": {
        "id": "TAYPE",
        "localidad": "LEONES",
        "cultivo": "Ma\u00edz",
        "area_ha": 21.71,
        "error_pct": 13.2,
        "sam_score": 0.962
      },
      "geometry": {
        "type": "Polygon",
        "coordinates": [
          [
            [
              -62.34366421794824,
              -32.70498666936637
            ],
            [
              -62.339431429133974,
              -32.70570214741159
            ],
            [
              -62.33911396997291,
              -32.70597045167855
            ],
            [
              -62.33974888829505,
              -32.70865349434814
            ],
            [
              -62.340066347456116,
              -32.7091006681264
            ],
            [
              -62.340066347456116,
              -32.709458407149015
            ],
            [
              -62.34027798689683,
              -32.70963727666032
            ],
            [
              -62.34292347990574,
              -32.709726711415975
            ],
            [
              -62.34377003766859,
              -32.709458407149015
            ],
            [
              -62.34419331655002,
              -32.7091006681264
            ],
            [
              -62.34482823487215,
              -32.70883236385944
            ],
            [
              -62.34408749682966,
              -32.705523277900284
            ],
            [
              -62.34366421794824,
              -32.70498666936637
            ]
          ]
        ]
      }
    },
    {
      "type": "Feature",
      "properties": {
        "id": "TAYPE",
        "localidad": "LEONES",
        "cultivo": "Ma\u00edz",
        "area_ha": 15.43,
        "error_pct": 58.3,
        "sam_score": 0.957
      },
      "geometry": {
        "type": "Polygon",
        "coordinates": [
          [
            [
              -62.40164171962616,
              -32.57564351043589
            ],
            [
              -62.40143038221072,
              -32.57582237994723
            ],
            [
              -62.400902038672115,
              -32.57573294519156
            ],
            [
              -62.40079636996439,
              -32.57582237994723
            ],
            [
              -62.39942267676402,
              -32.57582237994723
            ],
            [
              -62.39868299580997,
              -32.57618011896993
            ],
            [
              -62.39857732710225,
              -32.57635898848128
            ],
            [
              -62.39857732710225,
              -32.579220900662854
            ],
            [
              -62.398894333225414,
              -32.57957863968555
            ],
            [
              -62.398788664517696,
              -32.579757509196895
            ],
            [
              -62.39900000193313,
              -32.57993637870825
            ],
            [
              -62.39995102030262,
              -32.579846943952575
            ],
            [
              -62.40100770737983,
              -32.57957863968555
            ],
            [
              -62.40217006316477,
              -32.57948920492988
            ],
            [
              -62.40269840670337,
              -32.579310335418526
            ],
            [
              -62.403015412826534,
              -32.5790420311515
            ],
            [
              -62.40269840670337,
              -32.578773726884485
            ],
            [
              -62.40259273799565,
              -32.577611075060716
            ],
            [
              -62.402275731872486,
              -32.57716390128235
            ],
            [
              -62.40206439445704,
              -32.57609068421426
            ],
            [
              -62.40164171962616,
              -32.57564351043589
            ]
          ]
        ]
      }
    },
    {
      "type": "Feature",
      "properties": {
        "id": "TAYPE",
        "localidad": "Marcos Ju\u00e1rez",
        "cultivo": "Trigo",
        "area_ha": 27.38,
        "error_pct": 72.6,
        "sam_score": 0.924
      },
      "geometry": {
        "type": "Polygon",
        "coordinates": [
          [
            [
              -61.87673100034192,
              -32.842131594170944
            ],
            [
              -61.87504200436948,
              -32.8423097552881
            ],
            [
              -61.87461975537637,
              -32.84204251361237
            ],
            [
              -61.87314188390049,
              -32.84275515808099
            ],
            [
              -61.8726140726591,
              -32.84275515808099
            ],
            [
              -61.872297385914266,
              -32.84302239975673
            ],
            [
              -61.869552767459055,
              -32.84337872199104
            ],
            [
              -61.868919393969385,
              -32.84373504422535
            ],
            [
              -61.86965832970733,
              -32.84614021930696
            ],
            [
              -61.86976389195561,
              -32.847387347127054
            ],
            [
              -61.870291703197,
              -32.848189072154256
            ],
            [
              -61.870291703197,
              -32.84872355550573
            ],
            [
              -61.87060838994183,
              -32.84916895829861
            ],
            [
              -61.87134732567977,
              -32.84907987774004
            ],
            [
              -61.8716640124246,
              -32.8488126360643
            ],
            [
              -61.87303632165221,
              -32.846318380424115
            ],
            [
              -61.87673100034192,
              -32.842666077522416
            ],
            [
              -61.87694212483848,
              -32.8423097552881
            ],
            [
              -61.87673100034192,
              -32.842131594170944
            ]
          ]
        ]
      }
    },
    {
      "type": "Feature",
      "properties": {
        "id": "TAYPE",
        "localidad": "MORRISON",
        "cultivo": "Ma\u00edz",
        "area_ha": 47.73,
        "error_pct": 63.0,
        "sam_score": 0.938
      },
      "geometry": {
        "type": "Polygon",
        "coordinates": [
          [
            [
              -62.89971794084331,
              -32.60274328782014
            ],
            [
              -62.89929259683053,
              -32.602653316455935
            ],
            [
              -62.898867252817745,
              -32.603013201912745
            ],
            [
              -62.89684686875703,
              -32.603463058733766
            ],
            [
              -62.89599618073147,
              -32.604092858283195
            ],
            [
              -62.896208852737864,
              -32.61138053878369
            ],
            [
              -62.89674053275384,
              -32.61174042424051
            ],
            [
              -62.896315188741056,
              -32.612100309697325
            ],
            [
              -62.89652786074745,
              -32.612280252425734
            ],
            [
              -62.89716587676662,
              -32.61219028106153
            ],
            [
              -62.897484884776205,
              -32.6115604815121
            ],
            [
              -62.89801656479219,
              -32.611650452876304
            ],
            [
              -62.89854824480816,
              -32.61138053878369
            ],
            [
              -62.8998242768465,
              -32.611650452876304
            ],
            [
              -62.900568628868875,
              -32.611470510147896
            ],
            [
              -62.90110030888485,
              -32.61102065332688
            ],
            [
              -62.90258901292959,
              -32.61093068196268
            ],
            [
              -62.90312069294556,
              -32.61048082514166
            ],
            [
              -62.90280168493598,
              -32.61012093968484
            ],
            [
              -62.90258901292959,
              -32.6090412833144
            ],
            [
              -62.902163668916806,
              -32.608771369221785
            ],
            [
              -62.902163668916806,
              -32.60823154103657
            ],
            [
              -62.901844660907216,
              -32.60787165557975
            ],
            [
              -62.901950996910415,
              -32.60742179875873
            ],
            [
              -62.90110030888485,
              -32.606342142388286
            ],
            [
              -62.90003694885289,
              -32.60310317327695
            ],
            [
              -62.89971794084331,
              -32.60274328782014
            ]
          ]
        ]
      }
    },
    {
      "type": "Feature",
      "properties": {
        "id": "TAYPE",
        "localidad": "IDIAZABAL",
        "cultivo": "Trigo",
        "area_ha": 45.28,
        "error_pct": 58.8,
        "sam_score": 0.957
      },
      "geometry": {
        "type": "Polygon",
        "coordinates": [
          [
            [
              -63.07784655465765,
              -32.92917690750007
            ],
            [
              -63.07177523825531,
              -32.93016659250571
            ],
            [
              -63.069325408829805,
              -32.93079639205475
            ],
            [
              -63.070390552058285,
              -32.93502504616975
            ],
            [
              -63.07081660934968,
              -32.93547490299049
            ],
            [
              -63.07230780986955,
              -32.93565484571879
            ],
            [
              -63.07699444007486,
              -32.9347551320773
            ],
            [
              -63.07795306898049,
              -32.9343952466207
            ],
            [
              -63.077740040334795,
              -32.93394538979996
            ],
            [
              -63.07784655465765,
              -32.931876048424535
            ],
            [
              -63.078379126271884,
              -32.93097633478305
            ],
            [
              -63.07816609762619,
              -32.929626764320815
            ],
            [
              -63.07784655465765,
              -32.92917690750007
            ]
          ]
        ]
      }
    },
    {
      "type": "Feature",
      "properties": {
        "id": "TAYPE",
        "localidad": "IDIAZABAL",
        "cultivo": "Ma\u00edz",
        "area_ha": 48.06,
        "error_pct": 31.3,
        "sam_score": 0.884
      },
      "geometry": {
        "type": "MultiPolygon",
        "coordinates": [
          [
            [
              [
                -63.03787161639455,
                -32.873210240835355
              ],
              [
                -63.037658295710095,
                -32.87303029810703
              ],
              [
                -63.037444975025636,
                -32.873210240835355
              ],
              [
                -63.034351825101034,
                -32.873120269471194
              ],
              [
                -63.03328522167876,
                -32.872850355378716
              ],
              [
                -63.03179197688757,
                -32.87303029810703
              ],
              [
                -63.03136533551866,
                -32.872850355378716
              ],
              [
                -63.03104535449197,
                -32.873120269471194
              ],
              [
                -63.030725373465295,
                -32.87294032674288
              ],
              [
                -63.029338789016336,
                -32.873210240835355
              ],
              [
                -63.02912546833188,
                -32.87303029810703
              ],
              [
                -63.0280588649096,
                -32.873480154927826
              ],
              [
                -63.02773888388292,
                -32.87393001174862
              ],
              [
                -63.02741890285623,
                -32.8737500690203
              ],
              [
                -63.02699226148732,
                -32.874109954476936
              ],
              [
                -63.02720558217178,
                -32.874379868569406
              ],
              [
                -63.026885601145096,
                -32.874739754026045
              ],
              [
                -63.02656562011841,
                -32.874379868569406
              ],
              [
                -63.0261389787495,
                -32.874739754026045
              ],
              [
                -63.02656562011841,
                -32.87509963948268
              ],
              [
                -63.026885601145096,
                -32.8748297253902
              ],
              [
                -63.02709892182955,
                -32.875009668118516
              ],
              [
                -63.02677894080287,
                -32.87671912403752
              ],
              [
                -63.02699226148732,
                -32.878158665864056
              ],
              [
                -63.02795220456737,
                -32.87833860859237
              ],
              [
                -63.03733831468341,
                -32.87635923858089
              ],
              [
                -63.037658295710095,
                -32.87608932448842
              ],
              [
                -63.03787161639455,
                -32.873210240835355
              ]
            ]
          ],
          [
            [
              [
                -63.02656562011841,
                -32.874379868569406
              ],
              [
                -63.02677894080287,
                -32.874019983112774
              ],
              [
                -63.026458959776186,
                -32.87384004038446
              ],
              [
                -63.0261389787495,
                -32.874109954476936
              ],
              [
                -63.02656562011841,
                -32.874379868569406
              ]
            ]
          ]
        ]
      }
    },
    {
      "type": "Feature",
      "properties": {
        "id": "TAYPE",
        "localidad": "GENERAL ROCA",
        "cultivo": "Ma\u00edz",
        "area_ha": 13.53,
        "error_pct": 32.4,
        "sam_score": 0.95
      },
      "geometry": {
        "type": "Polygon",
        "coordinates": [
          [
            [
              -61.91026958924453,
              -32.83103619137846
            ],
            [
              -61.90953074214898,
              -32.83103619137846
            ],
            [
              -61.90784194878773,
              -32.831392513612776
            ],
            [
              -61.90741975044742,
              -32.831392513612776
            ],
            [
              -61.90689200252202,
              -32.83165975528852
            ],
            [
              -61.90689200252202,
              -32.83210515808142
            ],
            [
              -61.90720865127726,
              -32.832906883108635
            ],
            [
              -61.90720865127726,
              -32.83326320534296
            ],
            [
              -61.90752530003249,
              -32.83379768869444
            ],
            [
              -61.90763084961757,
              -32.834510333163074
            ],
            [
              -61.90826414712804,
              -32.83540113874887
            ],
            [
              -61.9094251925639,
              -32.8353120581903
            ],
            [
              -61.90984739090421,
              -32.83486665539739
            ],
            [
              -61.91005849007437,
              -32.83486665539739
            ],
            [
              -61.91037513882961,
              -32.834599413721655
            ],
            [
              -61.91048068841469,
              -32.83379768869444
            ],
            [
              -61.910902886755,
              -32.833530447018695
            ],
            [
              -61.91079733716992,
              -32.832372399757155
            ],
            [
              -61.91058623799976,
              -32.83201607752284
            ],
            [
              -61.91058623799976,
              -32.83148159417136
            ],
            [
              -61.91026958924453,
              -32.83103619137846
            ]
          ]
        ]
      }
    },
    {
      "type": "Feature",
      "properties": {
        "id": "TAYPE",
        "localidad": "GENERAL ROCA",
        "cultivo": "Ma\u00edz",
        "area_ha": 22.08,
        "error_pct": 73.1,
        "sam_score": 0.865
      },
      "geometry": {
        "type": "Polygon",
        "coordinates": [
          [
            [
              -61.89886991570091,
              -32.715809177417846
            ],
            [
              -61.89865908443009,
              -32.71625458021084
            ],
            [
              -61.89834283752388,
              -32.71616549965224
            ],
            [
              -61.89813200625306,
              -32.71634366076944
            ],
            [
              -61.89813200625306,
              -32.71661090244523
            ],
            [
              -61.89834283752388,
              -32.71678906356243
            ],
            [
              -61.89855366879469,
              -32.7185706747344
            ],
            [
              -61.89918616260713,
              -32.719995963671984
            ],
            [
              -61.89918616260713,
              -32.720441366464975
            ],
            [
              -61.89855366879469,
              -32.72079768869937
            ],
            [
              -61.89834283752388,
              -32.72070860814077
            ],
            [
              -61.89813200625306,
              -32.721064930375164
            ],
            [
              -61.89844825315928,
              -32.72257929987134
            ],
            [
              -61.89886991570091,
              -32.72293562210574
            ],
            [
              -61.899818656419576,
              -32.72204481651975
            ],
            [
              -61.902664878575564,
              -32.72159941372676
            ],
            [
              -61.90298112548178,
              -32.721332172050964
            ],
            [
              -61.90298112548178,
              -32.72070860814077
            ],
            [
              -61.902559462940154,
              -32.71937239976179
            ],
            [
              -61.90245404730475,
              -32.71821435250001
            ],
            [
              -61.90161072222149,
              -32.71767986914842
            ],
            [
              -61.90203238476312,
              -32.717145385796826
            ],
            [
              -61.90161072222149,
              -32.71696722467963
            ],
            [
              -61.901189059679865,
              -32.717323546914024
            ],
            [
              -61.90097822840905,
              -32.71696722467963
            ],
            [
              -61.90013490332579,
              -32.71687814412103
            ],
            [
              -61.89929157824254,
              -32.71616549965224
            ],
            [
              -61.89886991570091,
              -32.71616549965224
            ],
            [
              -61.89908074697173,
              -32.715987338535044
            ],
            [
              -61.89886991570091,
              -32.715809177417846
            ]
          ]
        ]
      }
    },
    {
      "type": "Feature",
      "properties": {
        "id": "TAYPE",
        "localidad": "Marcos Ju\u00e1rez",
        "cultivo": "Ma\u00edz",
        "area_ha": 39.74,
        "error_pct": 33.8,
        "sam_score": 0.912
      },
      "geometry": {
        "type": "Polygon",
        "coordinates": [
          [
            [
              -61.97411078495558,
              -32.7583086052732
            ],
            [
              -61.97379439540785,
              -32.75804136359742
            ],
            [
              -61.97284522676466,
              -32.758130444156016
            ],
            [
              -61.972739763582084,
              -32.75795228303883
            ],
            [
              -61.97305615312982,
              -32.757685041363054
            ],
            [
              -61.972423374034356,
              -32.75732871912869
            ],
            [
              -61.97221244766921,
              -32.756794235777136
            ],
            [
              -61.969997720835096,
              -32.75652699410136
            ],
            [
              -61.969048552191914,
              -32.756883316335724
            ],
            [
              -61.96852123627903,
              -32.757685041363054
            ],
            [
              -61.96925947855706,
              -32.75893216918334
            ],
            [
              -61.96925947855706,
              -32.7594666525349
            ],
            [
              -61.96609558307977,
              -32.76000113588645
            ],
            [
              -61.96577919353204,
              -32.760357458120815
            ],
            [
              -61.96630650944493,
              -32.762317230409835
            ],
            [
              -61.966622898992654,
              -32.762584472085614
            ],
            [
              -61.96704475172296,
              -32.76213906929265
            ],
            [
              -61.96778299400099,
              -32.762317230409835
            ],
            [
              -61.96799392036615,
              -32.76213906929265
            ],
            [
              -61.96841577309645,
              -32.76249539152702
            ],
            [
              -61.968943089009336,
              -32.76249539152702
            ],
            [
              -61.969997720835096,
              -32.76347527767153
            ],
            [
              -61.97031411038283,
              -32.76320803599576
            ],
            [
              -61.97084142629571,
              -32.76338619711294
            ],
            [
              -61.971579668573746,
              -32.76320803599576
            ],
            [
              -61.97284522676466,
              -32.762584472085614
            ],
            [
              -61.97326707949497,
              -32.76213906929265
            ],
            [
              -61.97379439540785,
              -32.762228149851246
            ],
            [
              -61.97442717450331,
              -32.76142642482392
            ],
            [
              -61.97453263768589,
              -32.76080286091377
            ],
            [
              -61.97411078495558,
              -32.7583086052732
            ]
          ]
        ]
      }
    },
    {
      "type": "Feature",
      "properties": {
        "id": "TAYPE",
        "localidad": "Marcos Ju\u00e1rez",
        "cultivo": "Ma\u00edz",
        "area_ha": 28.77,
        "error_pct": 28.1,
        "sam_score": 0.917
      },
      "geometry": {
        "type": "Polygon",
        "coordinates": [
          [
            [
              -61.97510965361354,
              -32.76115055801135
            ],
            [
              -61.97489829841642,
              -32.76132871912853
            ],
            [
              -61.97521533121211,
              -32.76213044415585
            ],
            [
              -61.97563804160636,
              -32.76533734426514
            ],
            [
              -61.97627210719773,
              -32.76667355264401
            ],
            [
              -61.97711752798623,
              -32.76720803599556
            ],
            [
              -61.9777515935776,
              -32.76711895543696
            ],
            [
              -61.977962948774724,
              -32.76694079431978
            ],
            [
              -61.978174303971855,
              -32.767029874878375
            ],
            [
              -61.97838565916898,
              -32.76685171376119
            ],
            [
              -61.97975946795029,
              -32.7667626332026
            ],
            [
              -61.98007650074597,
              -32.76631723040964
            ],
            [
              -61.98007650074597,
              -32.765871827616685
            ],
            [
              -61.98039353354166,
              -32.76560458594091
            ],
            [
              -61.9802878559431,
              -32.76533734426514
            ],
            [
              -61.98060488873878,
              -32.76426837756205
            ],
            [
              -61.98039353354166,
              -32.762308605273034
            ],
            [
              -61.98007650074597,
              -32.76150688024571
            ],
            [
              -61.97965379035172,
              -32.76115055801135
            ],
            [
              -61.97510965361354,
              -32.76115055801135
            ]
          ]
        ]
      }
    },
    {
      "type": "Feature",
      "properties": {
        "id": "TAYPE",
        "localidad": "Marcos Ju\u00e1rez",
        "cultivo": "Trigo",
        "area_ha": 17.27,
        "error_pct": 56.8,
        "sam_score": 0.952
      },
      "geometry": {
        "type": "Polygon",
        "coordinates": [
          [
            [
              -62.049212362261315,
              -32.57818833713822
            ],
            [
              -62.046265294500124,
              -32.57872388097279
            ],
            [
              -62.045633779979866,
              -32.579080910195835
            ],
            [
              -62.04594953723999,
              -32.57961645403041
            ],
            [
              -62.04647579934021,
              -32.579973483253454
            ],
            [
              -62.04710731386046,
              -32.58068754169955
            ],
            [
              -62.04721256628051,
              -32.58104457092259
            ],
            [
              -62.0479493332208,
              -32.581758629368686
            ],
            [
              -62.04805458564084,
              -32.5822049158975
            ],
            [
              -62.04784408080076,
              -32.58238343050902
            ],
            [
              -62.04805458564084,
              -32.582561945120545
            ],
            [
              -62.05037013888178,
              -32.58211565859173
            ],
            [
              -62.05152791550225,
              -32.58202640128597
            ],
            [
              -62.05236993486259,
              -32.581669372062926
            ],
            [
              -62.052054177602464,
              -32.58113382822835
            ],
            [
              -62.05068589614191,
              -32.57961645403041
            ],
            [
              -62.049212362261315,
              -32.57818833713822
            ]
          ]
        ]
      }
    },
    {
      "type": "Feature",
      "properties": {
        "id": "TAYPE",
        "localidad": "GENERAL ROCA",
        "cultivo": "Trigo",
        "area_ha": 119.33,
        "error_pct": 17.0,
        "sam_score": 0.968
      },
      "geometry": {
        "type": "Polygon",
        "coordinates": [
          [
            [
              -62.923435160432284,
              -32.813473803257395
            ],
            [
              -62.92311539213225,
              -32.813743717349894
            ],
            [
              -62.923541749865635,
              -32.824000452865064
            ],
            [
              -62.923861518165666,
              -32.82427036695757
            ],
            [
              -62.9332413883,
              -32.82427036695757
            ],
            [
              -62.933454567166685,
              -32.824000452865064
            ],
            [
              -62.93292161999996,
              -32.82355059604423
            ],
            [
              -62.93430728263344,
              -32.821481254668356
            ],
            [
              -62.93409410376675,
              -32.81887208510748
            ],
            [
              -62.93356115660003,
              -32.81815231419414
            ],
            [
              -62.93356115660003,
              -32.817432543280795
            ],
            [
              -62.934840229800166,
              -32.8157230873616
            ],
            [
              -62.93430728263344,
              -32.81455345962741
            ],
            [
              -62.933134798866654,
              -32.813473803257395
            ],
            [
              -62.923435160432284,
              -32.813473803257395
            ]
          ]
        ]
      }
    },
    {
      "type": "Feature",
      "properties": {
        "id": "TAYPE",
        "localidad": "Marcos Ju\u00e1rez",
        "cultivo": "Trigo",
        "area_ha": 80.22,
        "error_pct": 19.8,
        "sam_score": 0.966
      },
      "geometry": {
        "type": "Polygon",
        "coordinates": [
          [
            [
              -62.14427394946637,
              -32.5762261793814
            ],
            [
              -62.13425498098453,
              -32.577922068190865
            ],
            [
              -62.133411278375526,
              -32.57827909741391
            ],
            [
              -62.1341495181584,
              -32.5813138458098
            ],
            [
              -62.134044055332275,
              -32.58220641886742
            ],
            [
              -62.134676832289024,
              -32.58363453575961
            ],
            [
              -62.135098683593526,
              -32.58622299762669
            ],
            [
              -62.13552053489802,
              -32.5866692841555
            ],
            [
              -62.14047728772588,
              -32.585955225709405
            ],
            [
              -62.14237561859612,
              -32.58533042456907
            ],
            [
              -62.14111006468263,
              -32.58024275814066
            ],
            [
              -62.14522311490149,
              -32.57926092777729
            ],
            [
              -62.14427394946637,
              -32.5762261793814
            ]
          ]
        ]
      }
    },
    {
      "type": "Feature",
      "properties": {
        "id": "TAYPE",
        "localidad": "MONTE BUEY",
        "cultivo": "Trigo",
        "area_ha": 99.55,
        "error_pct": 58.5,
        "sam_score": 0.965
      },
      "geometry": {
        "type": "Polygon",
        "coordinates": [
          [
            [
              -62.4587479783011,
              -33.01039678562046
            ],
            [
              -62.44512904291074,
              -33.0128115240217
            ],
            [
              -62.44725700156548,
              -33.02077121727026
            ],
            [
              -62.44895936848928,
              -33.02112895629267
            ],
            [
              -62.44821458296012,
              -33.02130782580387
            ],
            [
              -62.44821458296012,
              -33.02166556482628
            ],
            [
              -62.454811254789824,
              -33.02077121727026
            ],
            [
              -62.456939213444564,
              -33.02014517398105
            ],
            [
              -62.455981632049934,
              -33.01227491548809
            ],
            [
              -62.45555604031898,
              -33.011559437443275
            ],
            [
              -62.4578967948392,
              -33.01075452464286
            ],
            [
              -62.458535182435625,
              -33.010843959398464
            ],
            [
              -62.45896077416657,
              -33.01057565513166
            ],
            [
              -62.4587479783011,
              -33.01039678562046
            ]
          ]
        ]
      }
    },
    {
      "type": "Feature",
      "properties": {
        "id": "TAYPE",
        "localidad": "GENERAL ROCA",
        "cultivo": "Trigo",
        "area_ha": 54.04,
        "error_pct": 40.0,
        "sam_score": 0.916
      },
      "geometry": {
        "type": "Polygon",
        "coordinates": [
          [
            [
              -61.90699658310039,
              -32.817028719126476
            ],
            [
              -61.90625784511357,
              -32.816850558009314
            ],
            [
              -61.90087561120965,
              -32.817919524712295
            ],
            [
              -61.8999258052266,
              -32.81551434963058
            ],
            [
              -61.89781512526428,
              -32.815425269072
            ],
            [
              -61.89760405726805,
              -32.815692510747745
            ],
            [
              -61.89844832925298,
              -32.819255733091026
            ],
            [
              -61.89908153324168,
              -32.81979021644252
            ],
            [
              -61.89570444530196,
              -32.82068102202834
            ],
            [
              -61.89654871728689,
              -32.82397700269588
            ],
            [
              -61.89718192127558,
              -32.82424424437163
            ],
            [
              -61.904358233147484,
              -32.822908035992896
            ],
            [
              -61.90456930114372,
              -32.822551713758564
            ],
            [
              -61.903408427164436,
              -32.81898849141528
            ],
            [
              -61.90699658310039,
              -32.81836492750521
            ],
            [
              -61.90699658310039,
              -32.817028719126476
            ]
          ]
        ]
      }
    },
    {
      "type": "Feature",
      "properties": {
        "id": "TAYPE",
        "localidad": "GENERAL ROCA",
        "cultivo": "Trigo",
        "area_ha": 52.3,
        "error_pct": 41.9,
        "sam_score": 0.936
      },
      "geometry": {
        "type": "Polygon",
        "coordinates": [
          [
            [
              -61.90964169100904,
              -32.82773389134225
            ],
            [
              -61.908691768635265,
              -32.827555730225086
            ],
            [
              -61.90721411160939,
              -32.82791205245941
            ],
            [
              -61.906686376957296,
              -32.827021246873606
            ],
            [
              -61.90573645458352,
              -32.82737756910793
            ],
            [
              -61.90520871993142,
              -32.826932166315025
            ],
            [
              -61.90140903043631,
              -32.827555730225086
            ],
            [
              -61.90098684271464,
              -32.83316780541564
            ],
            [
              -61.900775748853796,
              -32.833524127649966
            ],
            [
              -61.90045910806254,
              -32.83325688597422
            ],
            [
              -61.90045910806254,
              -32.832455160947
            ],
            [
              -61.9002480142017,
              -32.833969530442864
            ],
            [
              -61.89993137341044,
              -32.83414769156003
            ],
            [
              -61.899825826480026,
              -32.83218791927126
            ],
            [
              -61.89940363875834,
              -32.83209883871268
            ],
            [
              -61.89908699796708,
              -32.83254424150558
            ],
            [
              -61.89940363875834,
              -32.832811483181324
            ],
            [
              -61.89908699796708,
              -32.833345966532804
            ],
            [
              -61.8991925448975,
              -32.83423677211861
            ],
            [
              -61.900670201923376,
              -32.83432585267719
            ],
            [
              -61.90700301774855,
              -32.83316780541564
            ],
            [
              -61.90689747081813,
              -32.83147527480262
            ],
            [
              -61.91038051952198,
              -32.83076263033398
            ],
            [
              -61.90964169100904,
              -32.82773389134225
            ]
          ]
        ]
      }
    },
    {
      "type": "Feature",
      "properties": {
        "id": "TAYPE",
        "localidad": "MONTE BUEY",
        "cultivo": "Trigo",
        "area_ha": 21.27,
        "error_pct": 24.0,
        "sam_score": 0.97
      },
      "geometry": {
        "type": "Polygon",
        "coordinates": [
          [
            [
              -62.49626029167511,
              -32.7086529446498
            ],
            [
              -62.492979681168386,
              -32.709369847950086
            ],
            [
              -62.492238898150745,
              -32.70972829960023
            ],
            [
              -62.4924505504415,
              -32.711251719113335
            ],
            [
              -62.492768028877634,
              -32.71161017076348
            ],
            [
              -62.49329715960452,
              -32.71161017076348
            ],
            [
              -62.49403794262217,
              -32.711341332025874
            ],
            [
              -62.4943554210583,
              -32.71143094493841
            ],
            [
              -62.49530785636671,
              -32.71483623561477
            ],
            [
              -62.49562533480284,
              -32.71510507435237
            ],
            [
              -62.497318553128885,
              -32.71501546143984
            ],
            [
              -62.49753020541964,
              -32.71474662270223
            ],
            [
              -62.497318553128885,
              -32.71456739687716
            ],
            [
              -62.497847683855774,
              -32.714298558139554
            ],
            [
              -62.49668359625662,
              -32.709280235037546
            ],
            [
              -62.49626029167511,
              -32.7086529446498
            ]
          ]
        ]
      }
    },
    {
      "type": "Feature",
      "properties": {
        "id": "TAYPE",
        "localidad": "LEONES",
        "cultivo": "Soja",
        "area_ha": 24.03,
        "error_pct": 59.9,
        "sam_score": 0.943
      },
      "geometry": {
        "type": "Polygon",
        "coordinates": [
          [
            [
              -62.401795698555475,
              -32.57447193096817
            ],
            [
              -62.401795698555475,
              -32.575187409013566
            ],
            [
              -62.40211270338229,
              -32.57599232181463
            ],
            [
              -62.40242970820911,
              -32.57778101692812
            ],
            [
              -62.402746713035924,
              -32.57885423399621
            ],
            [
              -62.40306371786274,
              -32.57921197301891
            ],
            [
              -62.40507141509925,
              -32.57894366875188
            ],
            [
              -62.40644510268213,
              -32.578585929729186
            ],
            [
              -62.40707911233576,
              -32.578585929729186
            ],
            [
              -62.407713121989396,
              -32.57840706021784
            ],
            [
              -62.40803012681621,
              -32.57813875595082
            ],
            [
              -62.40803012681621,
              -32.577423277905424
            ],
            [
              -62.407818790265,
              -32.5771549736384
            ],
            [
              -62.407818790265,
              -32.575724017547614
            ],
            [
              -62.407713121989396,
              -32.57536627852492
            ],
            [
              -62.40739611716258,
              -32.57509797425789
            ],
            [
              -62.40676210750894,
              -32.57509797425789
            ],
            [
              -62.40612809785531,
              -32.57482966999087
            ],
            [
              -62.40359205924077,
              -32.574650800479525
            ],
            [
              -62.40338072268956,
              -32.57447193096817
            ],
            [
              -62.40327505441395,
              -32.574561365723845
            ],
            [
              -62.402218371657895,
              -32.57429306145682
            ],
            [
              -62.401795698555475,
              -32.57447193096817
            ]
          ]
        ]
      }
    },
    {
      "type": "Feature",
      "properties": {
        "id": "TAYPE",
        "localidad": "IDIAZABAL",
        "cultivo": "Trigo",
        "area_ha": 110.7,
        "error_pct": 20.9,
        "sam_score": 0.943
      },
      "geometry": {
        "type": "Polygon",
        "coordinates": [
          [
            [
              -63.02183690814594,
              -32.91109075627925
            ],
            [
              -63.02151678439277,
              -32.91172055582832
            ],
            [
              -63.0239710665004,
              -32.92170737724914
            ],
            [
              -63.02557168526625,
              -32.921887319977444
            ],
            [
              -63.026318640690306,
              -32.92251711952651
            ],
            [
              -63.02749242778526,
              -32.922877004983114
            ],
            [
              -63.03026683364606,
              -32.92251711952651
            ],
            [
              -63.03154732865874,
              -32.921887319977444
            ],
            [
              -63.03218757616508,
              -32.922247205434054
            ],
            [
              -63.033254655342304,
              -32.91756869449817
            ],
            [
              -63.03165403657646,
              -32.91450966811701
            ],
            [
              -63.03037354156378,
              -32.91325006901889
            ],
            [
              -63.02984000197517,
              -32.9110007849151
            ],
            [
              -63.027599135702985,
              -32.91091081355095
            ],
            [
              -63.026318640690306,
              -32.91037098536604
            ],
            [
              -63.025358269430804,
              -32.91037098536604
            ],
            [
              -63.02183690814594,
              -32.91109075627925
            ]
          ]
        ]
      }
    },
    {
      "type": "Feature",
      "properties": {
        "id": "TAYPE",
        "localidad": "BELL VILLE",
        "cultivo": "Trigo",
        "area_ha": 18.01,
        "error_pct": 12.6,
        "sam_score": 0.918
      },
      "geometry": {
        "type": "Polygon",
        "coordinates": [
          [
            [
              -62.604117290446304,
              -32.6907241920927
            ],
            [
              -62.60369238399719,
              -32.69099303083032
            ],
            [
              -62.60369238399719,
              -32.69135148248048
            ],
            [
              -62.60326747754808,
              -32.691709934130635
            ],
            [
              -62.60326747754808,
              -32.69188915995571
            ],
            [
              -62.603479930772636,
              -32.692068385780786
            ],
            [
              -62.60326747754808,
              -32.692247611605865
            ],
            [
              -62.60326747754808,
              -32.69242683743094
            ],
            [
              -62.603479930772636,
              -32.69260606325602
            ],
            [
              -62.603479930772636,
              -32.6927852890811
            ],
            [
              -62.60326747754808,
              -32.69305412781872
            ],
            [
              -62.60326747754808,
              -32.69332296655634
            ],
            [
              -62.60358615738492,
              -32.694129482769185
            ],
            [
              -62.604223517058585,
              -32.69448793441934
            ],
            [
              -62.60486087673225,
              -32.69511522480712
            ],
            [
              -62.605498236405914,
              -32.69502561189458
            ],
            [
              -62.60602936946731,
              -32.69520483771966
            ],
            [
              -62.60634804930414,
              -32.69502561189458
            ],
            [
              -62.606666729140976,
              -32.69511522480712
            ],
            [
              -62.60783522187603,
              -32.693950256944106
            ],
            [
              -62.607941448488305,
              -32.692337224518404
            ],
            [
              -62.60772899526375,
              -32.69197877286825
            ],
            [
              -62.607941448488305,
              -32.691709934130635
            ],
            [
              -62.60783522187603,
              -32.69144109539302
            ],
            [
              -62.60677295575325,
              -32.69081380500524
            ],
            [
              -62.605498236405914,
              -32.6907241920927
            ],
            [
              -62.605179556569084,
              -32.69081380500524
            ],
            [
              -62.60475465011997,
              -32.69054496626762
            ],
            [
              -62.60443597028314,
              -32.69081380500524
            ],
            [
              -62.604117290446304,
              -32.6907241920927
            ]
          ]
        ]
      }
    },
    {
      "type": "Feature",
      "properties": {
        "id": "TAYPE",
        "localidad": "LAS ROSAS",
        "cultivo": "Trigo",
        "area_ha": 9.69,
        "error_pct": 46.1,
        "sam_score": 0.92
      },
      "geometry": {
        "type": "Polygon",
        "coordinates": [
          [
            [
              -61.52394091271295,
              -32.563195441855896
            ],
            [
              -61.52394091271295,
              -32.563728868916435
            ],
            [
              -61.524150546283565,
              -32.56435120048706
            ],
            [
              -61.52436017985417,
              -32.564617914017326
            ],
            [
              -61.52436017985417,
              -32.564973532057685
            ],
            [
              -61.524569813424776,
              -32.56524024558796
            ],
            [
              -61.524569813424776,
              -32.56559586362832
            ],
            [
              -61.52561798127781,
              -32.56639600421912
            ],
            [
              -61.526142065204326,
              -32.56621819519894
            ],
            [
              -61.526246881989636,
              -32.56630709970903
            ],
            [
              -61.52687578270145,
              -32.56612929068885
            ],
            [
              -61.52719023305737,
              -32.56595148166867
            ],
            [
              -61.528343217695706,
              -32.56577367264849
            ],
            [
              -61.52876248483692,
              -32.565506959118224
            ],
            [
              -61.52876248483692,
              -32.564973532057685
            ],
            [
              -61.52844803448101,
              -32.56470681852742
            ],
            [
              -61.52802876733979,
              -32.564617914017326
            ],
            [
              -61.526980599486755,
              -32.564084486956794
            ],
            [
              -61.52677096591615,
              -32.564084486956794
            ],
            [
              -61.526561332345544,
              -32.563906677936615
            ],
            [
              -61.52635169877494,
              -32.563906677936615
            ],
            [
              -61.526142065204326,
              -32.563728868916435
            ],
            [
              -61.52593243163372,
              -32.563728868916435
            ],
            [
              -61.525722798063114,
              -32.563551059896255
            ],
            [
              -61.52498908056599,
              -32.563373250876076
            ],
            [
              -61.52425536306887,
              -32.56301763283572
            ],
            [
              -61.52394091271295,
              -32.563195441855896
            ]
          ]
        ]
      }
    },
    {
      "type": "Feature",
      "properties": {
        "id": "TAYPE",
        "localidad": "IDIAZABAL",
        "cultivo": "Trigo",
        "area_ha": 189.01,
        "error_pct": 50.4,
        "sam_score": 0.929
      },
      "geometry": {
        "type": "Polygon",
        "coordinates": [
          [
            [
              -62.97613877254118,
              -32.78385842520382
            ],
            [
              -62.97315512672405,
              -32.78340856838295
            ],
            [
              -62.97145018625713,
              -32.78385842520382
            ],
            [
              -62.970917392361216,
              -32.78331859701878
            ],
            [
              -62.96271236636414,
              -32.785207995666404
            ],
            [
              -62.962925483922504,
              -32.79978335666234
            ],
            [
              -62.96484354194779,
              -32.79897361438479
            ],
            [
              -62.9666550411939,
              -32.8002332134832
            ],
            [
              -62.96697471753145,
              -32.80131286985328
            ],
            [
              -62.97230265649059,
              -32.80104295576076
            ],
            [
              -62.972728891607325,
              -32.80032318484738
            ],
            [
              -62.97262233282814,
              -32.7897965352392
            ],
            [
              -62.97635189009954,
              -32.7888068502333
            ],
            [
              -62.97613877254118,
              -32.78385842520382
            ]
          ]
        ]
      }
    },
    {
      "type": "Feature",
      "properties": {
        "id": "TAYPE",
        "localidad": "IDIAZABAL",
        "cultivo": "Trigo",
        "area_ha": 215.63,
        "error_pct": 21.0,
        "sam_score": 0.945
      },
      "geometry": {
        "type": "Polygon",
        "coordinates": [
          [
            [
              -63.03890932225018,
              -32.71046152945255
            ],
            [
              -63.033159935047664,
              -32.71073144354511
            ],
            [
              -63.032734054514144,
              -32.71298072764973
            ],
            [
              -63.03177582331373,
              -32.71055150081674
            ],
            [
              -63.02932701024599,
              -32.710641472180924
            ],
            [
              -63.029007599845855,
              -32.71163115718696
            ],
            [
              -63.027623488111914,
              -32.71055150081674
            ],
            [
              -63.027197607578394,
              -32.711091329001846
            ],
            [
              -63.026026436111216,
              -32.710281586724186
            ],
            [
              -63.025494085444315,
              -32.71091138627348
            ],
            [
              -63.02315174250996,
              -32.71073144354511
            ],
            [
              -63.0229388022432,
              -32.71190107127951
            ],
            [
              -63.025068204910795,
              -32.72044835087707
            ],
            [
              -63.025919965977835,
              -32.72098817906218
            ],
            [
              -63.025494085444315,
              -32.72350737725936
            ],
            [
              -63.02623937637797,
              -32.72575666136398
            ],
            [
              -63.03890932225018,
              -32.72341740589518
            ],
            [
              -63.038696381983414,
              -32.72125809315474
            ],
            [
              -63.037738150783,
              -32.720898207698
            ],
            [
              -63.03763168064962,
              -32.71945866587104
            ],
            [
              -63.03858991185004,
              -32.719368694506855
            ],
            [
              -63.03858991185004,
              -32.718468980865005
            ],
            [
              -63.040932254784394,
              -32.71801912404408
            ],
            [
              -63.04114519505115,
              -32.717299353130606
            ],
            [
              -63.03890932225018,
              -32.71046152945255
            ]
          ]
        ]
      }
    },
    {
      "type": "Feature",
      "properties": {
        "id": "TAYPE",
        "localidad": "LABORDE",
        "cultivo": "Trigo",
        "area_ha": 85.77,
        "error_pct": 7.2,
        "sam_score": 0.923
      },
      "geometry": {
        "type": "Polygon",
        "coordinates": [
          [
            [
              -62.89387006667418,
              -33.019836936132776
            ],
            [
              -62.88597990181463,
              -33.01965699340451
            ],
            [
              -62.88470041562119,
              -33.019836936132776
            ],
            [
              -62.88427392022338,
              -33.020106850225176
            ],
            [
              -62.88438054407283,
              -33.020376764317575
            ],
            [
              -62.883314305578295,
              -33.020736649774115
            ],
            [
              -62.883954048675015,
              -33.02109653523065
            ],
            [
              -62.883101057879394,
              -33.02145642068718
            ],
            [
              -62.88342092942775,
              -33.022536077056785
            ],
            [
              -62.883101057879394,
              -33.022805991149184
            ],
            [
              -62.88342092942775,
              -33.02316587660572
            ],
            [
              -62.883101057879394,
              -33.02352576206225
            ],
            [
              -62.88320768172884,
              -33.02415556161119
            ],
            [
              -62.88384742482557,
              -33.02469538979599
            ],
            [
              -62.88384742482557,
              -33.02604496025799
            ],
            [
              -62.88427392022338,
              -33.026404845714524
            ],
            [
              -62.88406067252447,
              -33.02667475980692
            ],
            [
              -62.88502028716955,
              -33.027124616627596
            ],
            [
              -62.88512691101901,
              -33.02757447344826
            ],
            [
              -62.89312369972801,
              -33.027664444812395
            ],
            [
              -62.89344357127637,
              -33.02721458799173
            ],
            [
              -62.89387006667418,
              -33.027394530719995
            ],
            [
              -62.8945098097709,
              -33.025595103437325
            ],
            [
              -62.89429656207199,
              -33.02244610569265
            ],
            [
              -62.89461643362036,
              -33.022176191600245
            ],
            [
              -62.89429656207199,
              -33.02181630614371
            ],
            [
              -62.8945098097709,
              -33.02136644932305
            ],
            [
              -62.89408331437309,
              -33.02109653523065
            ],
            [
              -62.8945098097709,
              -33.020646678409975
            ],
            [
              -62.89387006667418,
              -33.02028679295344
            ],
            [
              -62.89387006667418,
              -33.019836936132776
            ]
          ]
        ]
      }
    },
    {
      "type": "Feature",
      "properties": {
        "id": "TAYPE",
        "localidad": "LAS PAREJAS",
        "cultivo": "Trigo",
        "area_ha": 58.43,
        "error_pct": 24.1,
        "sam_score": 0.982
      },
      "geometry": {
        "type": "Polygon",
        "coordinates": [
          [
            [
              -61.507367842121525,
              -32.60257024961585
            ],
            [
              -61.50548024664685,
              -32.602392791303814
            ],
            [
              -61.50527051381633,
              -32.60257024961585
            ],
            [
              -61.499817460222815,
              -32.60274770792789
            ],
            [
              -61.49929312814651,
              -32.60248152045983
            ],
            [
              -61.49908339531599,
              -32.60265897877187
            ],
            [
              -61.50076125796015,
              -32.609491123785354
            ],
            [
              -61.50107585720593,
              -32.60975731125341
            ],
            [
              -61.50873110551991,
              -32.608426373913126
            ],
            [
              -61.50904570476568,
              -32.60816018644506
            ],
            [
              -61.50841650627412,
              -32.60496593682837
            ],
            [
              -61.50768244136731,
              -32.60283643708391
            ],
            [
              -61.507367842121525,
              -32.60257024961585
            ]
          ]
        ]
      }
    },
    {
      "type": "Feature",
      "properties": {
        "id": "TAYPE",
        "localidad": "LABORDE",
        "cultivo": "Trigo",
        "area_ha": 13.15,
        "error_pct": 70.8,
        "sam_score": 0.923
      },
      "geometry": {
        "type": "Polygon",
        "coordinates": [
          [
            [
              -62.8176748109553,
              -33.026845819333836
            ],
            [
              -62.8166085301204,
              -33.02693579069797
            ],
            [
              -62.81532899311851,
              -33.0272956761545
            ],
            [
              -62.814902480784546,
              -33.0272956761545
            ],
            [
              -62.81458259653407,
              -33.02747561888277
            ],
            [
              -62.81330305953219,
              -33.027655561611034
            ],
            [
              -62.812983175281715,
              -33.027925475703434
            ],
            [
              -62.81340968761568,
              -33.02999481707849
            ],
            [
              -62.81362294378266,
              -33.030174759806755
            ],
            [
              -62.81372957186615,
              -33.03062461662742
            ],
            [
              -62.81404945611662,
              -33.03089453071982
            ],
            [
              -62.81404945611662,
              -33.031074473448086
            ],
            [
              -62.81458259653407,
              -33.03152433026875
            ],
            [
              -62.81500910886804,
              -33.03125441617635
            ],
            [
              -62.81788806712228,
              -33.027385647518635
            ],
            [
              -62.81788806712228,
              -33.0270257620621
            ],
            [
              -62.8176748109553,
              -33.026845819333836
            ]
          ]
        ]
      }
    },
    {
      "type": "Feature",
      "properties": {
        "id": "TAYPE",
        "localidad": "BELL VILLE",
        "cultivo": "Trigo",
        "area_ha": 24.03,
        "error_pct": 51.9,
        "sam_score": 0.952
      },
      "geometry": {
        "type": "Polygon",
        "coordinates": [
          [
            [
              -62.653798130071294,
              -32.62115119489632
            ],
            [
              -62.6539040618078,
              -32.622587863386556
            ],
            [
              -62.653692198334795,
              -32.62276744694783
            ],
            [
              -62.653798130071294,
              -32.623126614070394
            ],
            [
              -62.65358626659829,
              -32.62375515653487
            ],
            [
              -62.653374403125284,
              -32.623934740096146
            ],
            [
              -62.65358626659829,
              -32.624832657902544
            ],
            [
              -62.653798130071294,
              -32.62501224146382
            ],
            [
              -62.660259965997994,
              -32.62510203324446
            ],
            [
              -62.660577761207506,
              -32.624832657902544
            ],
            [
              -62.659836239051984,
              -32.62294703050911
            ],
            [
              -62.65909471689646,
              -32.62195932092207
            ],
            [
              -62.65845912647744,
              -32.62204911270272
            ],
            [
              -62.657823536058416,
              -32.62151036201888
            ],
            [
              -62.65750574084891,
              -32.6217797373608
            ],
            [
              -62.657823536058416,
              -32.62204911270272
            ],
            [
              -62.6571879456394,
              -32.62213890448336
            ],
            [
              -62.65644642348388,
              -32.62070223599312
            ],
            [
              -62.65475151569982,
              -32.62079202777376
            ],
            [
              -62.653798130071294,
              -32.62115119489632
            ]
          ]
        ]
      }
    },
    {
      "type": "Feature",
      "properties": {
        "id": "TAYPE",
        "localidad": "MORRISON",
        "cultivo": "Trigo",
        "area_ha": 37.76,
        "error_pct": 5.6,
        "sam_score": 0.916
      },
      "geometry": {
        "type": "Polygon",
        "coordinates": [
          [
            [
              -62.821415296315394,
              -32.63096723508093
            ],
            [
              -62.82056604329384,
              -32.631505985764754
            ],
            [
              -62.82067219992153,
              -32.63186515288731
            ],
            [
              -62.82045988666614,
              -32.632044736448584
            ],
            [
              -62.82067219992153,
              -32.63527724055154
            ],
            [
              -62.82152145294309,
              -32.63626495013855
            ],
            [
              -62.822583019220026,
              -32.63626495013855
            ],
            [
              -62.82290148910311,
              -32.63653432548047
            ],
            [
              -62.82385689875236,
              -32.63662411726111
            ],
            [
              -62.82406921200775,
              -32.636803700822384
            ],
            [
              -62.82428152526313,
              -32.63662411726111
            ],
            [
              -62.825767718050855,
              -32.63662411726111
            ],
            [
              -62.826404657817015,
              -32.63617515835792
            ],
            [
              -62.82682928432779,
              -32.63617515835792
            ],
            [
              -62.82714775421088,
              -32.63581599123537
            ],
            [
              -62.82714775421088,
              -32.634738489867715
            ],
            [
              -62.827360067466266,
              -32.63419973918389
            ],
            [
              -62.827360067466266,
              -32.632044736448584
            ],
            [
              -62.82714775421088,
              -32.63186515288731
            ],
            [
              -62.82714775421088,
              -32.631236610422846
            ],
            [
              -62.82693544095549,
              -32.63105702686157
            ],
            [
              -62.826404657817015,
              -32.63114681864221
            ],
            [
              -62.82608618793394,
              -32.63087744330029
            ],
            [
              -62.825555404795466,
              -32.63096723508093
            ],
            [
              -62.82534309154008,
              -32.630787651519654
            ],
            [
              -62.82449383851852,
              -32.630697859739016
            ],
            [
              -62.821415296315394,
              -32.63096723508093
            ]
          ]
        ]
      }
    },
    {
      "type": "Feature",
      "properties": {
        "id": "TAYPE",
        "localidad": "MORRISON",
        "cultivo": "Trigo",
        "area_ha": 58.77,
        "error_pct": 1.3,
        "sam_score": 0.922
      },
      "geometry": {
        "type": "Polygon",
        "coordinates": [
          [
            [
              -62.85747232199202,
              -32.63667848439689
            ],
            [
              -62.853004496484246,
              -32.63649890083562
            ],
            [
              -62.850451453336944,
              -32.63667848439689
            ],
            [
              -62.84960043895452,
              -32.637037651519435
            ],
            [
              -62.84981319255012,
              -32.63730702686135
            ],
            [
              -62.8492813085611,
              -32.637755985764535
            ],
            [
              -62.84960043895452,
              -32.63802536110644
            ],
            [
              -62.8491749317633,
              -32.63838452822899
            ],
            [
              -62.84949406215671,
              -32.6386539035709
            ],
            [
              -62.8492813085611,
              -32.639013070693444
            ],
            [
              -62.84949406215671,
              -32.63937223781599
            ],
            [
              -62.8492813085611,
              -32.63973140493854
            ],
            [
              -62.849387685358906,
              -32.640898698086815
            ],
            [
              -62.84981319255012,
              -32.641976199454454
            ],
            [
              -62.84970681575232,
              -32.642335366577
            ],
            [
              -62.850451453336944,
              -32.64314349260273
            ],
            [
              -62.85257898929303,
              -32.64323328438337
            ],
            [
              -62.85364275727107,
              -32.643682243286555
            ],
            [
              -62.8543873948557,
              -32.64350265972528
            ],
            [
              -62.85460014845131,
              -32.643682243286555
            ],
            [
              -62.85566391642935,
              -32.64323328438337
            ],
            [
              -62.856940438003,
              -32.6430537008221
            ],
            [
              -62.85747232199202,
              -32.64323328438337
            ],
            [
              -62.857685075587625,
              -32.6430537008221
            ],
            [
              -62.85811058277884,
              -32.64152724055128
            ],
            [
              -62.85811058277884,
              -32.63757640220326
            ],
            [
              -62.85747232199202,
              -32.63667848439689
            ]
          ]
        ]
      }
    },
    {
      "type": "Feature",
      "properties": {
        "id": "TAYPE",
        "localidad": "Marcos Ju\u00e1rez",
        "cultivo": "Trigo",
        "area_ha": 92.37,
        "error_pct": 59.8,
        "sam_score": 0.944
      },
      "geometry": {
        "type": "Polygon",
        "coordinates": [
          [
            [
              -62.01894732421391,
              -32.794146471603874
            ],
            [
              -62.01008477214368,
              -32.79584236041267
            ],
            [
              -62.01040129186047,
              -32.79611013232985
            ],
            [
              -62.01040129186047,
              -32.79860933689017
            ],
            [
              -62.00976825242688,
              -32.80101928414477
            ],
            [
              -62.011245344438585,
              -32.801376313367676
            ],
            [
              -62.01156186415538,
              -32.80200111450776
            ],
            [
              -62.01187838387217,
              -32.80173334259058
            ],
            [
              -62.01219490358897,
              -32.801911857202036
            ],
            [
              -62.0124059167335,
              -32.802625915647845
            ],
            [
              -62.01303895616709,
              -32.80244740103639
            ],
            [
              -62.0127224364503,
              -32.802090371813485
            ],
            [
              -62.013144462739355,
              -32.80200111450776
            ],
            [
              -62.01483256789559,
              -32.80521437751389
            ],
            [
              -62.015465607329176,
              -32.80476809098526
            ],
            [
              -62.01884181764165,
              -32.804589576373814
            ],
            [
              -62.02095194908694,
              -32.80476809098526
            ],
            [
              -62.021057455659204,
              -32.80503586290244
            ],
            [
              -62.020529922797884,
              -32.80521437751389
            ],
            [
              -62.02074093594241,
              -32.80539289212535
            ],
            [
              -62.02169049509279,
              -32.80521437751389
            ],
            [
              -62.01894732421391,
              -32.794146471603874
            ]
          ]
        ]
      }
    },
    {
      "type": "Feature",
      "properties": {
        "id": "TAYPE",
        "localidad": "IDIAZABAL",
        "cultivo": "Trigo",
        "area_ha": 21.92,
        "error_pct": 4.7,
        "sam_score": 0.935
      },
      "geometry": {
        "type": "Polygon",
        "coordinates": [
          [
            [
              -62.98410543469632,
              -32.8731869603073
            ],
            [
              -62.983892118062684,
              -32.873367263642294
            ],
            [
              -62.9839987763795,
              -32.87354756697728
            ],
            [
              -62.98367880142905,
              -32.87390817364725
            ],
            [
              -62.98367880142905,
              -32.87417862864973
            ],
            [
              -62.98346548479541,
              -32.87435893198472
            ],
            [
              -62.98335882647859,
              -32.87508014532467
            ],
            [
              -62.98346548479541,
              -32.87589151033211
            ],
            [
              -62.98378545974587,
              -32.87616196533459
            ],
            [
              -62.98378545974587,
              -32.87643242033707
            ],
            [
              -62.984212093013134,
              -32.87697333034203
            ],
            [
              -62.98538533449812,
              -32.87796499868446
            ],
            [
              -62.98634525934948,
              -32.878055150351955
            ],
            [
              -62.98687855093356,
              -32.87796499868446
            ],
            [
              -62.987305184200835,
              -32.87760439201449
            ],
            [
              -62.988265109052186,
              -32.87760439201449
            ],
            [
              -62.98847842568582,
              -32.8774240886795
            ],
            [
              -62.98879840063627,
              -32.8774240886795
            ],
            [
              -62.98911837558673,
              -32.87715363367702
            ],
            [
              -62.98890505895309,
              -32.876071813667096
            ],
            [
              -62.987945134101736,
              -32.87363771864477
            ],
            [
              -62.987625159151285,
              -32.873367263642294
            ],
            [
              -62.986771892616744,
              -32.87345741530979
            ],
            [
              -62.986451917666294,
              -32.87363771864477
            ],
            [
              -62.98591862608221,
              -32.8732771119748
            ],
            [
              -62.98581196776539,
              -32.873367263642294
            ],
            [
              -62.98410543469632,
              -32.8731869603073
            ]
          ]
        ]
      }
    },
    {
      "type": "Feature",
      "properties": {
        "id": "TAYPE",
        "localidad": "IDIAZABAL",
        "cultivo": "Trigo",
        "area_ha": 58.63,
        "error_pct": 18.6,
        "sam_score": 0.965
      },
      "geometry": {
        "type": "Polygon",
        "coordinates": [
          [
            [
              -63.00595825212854,
              -32.87158392695743
            ],
            [
              -63.00307847107736,
              -32.87095286528497
            ],
            [
              -62.99785220176225,
              -32.87176423029241
            ],
            [
              -62.99710559186009,
              -32.872214988629885
            ],
            [
              -62.99699893330264,
              -32.87275589863484
            ],
            [
              -62.99849215310696,
              -32.87798469534947
            ],
            [
              -62.99881212877931,
              -32.87825515035195
            ],
            [
              -63.00489166655403,
              -32.877173330342025
            ],
            [
              -63.00659820347325,
              -32.87663242033706
            ],
            [
              -63.00702483770306,
              -32.87419832531474
            ],
            [
              -63.00659820347325,
              -32.87302635363732
            ],
            [
              -63.0067048620307,
              -32.872485443632364
            ],
            [
              -63.00595825212854,
              -32.87158392695743
            ]
          ]
        ]
      }
    },
    {
      "type": "Feature",
      "properties": {
        "id": "TAYPE",
        "localidad": "COLONIA VEINTICINCO",
        "cultivo": "Ma\u00edz",
        "area_ha": 37.75,
        "error_pct": 49.7,
        "sam_score": 0.977
      },
      "geometry": {
        "type": "Polygon",
        "coordinates": [
          [
            [
              -61.84962642944729,
              -32.731962627472086
            ],
            [
              -61.845936280017874,
              -32.73258619138226
            ],
            [
              -61.84519825013199,
              -32.733031594175245
            ],
            [
              -61.84604171285872,
              -32.73730746098786
            ],
            [
              -61.84667430990376,
              -32.7387327499254
            ],
            [
              -61.84699060842628,
              -32.73899999160119
            ],
            [
              -61.85152422058242,
              -32.73828734713242
            ],
            [
              -61.8522622504683,
              -32.73793102489803
            ],
            [
              -61.8512079220599,
              -32.73356607752682
            ],
            [
              -61.85057532501486,
              -32.73329883585103
            ],
            [
              -61.84962642944729,
              -32.731962627472086
            ]
          ]
        ]
      }
    },
    {
      "type": "Feature",
      "properties": {
        "id": "TAYPE",
        "localidad": "IDIAZABAL",
        "cultivo": "Trigo",
        "area_ha": 48.41,
        "error_pct": 30.8,
        "sam_score": 0.934
      },
      "geometry": {
        "type": "Polygon",
        "coordinates": [
          [
            [
              -63.110021155459755,
              -32.893693430988776
            ],
            [
              -63.10459112983532,
              -32.89459314463032
            ],
            [
              -63.102994063475194,
              -32.895132972815254
            ],
            [
              -63.10363289001925,
              -32.89873182738145
            ],
            [
              -63.10416524547262,
              -32.90008139784377
            ],
            [
              -63.105017014198026,
              -32.9006212260287
            ],
            [
              -63.1055493696514,
              -32.9006212260287
            ],
            [
              -63.10693349383018,
              -32.90179085376271
            ],
            [
              -63.107678791464906,
              -32.90170088239856
            ],
            [
              -63.10895644455301,
              -32.9006212260287
            ],
            [
              -63.10948880000638,
              -32.900801168757006
            ],
            [
              -63.10991468436908,
              -32.90044128330039
            ],
            [
              -63.10991468436908,
              -32.90008139784377
            ],
            [
              -63.11044703982246,
              -32.89972151238715
            ],
            [
              -63.110553510913135,
              -32.89927165556637
            ],
            [
              -63.11023409764111,
              -32.89837194192483
            ],
            [
              -63.110766453094485,
              -32.897832113739895
            ],
            [
              -63.110553510913135,
              -32.89666248600589
            ],
            [
              -63.110766453094485,
              -32.89540288690772
            ],
            [
              -63.110021155459755,
              -32.893693430988776
            ]
          ]
        ]
      }
    },
    {
      "type": "Feature",
      "properties": {
        "id": "TAYPE",
        "localidad": "Marcos Ju\u00e1rez",
        "cultivo": "Ma\u00edz",
        "area_ha": 68.33,
        "error_pct": 58.3,
        "sam_score": 0.939
      },
      "geometry": {
        "type": "Polygon",
        "coordinates": [
          [
            [
              -62.22308839401114,
              -32.68178692207242
            ],
            [
              -62.22076084307778,
              -32.68250098051837
            ],
            [
              -62.21938547207169,
              -32.682322465906886
            ],
            [
              -62.219068078762604,
              -32.682590237824115
            ],
            [
              -62.21769270775652,
              -32.682590237824115
            ],
            [
              -62.217057921138334,
              -32.683304296270066
            ],
            [
              -62.21578834790195,
              -32.68348281088156
            ],
            [
              -62.21652893228984,
              -32.68553572891367
            ],
            [
              -62.214095583586776,
              -32.68607127274813
            ],
            [
              -62.21367239250798,
              -32.686428301971105
            ],
            [
              -62.21441297689587,
              -32.689730822283636
            ],
            [
              -62.214941965744366,
              -32.69035562342384
            ],
            [
              -62.22520434940511,
              -32.688302705391735
            ],
            [
              -62.22372318062933,
              -32.682411723212624
            ],
            [
              -62.22308839401114,
              -32.68178692207242
            ]
          ]
        ]
      }
    },
    {
      "type": "Feature",
      "properties": {
        "id": "TAYPE",
        "localidad": "Marcos Ju\u00e1rez",
        "cultivo": "Ma\u00edz",
        "area_ha": 24.32,
        "error_pct": 69.6,
        "sam_score": 0.965
      },
      "geometry": {
        "type": "Polygon",
        "coordinates": [
          [
            [
              -62.19267905706322,
              -32.705066763836975
            ],
            [
              -62.19215102494467,
              -32.70256755927622
            ],
            [
              -62.19162299282612,
              -32.70194275813603
            ],
            [
              -62.18760994872512,
              -32.70256755927622
            ],
            [
              -62.185075394556065,
              -32.70319236041641
            ],
            [
              -62.18401933031896,
              -32.70328161772215
            ],
            [
              -62.18380811747154,
              -32.70346013233363
            ],
            [
              -62.18380811747154,
              -32.703727904250854
            ],
            [
              -62.18412493674267,
              -32.70399567616808
            ],
            [
              -62.184969788132356,
              -32.704352705391045
            ],
            [
              -62.18549782025091,
              -32.70479899191975
            ],
            [
              -62.18581463952204,
              -32.70479899191975
            ],
            [
              -62.187821161572536,
              -32.70604859420013
            ],
            [
              -62.19225663136838,
              -32.705334535754204
            ],
            [
              -62.19267905706322,
              -32.705066763836975
            ]
          ]
        ]
      }
    },
    {
      "type": "Feature",
      "properties": {
        "id": "TAYPE",
        "localidad": "LEONES",
        "cultivo": "Ma\u00edz",
        "area_ha": 58.64,
        "error_pct": 65.1,
        "sam_score": 0.873
      },
      "geometry": {
        "type": "Polygon",
        "coordinates": [
          [
            [
              -62.41696700891151,
              -32.69175365455143
            ],
            [
              -62.41040718839556,
              -32.69282900950189
            ],
            [
              -62.41008977772544,
              -32.69309784823951
            ],
            [
              -62.41178263463278,
              -32.70017726833009
            ],
            [
              -62.412205848859614,
              -32.700446107067705
            ],
            [
              -62.4168612053548,
              -32.6997292037674
            ],
            [
              -62.41739022313835,
              -32.69937075211724
            ],
            [
              -62.418977276488974,
              -32.69901230046708
            ],
            [
              -62.41739022313835,
              -32.692470557851735
            ],
            [
              -62.41696700891151,
              -32.69175365455143
            ]
          ]
        ]
      }
    },
    {
      "type": "Feature",
      "properties": {
        "id": "TAYPE",
        "localidad": "LEONES",
        "cultivo": "Ma\u00edz",
        "area_ha": 45.4,
        "error_pct": 46.6,
        "sam_score": 0.862
      },
      "geometry": {
        "type": "Polygon",
        "coordinates": [
          [
            [
              -62.37049938164456,
              -32.676100299312616
            ],
            [
              -62.36859516928596,
              -32.67636913805024
            ],
            [
              -62.367431483955706,
              -32.676906815525484
            ],
            [
              -62.36764306310666,
              -32.67726526717565
            ],
            [
              -62.36732569438023,
              -32.67834062212614
            ],
            [
              -62.367431483955706,
              -32.680222493289506
            ],
            [
              -62.366796746502835,
              -32.68076017076475
            ],
            [
              -62.36732569438023,
              -32.68156668697762
            ],
            [
              -62.36700832565379,
              -32.68201475154032
            ],
            [
              -62.36626779862545,
              -32.68228359027795
            ],
            [
              -62.366902536078314,
              -32.68282126775319
            ],
            [
              -62.36764306310666,
              -32.68300049357827
            ],
            [
              -62.367537273531184,
              -32.683358945228434
            ],
            [
              -62.36774885268214,
              -32.68353817105352
            ],
            [
              -62.366902536078314,
              -32.683896622703685
            ],
            [
              -62.36870095886144,
              -32.68550965512942
            ],
            [
              -62.37250938357864,
              -32.68497197765417
            ],
            [
              -62.3731441210315,
              -32.684703138916554
            ],
            [
              -62.3731441210315,
              -32.68380700979114
            ],
            [
              -62.371239908672905,
              -32.676906815525484
            ],
            [
              -62.370605171220035,
              -32.67654836387532
            ],
            [
              -62.37049938164456,
              -32.676100299312616
            ]
          ]
        ]
      }
    },
    {
      "type": "Feature",
      "properties": {
        "id": "TAYPE",
        "localidad": "ORDO\u00d1EZ",
        "cultivo": "Trigo",
        "area_ha": 55.22,
        "error_pct": 71.1,
        "sam_score": 0.926
      },
      "geometry": {
        "type": "MultiPolygon",
        "coordinates": [
          [
            [
              [
                -62.86736762435477,
                -32.855406518177595
              ],
              [
                -62.867048389488396,
                -32.855136604085104
              ],
              [
                -62.86672915462202,
                -32.855406518177595
              ],
              [
                -62.86694197786627,
                -32.855586460905926
              ],
              [
                -62.86736762435477,
                -32.855406518177595
              ]
            ]
          ],
          [
            [
              [
                -62.86736762435477,
                -32.855406518177595
              ],
              [
                -62.867686859221145,
                -32.85567643227009
              ],
              [
                -62.868218917331774,
                -32.855406518177595
              ],
              [
                -62.86758044759902,
                -32.85522657544927
              ],
              [
                -62.86736762435477,
                -32.855406518177595
              ]
            ]
          ],
          [
            [
              [
                -62.867048389488396,
                -32.855136604085104
              ],
              [
                -62.86789968246539,
                -32.85495666135678
              ],
              [
                -62.86811250570965,
                -32.85459677590013
              ],
              [
                -62.86640991975565,
                -32.847489038131236
              ],
              [
                -62.86587786164502,
                -32.84676926721793
              ],
              [
                -62.85906751782901,
                -32.84793889495205
              ],
              [
                -62.85874828296264,
                -32.84820880904454
              ],
              [
                -62.85981239918389,
                -32.85171769224691
              ],
              [
                -62.862047043248516,
                -32.854506804535966
              ],
              [
                -62.86236627811489,
                -32.85459677590013
              ],
              [
                -62.863217571091894,
                -32.85414691907931
              ],
              [
                -62.864920157045894,
                -32.854236890443474
              ],
              [
                -62.866622742999894,
                -32.85477671862846
              ],
              [
                -62.867048389488396,
                -32.855136604085104
              ]
            ]
          ]
        ]
      }
    },
    {
      "type": "Feature",
      "properties": {
        "id": "TAYPE",
        "localidad": "MONTES DE OCA",
        "cultivo": "Soja",
        "area_ha": 25.2,
        "error_pct": 3.1,
        "sam_score": 0.911
      },
      "geometry": {
        "type": "Polygon",
        "coordinates": [
          [
            [
              -61.745069676903334,
              -32.62454596080942
            ],
            [
              -61.7445441889769,
              -32.62463504136804
            ],
            [
              -61.744333993806336,
              -32.62445688025081
            ],
            [
              -61.741496359003634,
              -32.62445688025081
            ],
            [
              -61.74086577349192,
              -32.62454596080942
            ],
            [
              -61.74065557832135,
              -32.62472412192665
            ],
            [
              -61.74065557832135,
              -32.62490228304388
            ],
            [
              -61.74023518798021,
              -32.62525860527833
            ],
            [
              -61.74023518798021,
              -32.62650573309893
            ],
            [
              -61.74002499280964,
              -32.62668389421616
            ],
            [
              -61.74023518798021,
              -32.62686205533339
            ],
            [
              -61.74023518798021,
              -32.62775286091953
            ],
            [
              -61.740760675906635,
              -32.628732747064284
            ],
            [
              -61.74202184693006,
              -32.629089069298736
            ],
            [
              -61.74223204210063,
              -32.62926723041597
            ],
            [
              -61.74286262761234,
              -32.62917814985735
            ],
            [
              -61.74307282278291,
              -32.62935631097458
            ],
            [
              -61.74359831070934,
              -32.62917814985735
            ],
            [
              -61.743913603465195,
              -32.62926723041597
            ],
            [
              -61.7445441889769,
              -32.62899998874013
            ],
            [
              -61.74475438414748,
              -32.629089069298736
            ],
            [
              -61.74538496965919,
              -32.62864366650567
            ],
            [
              -61.74538496965919,
              -32.628376424829824
            ],
            [
              -61.74570026241504,
              -32.62810918315398
            ],
            [
              -61.74580536000033,
              -32.627485619243686
            ],
            [
              -61.74580536000033,
              -32.62534768583695
            ],
            [
              -61.745069676903334,
              -32.62454596080942
            ]
          ]
        ]
      }
    },
    {
      "type": "Feature",
      "properties": {
        "id": "TAYPE",
        "localidad": "Marcos Ju\u00e1rez",
        "cultivo": "Ma\u00edz",
        "area_ha": 38.24,
        "error_pct": 25.0,
        "sam_score": 0.91
      },
      "geometry": {
        "type": "Polygon",
        "coordinates": [
          [
            [
              -62.47717197605404,
              -32.74188193384008
            ],
            [
              -62.47304319281449,
              -32.742419611315256
            ],
            [
              -62.47103173431317,
              -32.74286767587791
            ],
            [
              -62.47007893818097,
              -32.74331574044056
            ],
            [
              -62.47082000183934,
              -32.74349496626562
            ],
            [
              -62.471243466786994,
              -32.74385341791574
            ],
            [
              -62.470714135602435,
              -32.744122256653334
            ],
            [
              -62.47092586807626,
              -32.74474954704104
            ],
            [
              -62.47060826936552,
              -32.74537683742875
            ],
            [
              -62.47082000183934,
              -32.745556063253815
            ],
            [
              -62.471984530445376,
              -32.745556063253815
            ],
            [
              -62.47240799539302,
              -32.74761716024201
            ],
            [
              -62.472831460340664,
              -32.74833406354225
            ],
            [
              -62.47304319281449,
              -32.74824445062972
            ],
            [
              -62.473360791525224,
              -32.74851328936731
            ],
            [
              -62.47399598894669,
              -32.74842367645478
            ],
            [
              -62.47431358765743,
              -32.74869251519237
            ],
            [
              -62.47473705260507,
              -32.74851328936731
            ],
            [
              -62.47505465131581,
              -32.7487821281049
            ],
            [
              -62.475689848737275,
              -32.74860290227984
            ],
            [
              -62.47611331368492,
              -32.7487821281049
            ],
            [
              -62.47643091239566,
              -32.74851328936731
            ],
            [
              -62.476960243580216,
              -32.74860290227984
            ],
            [
              -62.47759544100168,
              -32.74833406354225
            ],
            [
              -62.476960243580216,
              -32.74457032121598
            ],
            [
              -62.47791303971242,
              -32.7440326437408
            ],
            [
              -62.47791303971242,
              -32.74358457917815
            ],
            [
              -62.47717197605404,
              -32.74188193384008
            ]
          ]
        ]
      }
    },
    {
      "type": "Feature",
      "properties": {
        "id": "TAYPE",
        "localidad": "Marcos Ju\u00e1rez",
        "cultivo": "Ma\u00edz",
        "area_ha": 15.67,
        "error_pct": 62.7,
        "sam_score": 0.909
      },
      "geometry": {
        "type": "Polygon",
        "coordinates": [
          [
            [
              -62.129587500285034,
              -32.76325792183012
            ],
            [
              -62.12874207680593,
              -32.76325792183012
            ],
            [
              -62.128213687131485,
              -32.76343643644158
            ],
            [
              -62.128002331261705,
              -32.76334717913585
            ],
            [
              -62.126522840173266,
              -32.76361495105304
            ],
            [
              -62.12578309462905,
              -32.76361495105304
            ],
            [
              -62.12546606082439,
              -32.76388272297024
            ],
            [
              -62.12546606082439,
              -32.764329009498894
            ],
            [
              -62.12567741669416,
              -32.764775296027544
            ],
            [
              -62.12599445049883,
              -32.76629267022498
            ],
            [
              -62.1262058063686,
              -32.76647118483644
            ],
            [
              -62.1262058063686,
              -32.766828214059366
            ],
            [
              -62.126628518108156,
              -32.767363757893754
            ],
            [
              -62.126945551912826,
              -32.76718524328229
            ],
            [
              -62.129481822350144,
              -32.76709598597656
            ],
            [
              -62.129693178219924,
              -32.7669174713651
            ],
            [
              -62.1299045340897,
              -32.76557861177913
            ],
            [
              -62.13011588995948,
              -32.765400097167664
            ],
            [
              -62.1299045340897,
              -32.764864553333275
            ],
            [
              -62.13001021202459,
              -32.76459678141608
            ],
            [
              -62.1299045340897,
              -32.76450752411035
            ],
            [
              -62.1299045340897,
              -32.763793465664506
            ],
            [
              -62.129798856154814,
              -32.76343643644158
            ],
            [
              -62.129587500285034,
              -32.76325792183012
            ]
          ]
        ]
      }
    },
    {
      "type": "Feature",
      "properties": {
        "id": "TAYPE",
        "localidad": "ORDO\u00d1EZ",
        "cultivo": "Trigo",
        "area_ha": 180.11,
        "error_pct": 40.0,
        "sam_score": 0.859
      },
      "geometry": {
        "type": "Polygon",
        "coordinates": [
          [
            [
              -62.847293327165744,
              -32.83127556384932
            ],
            [
              -62.84601397116705,
              -32.83028785426268
            ],
            [
              -62.843668485169445,
              -32.82965931179845
            ],
            [
              -62.839403965173794,
              -32.83001847892086
            ],
            [
              -62.83908412617412,
              -32.83055722960449
            ],
            [
              -62.8381246091751,
              -32.82912056111483
            ],
            [
              -62.83481960617847,
              -32.82930014467604
            ],
            [
              -62.834393154178905,
              -32.830826604946296
            ],
            [
              -62.83407331517923,
              -32.83028785426268
            ],
            [
              -62.83311379818021,
              -32.83028785426268
            ],
            [
              -62.833860089179446,
              -32.83073681316569
            ],
            [
              -62.83268734618064,
              -32.83100618850751
            ],
            [
              -62.83247412018086,
              -32.830198062482076
            ],
            [
              -62.83151460318184,
              -32.83001847892086
            ],
            [
              -62.828529439184884,
              -32.83037764604328
            ],
            [
              -62.82863605218478,
              -32.830826604946296
            ],
            [
              -62.82767653518575,
              -32.831185772068714
            ],
            [
              -62.82788976118554,
              -32.83217348165535
            ],
            [
              -62.825970727187496,
              -32.83387952548682
            ],
            [
              -62.82746330918597,
              -32.84016495012908
            ],
            [
              -62.835459284177816,
              -32.838997656981235
            ],
            [
              -62.835992349177275,
              -32.83836911451701
            ],
            [
              -62.83748493117575,
              -32.83872828163942
            ],
            [
              -62.846760262166285,
              -32.836842654246745
            ],
            [
              -62.847293327165744,
              -32.83127556384932
            ]
          ]
        ]
      }
    },
    {
      "type": "Feature",
      "properties": {
        "id": "TAYPE",
        "localidad": "Marcos Ju\u00e1rez",
        "cultivo": "Trigo",
        "area_ha": 10.98,
        "error_pct": 54.3,
        "sam_score": 0.939
      },
      "geometry": {
        "type": "Polygon",
        "coordinates": [
          [
            [
              -62.038625182995766,
              -32.85957980493477
            ],
            [
              -62.03830842997383,
              -32.85984757685191
            ],
            [
              -62.0366190805235,
              -32.85984757685191
            ],
            [
              -62.03619674316092,
              -32.86011534876906
            ],
            [
              -62.036302327501566,
              -32.860204606074774
            ],
            [
              -62.03609115882028,
              -32.8603831206862
            ],
            [
              -62.035774405798335,
              -32.860293863380484
            ],
            [
              -62.035563237117046,
              -32.86047237799192
            ],
            [
              -62.035774405798335,
              -32.86074014990906
            ],
            [
              -62.03566882145769,
              -32.86082940721478
            ],
            [
              -62.03566882145769,
              -32.861186436437634
            ],
            [
              -62.03587999013898,
              -32.86163272296621
            ],
            [
              -62.03587999013898,
              -32.86207900949479
            ],
            [
              -62.03609115882028,
              -32.862525296023364
            ],
            [
              -62.03609115882028,
              -32.862882325246225
            ],
            [
              -62.036513496182856,
              -32.86323935446909
            ],
            [
              -62.03809726129254,
              -32.86297158255194
            ],
            [
              -62.038836351677055,
              -32.86270381063479
            ],
            [
              -62.039153104699,
              -32.86270381063479
            ],
            [
              -62.039575442061576,
              -32.86243603871765
            ],
            [
              -62.03904752035835,
              -32.860293863380484
            ],
            [
              -62.038836351677055,
              -32.859758319546195
            ],
            [
              -62.038625182995766,
              -32.85957980493477
            ]
          ]
        ]
      }
    },
    {
      "type": "Feature",
      "properties": {
        "id": "TAYPE",
        "localidad": "IDIAZABAL",
        "cultivo": "Trigo",
        "area_ha": 189.64,
        "error_pct": 31.8,
        "sam_score": 0.947
      },
      "geometry": {
        "type": "Polygon",
        "coordinates": [
          [
            [
              -63.11661460138316,
              -32.86154811020759
            ],
            [
              -63.10469359504058,
              -32.86379739431158
            ],
            [
              -63.10533222038036,
              -32.86622662114389
            ],
            [
              -63.10586440816351,
              -32.866496535236365
            ],
            [
              -63.10565153305025,
              -32.86811601979124
            ],
            [
              -63.108099596852746,
              -32.86811601979124
            ],
            [
              -63.109057534862416,
              -32.873424330276656
            ],
            [
              -63.105545095493625,
              -32.87405412982577
            ],
            [
              -63.10501290771047,
              -32.87558364301648
            ],
            [
              -63.106077283276775,
              -32.87729309893552
            ],
            [
              -63.107567409069595,
              -32.87648335665808
            ],
            [
              -63.11001547287209,
              -32.87657332802224
            ],
            [
              -63.11097341088176,
              -32.879002554854544
            ],
            [
              -63.11235709911796,
              -32.87864266939791
            ],
            [
              -63.11278284934448,
              -32.878012869848796
            ],
            [
              -63.113740787354146,
              -32.87828278394127
            ],
            [
              -63.118849790072396,
              -32.87702318484304
            ],
            [
              -63.12044635342185,
              -32.87540370028817
            ],
            [
              -63.11661460138316,
              -32.86154811020759
            ]
          ]
        ]
      }
    },
    {
      "type": "Feature",
      "properties": {
        "id": "TAYPE",
        "localidad": "Marcos Ju\u00e1rez",
        "cultivo": "Soja 1ra",
        "area_ha": 125.43,
        "error_pct": 31.5,
        "sam_score": 0.93
      },
      "geometry": {
        "type": "Polygon",
        "coordinates": [
          [
            [
              -62.195026006765325,
              -32.70741910474185
            ],
            [
              -62.19555513146192,
              -32.70885006083228
            ],
            [
              -62.19523765664396,
              -32.70947610412185
            ],
            [
              -62.19809493000558,
              -32.7116225382575
            ],
            [
              -62.199682304095376,
              -32.712159146791414
            ],
            [
              -62.19947065421673,
              -32.71260632056968
            ],
            [
              -62.19756580530899,
              -32.712159146791414
            ],
            [
              -62.19777745518763,
              -32.71314292910359
            ],
            [
              -62.200740553488565,
              -32.71519992848359
            ],
            [
              -62.20285705227495,
              -32.7176146668862
            ],
            [
              -62.20910072369479,
              -32.71654144981837
            ],
            [
              -62.20952402345207,
              -32.71618371079577
            ],
            [
              -62.20772499948364,
              -32.71037045167837
            ],
            [
              -62.20761917454432,
              -32.70840288705403
            ],
            [
              -62.206878399969085,
              -32.70724023523054
            ],
            [
              -62.20677257502977,
              -32.7054515401175
            ],
            [
              -62.20613762539385,
              -32.70482549682794
            ],
            [
              -62.20328035203223,
              -32.70536210536185
            ],
            [
              -62.200740553488565,
              -32.70393114927141
            ],
            [
              -62.20010560385265,
              -32.70402058402707
            ],
            [
              -62.19947065421673,
              -32.7052726706062
            ],
            [
              -62.199682304095376,
              -32.706167018162716
            ],
            [
              -62.195026006765325,
              -32.70741910474185
            ]
          ]
        ]
      }
    },
    {
      "type": "Feature",
      "properties": {
        "id": "TAYPE",
        "localidad": "LA LAGUNA",
        "cultivo": "Trigo",
        "area_ha": 118.25,
        "error_pct": 33.9,
        "sam_score": 0.937
      },
      "geometry": {
        "type": "Polygon",
        "coordinates": [
          [
            [
              -63.162230480220764,
              -32.858394290065114
            ],
            [
              -63.15009723957805,
              -32.860733545533286
            ],
            [
              -63.15190658248091,
              -32.86946076785684
            ],
            [
              -63.15499310860932,
              -32.86901091103604
            ],
            [
              -63.15499310860932,
              -32.86937079649268
            ],
            [
              -63.15414165312562,
              -32.86964071058516
            ],
            [
              -63.15658958764126,
              -32.86982065331348
            ],
            [
              -63.15690888344764,
              -32.87063039559093
            ],
            [
              -63.15893109022143,
              -32.87027051013428
            ],
            [
              -63.15946324989874,
              -32.86973068194932
            ],
            [
              -63.16010184151151,
              -32.87009056740597
            ],
            [
              -63.16095329699521,
              -32.86973068194932
            ],
            [
              -63.16084686505975,
              -32.867751311937795
            ],
            [
              -63.16137902473706,
              -32.867391426481156
            ],
            [
              -63.160634001188825,
              -32.86721148375283
            ],
            [
              -63.16031470538244,
              -32.86577194192627
            ],
            [
              -63.16265620796261,
              -32.86523211374131
            ],
            [
              -63.16265620796261,
              -32.864242428735544
            ],
            [
              -63.163401231510846,
              -32.862892858273135
            ],
            [
              -63.162230480220764,
              -32.858394290065114
            ]
          ]
        ]
      }
    },
    {
      "type": "Feature",
      "properties": {
        "id": "TAYPE",
        "localidad": "MONTE BUEY",
        "cultivo": "Trigo",
        "area_ha": 27.61,
        "error_pct": 44.8,
        "sam_score": 0.974
      },
      "geometry": {
        "type": "Polygon",
        "coordinates": [
          [
            [
              -62.50051335208029,
              -32.76862829959799
            ],
            [
              -62.49987670713365,
              -32.76844907377294
            ],
            [
              -62.4947835475605,
              -32.769434815810726
            ],
            [
              -62.49457133257829,
              -32.76961404163578
            ],
            [
              -62.494677440069395,
              -32.77194397736145
            ],
            [
              -62.49446522508718,
              -32.772212816099035
            ],
            [
              -62.49435911759607,
              -32.77149591279883
            ],
            [
              -62.49404079512275,
              -32.771316686973776
            ],
            [
              -62.49382858014054,
              -32.77149591279883
            ],
            [
              -62.49372247264943,
              -32.77284010648672
            ],
            [
              -62.49297972021168,
              -32.773288171049344
            ],
            [
              -62.49319193519389,
              -32.773467396874395
            ],
            [
              -62.493616365158324,
              -32.773288171049344
            ],
            [
              -62.49425301010496,
              -32.77337778396187
            ],
            [
              -62.49446522508718,
              -32.77319855813682
            ],
            [
              -62.496056837453786,
              -32.773108945224294
            ],
            [
              -62.50104388953583,
              -32.77230242901156
            ],
            [
              -62.50125610451804,
              -32.77212320318651
            ],
            [
              -62.501149997026936,
              -32.77104784823619
            ],
            [
              -62.50051335208029,
              -32.76862829959799
            ]
          ]
        ]
      }
    },
    {
      "type": "Feature",
      "properties": {
        "id": "TAYPE",
        "localidad": "JUSTINIANO POSSE",
        "cultivo": "Trigo",
        "area_ha": 62.4,
        "error_pct": 65.3,
        "sam_score": 0.886
      },
      "geometry": {
        "type": "Polygon",
        "coordinates": [
          [
            [
              -62.67906680859895,
              -32.804817861555854
            ],
            [
              -62.6783237579761,
              -32.804728069775244
            ],
            [
              -62.67089325174761,
              -32.80616473826499
            ],
            [
              -62.67259165317127,
              -32.81289912181065
            ],
            [
              -62.67301625352718,
              -32.813527664274915
            ],
            [
              -62.6798098592218,
              -32.81227057934639
            ],
            [
              -62.68023445957771,
              -32.81200120400456
            ],
            [
              -62.6792791087769,
              -32.80840953278021
            ],
            [
              -62.679385258865885,
              -32.80553619580073
            ],
            [
              -62.67906680859895,
              -32.804817861555854
            ]
          ]
        ]
      }
    },
    {
      "type": "Feature",
      "properties": {
        "id": "TAYPE",
        "localidad": "JUSTINIANO POSSE",
        "cultivo": "Trigo",
        "area_ha": 36.33,
        "error_pct": 63.7,
        "sam_score": 0.88
      },
      "geometry": {
        "type": "Polygon",
        "coordinates": [
          [
            [
              -62.739694156736014,
              -32.83123994557181
            ],
            [
              -62.73873852755052,
              -32.83123994557181
            ],
            [
              -62.73512837284975,
              -32.831868488036044
            ],
            [
              -62.73470364876731,
              -32.83213786337785
            ],
            [
              -62.73544691591159,
              -32.83537036747962
            ],
            [
              -62.73608400203525,
              -32.83734578665292
            ],
            [
              -62.736402545097086,
              -32.83779474555594
            ],
            [
              -62.73629636407647,
              -32.838064120897755
            ],
            [
              -62.7366149071383,
              -32.83833349623957
            ],
            [
              -62.73980033775663,
              -32.83779474555594
            ],
            [
              -62.74128687204518,
              -32.836807035969294
            ],
            [
              -62.741074510003955,
              -32.83653766062748
            ],
            [
              -62.741074510003955,
              -32.835100992137804
            ],
            [
              -62.74064978592151,
              -32.83438265789297
            ],
            [
              -62.74064978592151,
              -32.83339494830632
            ],
            [
              -62.740437423880294,
              -32.8330357811839
            ],
            [
              -62.740437423880294,
              -32.832676614061484
            ],
            [
              -62.74086214796274,
              -32.83204807159725
            ],
            [
              -62.739694156736014,
              -32.83123994557181
            ]
          ]
        ]
      }
    },
    {
      "type": "Feature",
      "properties": {
        "id": "TAYPE",
        "localidad": "Marcos Ju\u00e1rez",
        "cultivo": "Trigo",
        "area_ha": 26.22,
        "error_pct": 25.1,
        "sam_score": 0.974
      },
      "geometry": {
        "type": "Polygon",
        "coordinates": [
          [
            [
              -62.14335367421701,
              -32.74063622038616
            ],
            [
              -62.14314236873042,
              -32.74045735087486
            ],
            [
              -62.14261410501396,
              -32.74045735087486
            ],
            [
              -62.136803204132875,
              -32.741530567942625
            ],
            [
              -62.13659189864629,
              -32.74170943745392
            ],
            [
              -62.13659189864629,
              -32.742156611232154
            ],
            [
              -62.13743712059263,
              -32.74492908865721
            ],
            [
              -62.1378597315658,
              -32.74519739292415
            ],
            [
              -62.142719757757256,
              -32.74430304536768
            ],
            [
              -62.1435649797036,
              -32.74394530634509
            ],
            [
              -62.14377628519018,
              -32.74331926305557
            ],
            [
              -62.14409324342006,
              -32.74394530634509
            ],
            [
              -62.14441020164993,
              -32.74367700207815
            ],
            [
              -62.14441020164993,
              -32.74340869781121
            ],
            [
              -62.143987590676765,
              -32.74305095878862
            ],
            [
              -62.143670632446884,
              -32.74305095878862
            ],
            [
              -62.14335367421701,
              -32.74242491549909
            ],
            [
              -62.14335367421701,
              -32.74063622038616
            ]
          ]
        ]
      }
    },
    {
      "type": "Feature",
      "properties": {
        "id": "TAYPE",
        "localidad": "MONTE BUEY",
        "cultivo": "Trigo",
        "area_ha": 32.08,
        "error_pct": 38.3,
        "sam_score": 0.867
      },
      "geometry": {
        "type": "Polygon",
        "coordinates": [
          [
            [
              -62.489735375550325,
              -32.69517829960078
            ],
            [
              -62.48941731529209,
              -32.694909460863165
            ],
            [
              -62.48909925503384,
              -32.69562636416347
            ],
            [
              -62.488887214861684,
              -32.69464062212555
            ],
            [
              -62.48793303408696,
              -32.69374449300017
            ],
            [
              -62.4823139695247,
              -32.69365488008763
            ],
            [
              -62.48199590926645,
              -32.693923718825246
            ],
            [
              -62.48178386909429,
              -32.694551009213015
            ],
            [
              -62.48178386909429,
              -32.69697055785154
            ],
            [
              -62.48220794943862,
              -32.69741862241423
            ],
            [
              -62.4839042708159,
              -32.69768746115185
            ],
            [
              -62.48528253193495,
              -32.69831475153962
            ],
            [
              -62.48761497382872,
              -32.69813552571454
            ],
            [
              -62.48835711443128,
              -32.69786668697693
            ],
            [
              -62.48920527511992,
              -32.69706017076408
            ],
            [
              -62.48941731529209,
              -32.69723939658916
            ],
            [
              -62.489629355464245,
              -32.69706017076408
            ],
            [
              -62.489735375550325,
              -32.69517829960078
            ]
          ]
        ]
      }
    },
    {
      "type": "Feature",
      "properties": {
        "id": "TAYPE",
        "localidad": "IDIAZABAL",
        "cultivo": "Trigo",
        "area_ha": 32.6,
        "error_pct": 56.5,
        "sam_score": 0.95
      },
      "geometry": {
        "type": "Polygon",
        "coordinates": [
          [
            [
              -63.114309273546844,
              -32.85500303008845
            ],
            [
              -63.11335146550051,
              -32.854283259175155
            ],
            [
              -63.112925773035464,
              -32.85473311599596
            ],
            [
              -63.11250008057042,
              -32.854823087360124
            ],
            [
              -63.111223003175304,
              -32.85446320190348
            ],
            [
              -63.11111658005904,
              -32.853743430990185
            ],
            [
              -63.10994592578018,
              -32.85329357416938
            ],
            [
              -63.10952023331514,
              -32.85401334508267
            ],
            [
              -63.10898811773384,
              -32.85401334508267
            ],
            [
              -63.108775271501315,
              -32.85419328781099
            ],
            [
              -63.1090945408501,
              -32.85473311599596
            ],
            [
              -63.10898811773384,
              -32.854913058724286
            ],
            [
              -63.10675323229238,
              -32.85527294418093
            ],
            [
              -63.106008270478554,
              -32.85563282963758
            ],
            [
              -63.1064339629436,
              -32.85680245737168
            ],
            [
              -63.10664680917612,
              -32.8588717987474
            ],
            [
              -63.1069660785249,
              -32.859141712839886
            ],
            [
              -63.107923886571236,
              -32.859051741475724
            ],
            [
              -63.11388358108181,
              -32.85779214237746
            ],
            [
              -63.114309273546844,
              -32.85725231419249
            ],
            [
              -63.114309273546844,
              -32.85500303008845
            ]
          ]
        ]
      }
    },
    {
      "type": "Feature",
      "properties": {
        "id": "TAYPE",
        "localidad": "Marcos Ju\u00e1rez",
        "cultivo": "Trigo",
        "area_ha": 31.69,
        "error_pct": 24.5,
        "sam_score": 0.957
      },
      "geometry": {
        "type": "Polygon",
        "coordinates": [
          [
            [
              -62.12658699661426,
              -32.7484642435228
            ],
            [
              -62.12236052633357,
              -32.74917830196866
            ],
            [
              -62.12183221754849,
              -32.74944607388586
            ],
            [
              -62.123205820389714,
              -32.75408745378401
            ],
            [
              -62.123100158632695,
              -32.75426596839548
            ],
            [
              -62.12362846741778,
              -32.75480151222988
            ],
            [
              -62.123417143903744,
              -32.75506928414708
            ],
            [
              -62.1237341291748,
              -32.75533705606428
            ],
            [
              -62.12627001134321,
              -32.75506928414708
            ],
            [
              -62.12711530539934,
              -32.75435522570121
            ],
            [
              -62.126798320128295,
              -32.75399819647828
            ],
            [
              -62.12722096715636,
              -32.75355190994961
            ],
            [
              -62.12732662891337,
              -32.75292710880947
            ],
            [
              -62.12753795242741,
              -32.75310562342094
            ],
            [
              -62.12785493769846,
              -32.75283785150374
            ],
            [
              -62.12796059945548,
              -32.75069567616613
            ],
            [
              -62.127009643642324,
              -32.74935681658013
            ],
            [
              -62.126903981885306,
              -32.74873201544
            ],
            [
              -62.12658699661426,
              -32.7484642435228
            ]
          ]
        ]
      }
    },
    {
      "type": "Feature",
      "properties": {
        "id": "TAYPE",
        "localidad": "BOUQUET",
        "cultivo": "Trigo",
        "area_ha": 19.61,
        "error_pct": 67.3,
        "sam_score": 0.884
      },
      "geometry": {
        "type": "Polygon",
        "coordinates": [
          [
            [
              -61.926559787955796,
              -32.447659177427035
            ],
            [
              -61.92613938491452,
              -32.448104580220246
            ],
            [
              -61.92487817579071,
              -32.45202412480054
            ],
            [
              -61.92508837731134,
              -32.45220228591782
            ],
            [
              -61.92613938491452,
              -32.45238044703511
            ],
            [
              -61.92676998947643,
              -32.45264768871104
            ],
            [
              -61.9283465008812,
              -32.45291493038697
            ],
            [
              -61.928556702401835,
              -32.452736769269684
            ],
            [
              -61.92866180316216,
              -32.451845963683255
            ],
            [
              -61.92897710544311,
              -32.451400560890036
            ],
            [
              -61.92929240772406,
              -32.45131148033139
            ],
            [
              -61.92992301228597,
              -32.45068791642089
            ],
            [
              -61.92981791152565,
              -32.45033159418632
            ],
            [
              -61.93002811304629,
              -32.449886191393105
            ],
            [
              -61.92992301228597,
              -32.4486390635721
            ],
            [
              -61.929082206203425,
              -32.44783733854432
            ],
            [
              -61.92866180316216,
              -32.448104580220246
            ],
            [
              -61.92813629936057,
              -32.44792641910296
            ],
            [
              -61.92782099707961,
              -32.448104580220246
            ],
            [
              -61.926559787955796,
              -32.447659177427035
            ]
          ]
        ]
      }
    },
    {
      "type": "Feature",
      "properties": {
        "id": "TAYPE",
        "localidad": "MONTE BUEY",
        "cultivo": "Trigo",
        "area_ha": 111.94,
        "error_pct": 47.2,
        "sam_score": 0.989
      },
      "geometry": {
        "type": "Polygon",
        "coordinates": [
          [
            [
              -62.49414264370892,
              -32.98909449298974
            ],
            [
              -62.48467540290999,
              -32.990976364152004
            ],
            [
              -62.48733474021306,
              -33.00074417161329
            ],
            [
              -62.49010045100825,
              -33.00029610705084
            ],
            [
              -62.49254704132708,
              -33.000923397438264
            ],
            [
              -62.48988770402401,
              -33.00128184908822
            ],
            [
              -62.49073869196099,
              -33.001729913650664
            ],
            [
              -62.49722747498048,
              -33.00038571996333
            ],
            [
              -62.49414264370892,
              -32.98909449298974
            ]
          ]
        ]
      }
    },
    {
      "type": "Feature",
      "properties": {
        "id": "TAYPE",
        "localidad": "MONTE BUEY",
        "cultivo": "Trigo",
        "area_ha": 15.72,
        "error_pct": 49.3,
        "sam_score": 0.924
      },
      "geometry": {
        "type": "Polygon",
        "coordinates": [
          [
            [
              -62.509608074194325,
              -33.00613217046408
            ],
            [
              -62.51003364774818,
              -33.00801404162628
            ],
            [
              -62.50907610725201,
              -33.008193267451254
            ],
            [
              -62.50886332047508,
              -33.00837249327623
            ],
            [
              -62.50907610725201,
              -33.00953746113854
            ],
            [
              -62.50950168080586,
              -33.00989591278849
            ],
            [
              -62.51003364774818,
              -33.009716686963515
            ],
            [
              -62.51099118824435,
              -33.009716686963515
            ],
            [
              -62.513757416344404,
              -33.009179009488605
            ],
            [
              -62.51439577667518,
              -33.00882055783866
            ],
            [
              -62.51418298989825,
              -33.00864133201369
            ],
            [
              -62.514289383286716,
              -33.00783481580131
            ],
            [
              -62.51418298989825,
              -33.007565977063855
            ],
            [
              -62.514289383286716,
              -33.007476364151366
            ],
            [
              -62.51311905601362,
              -33.00640100920153
            ],
            [
              -62.512055122128984,
              -33.00631139628905
            ],
            [
              -62.51194872874052,
              -33.00640100920153
            ],
            [
              -62.511523155186666,
              -33.00622178337656
            ],
            [
              -62.51099118824435,
              -33.00622178337656
            ],
            [
              -62.51067200807896,
              -33.005863331726616
            ],
            [
              -62.50982086097125,
              -33.005952944639105
            ],
            [
              -62.509608074194325,
              -33.00613217046408
            ]
          ]
        ]
      }
    },
    {
      "type": "Feature",
      "properties": {
        "id": "TAYPE",
        "localidad": "LEONES",
        "cultivo": "Ma\u00edz",
        "area_ha": 36.88,
        "error_pct": 40.5,
        "sam_score": 0.891
      },
      "geometry": {
        "type": "Polygon",
        "coordinates": [
          [
            [
              -62.30007061271312,
              -32.539279669992126
            ],
            [
              -62.29732978567646,
              -32.539279669992126
            ],
            [
              -62.29711895282748,
              -32.539458539503485
            ],
            [
              -62.29722436925197,
              -32.540889495594364
            ],
            [
              -62.297013536403,
              -32.54106836510573
            ],
            [
              -62.29722436925197,
              -32.54160497363981
            ],
            [
              -62.29680270355402,
              -32.54160497363981
            ],
            [
              -62.29648645428056,
              -32.54232045168525
            ],
            [
              -62.2961702050071,
              -32.54258875595229
            ],
            [
              -62.29595937215813,
              -32.54240988644093
            ],
            [
              -62.29564312288467,
              -32.54285706021933
            ],
            [
              -62.29585395573364,
              -32.54357253826477
            ],
            [
              -62.29627562143159,
              -32.54339366875341
            ],
            [
              -62.29669728712954,
              -32.54366197302045
            ],
            [
              -62.29711895282748,
              -32.54545066813405
            ],
            [
              -62.29785686779889,
              -32.54670275471358
            ],
            [
              -62.29838394992133,
              -32.5466133199579
            ],
            [
              -62.2985947827703,
              -32.54643445044653
            ],
            [
              -62.29848936634582,
              -32.546166146179495
            ],
            [
              -62.30017602913761,
              -32.54580840715678
            ],
            [
              -62.30228435762735,
              -32.545897841912456
            ],
            [
              -62.30249519047633,
              -32.5457189724011
            ],
            [
              -62.3027060233253,
              -32.54196271266253
            ],
            [
              -62.30217894120286,
              -32.54160497363981
            ],
            [
              -62.30165185908043,
              -32.541694408395486
            ],
            [
              -62.30144102623145,
              -32.54151553888413
            ],
            [
              -62.30154644265594,
              -32.54106836510573
            ],
            [
              -62.30112477695799,
              -32.540710626083005
            ],
            [
              -62.30144102623145,
              -32.540442321815966
            ],
            [
              -62.30038686198658,
              -32.53990571328188
            ],
            [
              -62.30049227841107,
              -32.539726843770524
            ],
            [
              -62.30007061271312,
              -32.539279669992126
            ]
          ]
        ]
      }
    },
    {
      "type": "Feature",
      "properties": {
        "id": "TAYPE",
        "localidad": "ORDO\u00d1EZ",
        "cultivo": "Soja 2da",
        "area_ha": 27.54,
        "error_pct": 54.1,
        "sam_score": 0.873
      },
      "geometry": {
        "type": "Polygon",
        "coordinates": [
          [
            [
              -62.91308217503084,
              -32.76730035538231
            ],
            [
              -62.912869107692124,
              -32.76748029811066
            ],
            [
              -62.91276257402277,
              -32.76811009765989
            ],
            [
              -62.912869107692124,
              -32.7733284367821
            ],
            [
              -62.913508309708256,
              -32.773868264967156
            ],
            [
              -62.91563898309534,
              -32.77395823633133
            ],
            [
              -62.91627818511147,
              -32.77341840814628
            ],
            [
              -62.917343521805016,
              -32.77350837951045
            ],
            [
              -62.917769656482434,
              -32.773058522689574
            ],
            [
              -62.91755658914373,
              -32.77287857996122
            ],
            [
              -62.91755658914373,
              -32.77152900949858
            ],
            [
              -62.91723698813566,
              -32.77089920994935
            ],
            [
              -62.91745005547437,
              -32.770719267221
            ],
            [
              -62.91723698813566,
              -32.77017943903594
            ],
            [
              -62.91745005547437,
              -32.76981955357924
            ],
            [
              -62.91723698813566,
              -32.76963961085089
            ],
            [
              -62.91723698813566,
              -32.76918975403001
            ],
            [
              -62.91670431978889,
              -32.76873989720913
            ],
            [
              -62.916384718780826,
              -32.76873989720913
            ],
            [
              -62.91659778611953,
              -32.768469983116596
            ],
            [
              -62.91606511777276,
              -32.76811009765989
            ],
            [
              -62.91468018007115,
              -32.767840183567365
            ],
            [
              -62.913934444385674,
              -32.76739032674649
            ],
            [
              -62.91372137704696,
              -32.76748029811066
            ],
            [
              -62.91308217503084,
              -32.76730035538231
            ]
          ]
        ]
      }
    },
    {
      "type": "Feature",
      "properties": {
        "id": "TAYPE",
        "localidad": "ORDO\u00d1EZ",
        "cultivo": "Soja 1ra",
        "area_ha": 15.72,
        "error_pct": 55.1,
        "sam_score": 0.929
      },
      "geometry": {
        "type": "Polygon",
        "coordinates": [
          [
            [
              -62.9143713756309,
              -32.77412929585669
            ],
            [
              -62.91394607649711,
              -32.77403932449251
            ],
            [
              -62.91352077736333,
              -32.77412929585669
            ],
            [
              -62.91341445257988,
              -32.77403932449251
            ],
            [
              -62.911181632127516,
              -32.77403932449251
            ],
            [
              -62.91054368342684,
              -32.77448918131339
            ],
            [
              -62.91033103385995,
              -32.774849066770095
            ],
            [
              -62.910224709076495,
              -32.775748780411845
            ],
            [
              -62.91033103385995,
              -32.77583875177602
            ],
            [
              -62.91033103385995,
              -32.7762886085969
            ],
            [
              -62.91075633299373,
              -32.77673846541777
            ],
            [
              -62.91065000821028,
              -32.7770083795103
            ],
            [
              -62.91086265777717,
              -32.77718832223865
            ],
            [
              -62.911394281694406,
              -32.777278293602826
            ],
            [
              -62.91235120474542,
              -32.777278293602826
            ],
            [
              -62.912457529528865,
              -32.77745823633118
            ],
            [
              -62.91213855517853,
              -32.77781812178788
            ],
            [
              -62.912457529528865,
              -32.77808803588041
            ],
            [
              -62.913627102146776,
              -32.77808803588041
            ],
            [
              -62.91394607649711,
              -32.77781812178788
            ],
            [
              -62.91405240128056,
              -32.777368264967
            ],
            [
              -62.914690349981235,
              -32.77691840814612
            ],
            [
              -62.914902999548126,
              -32.77646855132525
            ],
            [
              -62.914902999548126,
              -32.77493903813427
            ],
            [
              -62.914690349981235,
              -32.774399209949216
            ],
            [
              -62.9143713756309,
              -32.77412929585669
            ]
          ]
        ]
      }
    },
    {
      "type": "Feature",
      "properties": {
        "id": "TAYPE",
        "localidad": "CA\u00d1ADA DE GOMEZ",
        "cultivo": "Soja",
        "area_ha": 31.54,
        "error_pct": 14.7,
        "sam_score": 0.91
      },
      "geometry": {
        "type": "Polygon",
        "coordinates": [
          [
            [
              -61.463397415943476,
              -32.79379879095581
            ],
            [
              -61.463187239482494,
              -32.79362133264383
            ],
            [
              -61.46276688656052,
              -32.79362133264383
            ],
            [
              -61.46203126894708,
              -32.79300022855192
            ],
            [
              -61.45835318087986,
              -32.7930889577079
            ],
            [
              -61.45740738680543,
              -32.79379879095581
            ],
            [
              -61.45751247503593,
              -32.79415370757976
            ],
            [
              -61.457092122113956,
              -32.794597353359705
            ],
            [
              -61.45751247503593,
              -32.79708176972737
            ],
            [
              -61.4578277397274,
              -32.797347957195335
            ],
            [
              -61.45845826911035,
              -32.79708176972737
            ],
            [
              -61.45961423964577,
              -32.797347957195335
            ],
            [
              -61.460770210181174,
              -32.797969061287255
            ],
            [
              -61.461295651333636,
              -32.798501436223184
            ],
            [
              -61.46297706302151,
              -32.7983239779112
            ],
            [
              -61.46423812178741,
              -32.797969061287255
            ],
            [
              -61.4644482982484,
              -32.79752541550731
            ],
            [
              -61.463397415943476,
              -32.79379879095581
            ]
          ]
        ]
      }
    },
    {
      "type": "Feature",
      "properties": {
        "id": "TAYPE",
        "localidad": "IDIAZABAL",
        "cultivo": "Trigo",
        "area_ha": 63.53,
        "error_pct": 5.9,
        "sam_score": 0.953
      },
      "geometry": {
        "type": "MultiPolygon",
        "coordinates": [
          [
            [
              [
                -63.1287168680992,
                -32.90812307615129
              ],
              [
                -63.12743910343941,
                -32.902645777535156
              ],
              [
                -63.11625866266625,
                -32.90471098848878
              ],
              [
                -63.115838345343946,
                -32.90499454148012
              ],
              [
                -63.1159392215013,
                -32.90524973917233
              ],
              [
                -63.11508737839477,
                -32.90569869807529
              ],
              [
                -63.11508737839477,
                -32.90668640766181
              ],
              [
                -63.11455497645319,
                -32.90686599122299
              ],
              [
                -63.115300339171405,
                -32.90704557478418
              ],
              [
                -63.11508737839477,
                -32.90740474190655
              ],
              [
                -63.11583274111298,
                -32.908033284370696
              ],
              [
                -63.12073083897551,
                -32.90785370080951
              ],
              [
                -63.120517878198875,
                -32.90848224327366
              ],
              [
                -63.12179564285867,
                -32.90893120217662
              ],
              [
                -63.12105028014046,
                -32.90902099395721
              ],
              [
                -63.12073083897551,
                -32.90938016107958
              ],
              [
                -63.12094379975214,
                -32.90955974464077
              ],
              [
                -63.1287168680992,
                -32.90812307615129
              ]
            ]
          ],
          [
            [
              [
                -63.1157074700679,
                -32.90505959187225
              ],
              [
                -63.115406819559716,
                -32.904890572049965
              ],
              [
                -63.115406819559716,
                -32.90524973917233
              ],
              [
                -63.1157074700679,
                -32.90505959187225
              ]
            ]
          ]
        ]
      }
    },
    {
      "type": "Feature",
      "properties": {
        "id": "TAYPE",
        "localidad": "LEONES",
        "cultivo": "Trigo",
        "area_ha": 24.38,
        "error_pct": 69.5,
        "sam_score": 0.92
      },
      "geometry": {
        "type": "Polygon",
        "coordinates": [
          [
            [
              -62.287464988776385,
              -32.83080362669239
            ],
            [
              -62.286723180522216,
              -32.83169797424871
            ],
            [
              -62.28735901616865,
              -32.832413452293764
            ],
            [
              -62.28757096138413,
              -32.833039495583186
            ],
            [
              -62.287888879207344,
              -32.833307799850076
            ],
            [
              -62.28841874224604,
              -32.833307799850076
            ],
            [
              -62.29000833136213,
              -32.83438101691765
            ],
            [
              -62.29085611222404,
              -32.83545423398523
            ],
            [
              -62.29117403004726,
              -32.83554366874087
            ],
            [
              -62.29350542741752,
              -32.835096494962706
            ],
            [
              -62.29392931784848,
              -32.834828190695816
            ],
            [
              -62.29286959177109,
              -32.83089306144802
            ],
            [
              -62.29255167394787,
              -32.830624757181134
            ],
            [
              -62.28841874224604,
              -32.830714191936764
            ],
            [
              -62.28810082442282,
              -32.83089306144802
            ],
            [
              -62.287464988776385,
              -32.83080362669239
            ]
          ]
        ]
      }
    },
    {
      "type": "Feature",
      "properties": {
        "id": "TAYPE",
        "localidad": "JUSTINIANO POSSE",
        "cultivo": "Soja 1ra",
        "area_ha": 32.09,
        "error_pct": 50.6,
        "sam_score": 0.969
      },
      "geometry": {
        "type": "Polygon",
        "coordinates": [
          [
            [
              -62.75999943948624,
              -32.834630566583776
            ],
            [
              -62.75808421766749,
              -32.83481015014498
            ],
            [
              -62.75563698978796,
              -32.835259109047996
            ],
            [
              -62.75542418736365,
              -32.8354386926092
            ],
            [
              -62.7569138043338,
              -32.84073640766481
            ],
            [
              -62.757020205545956,
              -32.841724117251445
            ],
            [
              -62.757339409182414,
              -32.84217307615446
            ],
            [
              -62.7603186431227,
              -32.841724117251445
            ],
            [
              -62.76085064918347,
              -32.841364950129034
            ],
            [
              -62.76053144554701,
              -32.83912015561395
            ],
            [
              -62.760957050395625,
              -32.83858140493032
            ],
            [
              -62.76085064918347,
              -32.83750390356308
            ],
            [
              -62.76063784675917,
              -32.837324320001876
            ],
            [
              -62.76074424797132,
              -32.83714473644067
            ],
            [
              -62.76042504433486,
              -32.83633661041524
            ],
            [
              -62.76042504433486,
              -32.835528484389805
            ],
            [
              -62.760105840698394,
              -32.835259109047996
            ],
            [
              -62.7603186431227,
              -32.834899941925585
            ],
            [
              -62.75999943948624,
              -32.834630566583776
            ]
          ]
        ]
      }
    },
    {
      "type": "Feature",
      "properties": {
        "id": "TAYPE",
        "localidad": "JUSTINIANO POSSE",
        "cultivo": "Ma\u00edz",
        "area_ha": 20.23,
        "error_pct": 71.1,
        "sam_score": 0.915
      },
      "geometry": {
        "type": "Polygon",
        "coordinates": [
          [
            [
              -62.560193513990484,
              -32.7266488371409
            ],
            [
              -62.55860263554589,
              -32.72700728879103
            ],
            [
              -62.557011757101286,
              -32.7269176758785
            ],
            [
              -62.55669358141237,
              -32.72718651461609
            ],
            [
              -62.556799639975345,
              -32.728530708304085
            ],
            [
              -62.55669358141237,
              -32.72879954704169
            ],
            [
              -62.55626934716047,
              -32.729068385779286
            ],
            [
              -62.5561632885975,
              -32.72951645034195
            ],
            [
              -62.55626934716047,
              -32.73023335364221
            ],
            [
              -62.55648146428642,
              -32.73041257946728
            ],
            [
              -62.55637540572345,
              -32.730860644029946
            ],
            [
              -62.55648146428642,
              -32.73095025694248
            ],
            [
              -62.55626934716047,
              -32.731219095680075
            ],
            [
              -62.55648146428642,
              -32.73139832150514
            ],
            [
              -62.55732993279021,
              -32.73139832150514
            ],
            [
              -62.56125409962022,
              -32.730681418204874
            ],
            [
              -62.56146621674617,
              -32.73050219237981
            ],
            [
              -62.56157227530914,
              -32.73023335364221
            ],
            [
              -62.56136015818319,
              -32.72978528907955
            ],
            [
              -62.56136015818319,
              -32.72933722451688
            ],
            [
              -62.5609359239313,
              -32.728530708304085
            ],
            [
              -62.560829865368326,
              -32.72754496626623
            ],
            [
              -62.56061774824238,
              -32.72700728879103
            ],
            [
              -62.560193513990484,
              -32.7266488371409
            ]
          ]
        ]
      }
    },
    {
      "type": "Feature",
      "properties": {
        "id": "TAYPE",
        "localidad": "IDIAZABAL",
        "cultivo": "Trigo",
        "area_ha": 89.87,
        "error_pct": 30.3,
        "sam_score": 0.9
      },
      "geometry": {
        "type": "Polygon",
        "coordinates": [
          [
            [
              -62.94231538851789,
              -32.87539682159443
            ],
            [
              -62.94188873792351,
              -32.876836363420956
            ],
            [
              -62.94338201500383,
              -32.88367418709696
            ],
            [
              -62.943915328246796,
              -32.88439395801022
            ],
            [
              -62.94466196678695,
              -32.88394410118943
            ],
            [
              -62.94583525592149,
              -32.88493378619517
            ],
            [
              -62.94850182213633,
              -32.88466387210269
            ],
            [
              -62.94892847273071,
              -32.885023757559324
            ],
            [
              -62.95063507510821,
              -32.88493378619517
            ],
            [
              -62.95127505099977,
              -32.88403407255359
            ],
            [
              -62.9524483401343,
              -32.884214015281906
            ],
            [
              -62.95287499072868,
              -32.88340427300449
            ],
            [
              -62.95319497867446,
              -32.88430398664606
            ],
            [
              -62.95362162926884,
              -32.88430398664606
            ],
            [
              -62.95138171364837,
              -32.87530685023027
            ],
            [
              -62.94764852094758,
              -32.87611659250769
            ],
            [
              -62.94892847273071,
              -32.879715447074005
            ],
            [
              -62.94786184624477,
              -32.87881573343243
            ],
            [
              -62.947008545056015,
              -32.87656644932848
            ],
            [
              -62.94583525592149,
              -32.87512690750195
            ],
            [
              -62.94231538851789,
              -32.87539682159443
            ]
          ]
        ]
      }
    },
    {
      "type": "Feature",
      "properties": {
        "id": "TAYPE",
        "localidad": "LEONES",
        "cultivo": "Avena",
        "area_ha": 26.88,
        "error_pct": 7.5,
        "sam_score": 0.907
      },
      "geometry": {
        "type": "Polygon",
        "coordinates": [
          [
            [
              -62.403461601968985,
              -32.57056955372583
            ],
            [
              -62.40293329201309,
              -32.570122379947456
            ],
            [
              -62.40145402413658,
              -32.57030124945881
            ],
            [
              -62.40103137617186,
              -32.57056955372583
            ],
            [
              -62.401242700154214,
              -32.570748423237184
            ],
            [
              -62.401242700154214,
              -32.57119559701556
            ],
            [
              -62.40103137617186,
              -32.571374466526905
            ],
            [
              -62.40060872820714,
              -32.57101672750421
            ],
            [
              -62.39986909426888,
              -32.57119559701556
            ],
            [
              -62.399552108295346,
              -32.570748423237184
            ],
            [
              -62.39891813634827,
              -32.570748423237184
            ],
            [
              -62.39712188249822,
              -32.57110616225988
            ],
            [
              -62.39659357254232,
              -32.571463901282584
            ],
            [
              -62.39627658656878,
              -32.57128503177123
            ],
            [
              -62.39585393860406,
              -32.57155333603826
            ],
            [
              -62.39553695263053,
              -32.571374466526905
            ],
            [
              -62.39521996665699,
              -32.571463901282584
            ],
            [
              -62.39500864267463,
              -32.57182164030528
            ],
            [
              -62.39553695263053,
              -32.57414694395283
            ],
            [
              -62.395748276612885,
              -32.574325813464185
            ],
            [
              -62.39638224855996,
              -32.574325813464185
            ],
            [
              -62.39659357254232,
              -32.57414694395283
            ],
            [
              -62.39712188249822,
              -32.57423637870851
            ],
            [
              -62.401242700154214,
              -32.57343146590743
            ],
            [
              -62.40166534811893,
              -32.57378920493014
            ],
            [
              -62.403461601968985,
              -32.57352090066311
            ],
            [
              -62.40398991192488,
              -32.57316316164041
            ],
            [
              -62.40398991192488,
              -32.57200050981663
            ],
            [
              -62.403461601968985,
              -32.57056955372583
            ]
          ]
        ]
      }
    },
    {
      "type": "Feature",
      "properties": {
        "id": "TAYPE",
        "localidad": "IDIAZABAL",
        "cultivo": "Ma\u00edz",
        "area_ha": 125.64,
        "error_pct": 47.6,
        "sam_score": 0.782
      },
      "geometry": {
        "type": "Polygon",
        "coordinates": [
          [
            [
              -63.11528478676528,
              -32.88055460505869
            ],
            [
              -63.11464474828458,
              -32.88262394643429
            ],
            [
              -63.11571147908574,
              -32.887122514642115
            ],
            [
              -63.11549813292551,
              -32.88820217101199
            ],
            [
              -63.1147514213647,
              -32.88874199919693
            ],
            [
              -63.11528478676528,
              -32.88928182738187
            ],
            [
              -63.11464474828458,
              -32.8896417128385
            ],
            [
              -63.11528478676528,
              -32.89243082512734
            ],
            [
              -63.116778209886895,
              -32.892790710583974
            ],
            [
              -63.11645819064655,
              -32.89342051013307
            ],
            [
              -63.116991556047125,
              -32.89387036695385
            ],
            [
              -63.11827163300852,
              -32.893780395589694
            ],
            [
              -63.11901834456933,
              -32.89432022377463
            ],
            [
              -63.11965838305002,
              -32.893960338318
            ],
            [
              -63.12317859469384,
              -32.89539988014451
            ],
            [
              -63.12392530625465,
              -32.89512996605204
            ],
            [
              -63.12552540245638,
              -32.896209622421914
            ],
            [
              -63.1256320755365,
              -32.89441019513879
            ],
            [
              -63.121791844652336,
              -32.88010474823791
            ],
            [
              -63.12147182541199,
              -32.87983483414544
            ],
            [
              -63.12008507537048,
              -32.88037466233038
            ],
            [
              -63.119551709969905,
              -32.88010474823791
            ],
            [
              -63.119231690729556,
              -32.88046463369454
            ],
            [
              -63.11528478676528,
              -32.88055460505869
            ]
          ]
        ]
      }
    },
    {
      "type": "Feature",
      "properties": {
        "id": "TAYPE",
        "localidad": "IDIAZABAL",
        "cultivo": "Trigo",
        "area_ha": 67.61,
        "error_pct": 32.4,
        "sam_score": 0.952
      },
      "geometry": {
        "type": "Polygon",
        "coordinates": [
          [
            [
              -63.11285222127019,
              -32.86315056840575
            ],
            [
              -63.112320052791745,
              -32.862252650599764
            ],
            [
              -63.10742410279011,
              -32.86297098484456
            ],
            [
              -63.09997374409197,
              -32.86440765333414
            ],
            [
              -63.09944157561353,
              -32.86476682045653
            ],
            [
              -63.09922870822216,
              -32.86458723689534
            ],
            [
              -63.09859010604803,
              -32.86512598757893
            ],
            [
              -63.09859010604803,
              -32.86575453004312
            ],
            [
              -63.09901584083078,
              -32.86692182319091
            ],
            [
              -63.09976087670059,
              -32.8676401574357
            ],
            [
              -63.10199598431004,
              -32.868897242364085
            ],
            [
              -63.10795627126855,
              -32.868089116338695
            ],
            [
              -63.11157501692193,
              -32.8673707820939
            ],
            [
              -63.112426486487436,
              -32.86692182319091
            ],
            [
              -63.112426486487436,
              -32.86494640401773
            ],
            [
              -63.11317152235725,
              -32.86458723689534
            ],
            [
              -63.112426486487436,
              -32.863689319089346
            ],
            [
              -63.11285222127019,
              -32.86315056840575
            ]
          ]
        ]
      }
    },
    {
      "type": "Feature",
      "properties": {
        "id": "TAYPE",
        "localidad": "Marcos Ju\u00e1rez",
        "cultivo": "Soja",
        "area_ha": 25.83,
        "error_pct": 60.3,
        "sam_score": 0.939
      },
      "geometry": {
        "type": "Polygon",
        "coordinates": [
          [
            [
              -62.146212236559876,
              -32.734410177096834
            ],
            [
              -62.14705740539007,
              -32.73843474110098
            ],
            [
              -62.147585635908946,
              -32.73941852341311
            ],
            [
              -62.15487521706936,
              -32.73816643683404
            ],
            [
              -62.15529780148445,
              -32.737898132567096
            ],
            [
              -62.15455827875803,
              -32.73762982830015
            ],
            [
              -62.151811480059905,
              -32.7354833941646
            ],
            [
              -62.14874774305046,
              -32.735572828920255
            ],
            [
              -62.14800822032404,
              -32.73503622038637
            ],
            [
              -62.147374343701394,
              -32.734857350875075
            ],
            [
              -62.14684611318253,
              -32.73423130758554
            ],
            [
              -62.14642352876743,
              -32.73423130758554
            ],
            [
              -62.146212236559876,
              -32.734410177096834
            ]
          ]
        ]
      }
    },
    {
      "type": "Feature",
      "properties": {
        "id": "TAYPE",
        "localidad": "SAN MARCOS",
        "cultivo": "Trigo",
        "area_ha": 87.42,
        "error_pct": 12.6,
        "sam_score": 0.98
      },
      "geometry": {
        "type": "Polygon",
        "coordinates": [
          [
            [
              -62.42638876335827,
              -32.52880481532387
            ],
            [
              -62.42765868117824,
              -32.5345286396875
            ],
            [
              -62.42808198711822,
              -32.534975813465906
            ],
            [
              -62.42797616063323,
              -32.53578072626704
            ],
            [
              -62.42850529305821,
              -32.53622790004545
            ],
            [
              -62.43009269033317,
              -32.536853943335224
            ],
            [
              -62.43728889131297,
              -32.53569129151136
            ],
            [
              -62.43855880913293,
              -32.53524411773295
            ],
            [
              -62.43728889131297,
              -32.52898368483524
            ],
            [
              -62.436971411857975,
              -32.528625945812514
            ],
            [
              -62.434431576218046,
              -32.528625945812514
            ],
            [
              -62.42924607845319,
              -32.52808933727842
            ],
            [
              -62.42723537523825,
              -32.52835764154547
            ],
            [
              -62.42638876335827,
              -32.52880481532387
            ]
          ]
        ]
      }
    },
    {
      "type": "Feature",
      "properties": {
        "id": "TAYPE",
        "localidad": "Marcos Ju\u00e1rez",
        "cultivo": "Soja",
        "area_ha": 47.18,
        "error_pct": 27.4,
        "sam_score": 0.959
      },
      "geometry": {
        "type": "Polygon",
        "coordinates": [
          [
            [
              -62.081658491968675,
              -32.73294355357416
            ],
            [
              -62.081235907553584,
              -32.73338984010284
            ],
            [
              -62.08292624521397,
              -32.73972710881008
            ],
            [
              -62.08356012183661,
              -32.741244483007584
            ],
            [
              -62.08429964456303,
              -32.74142299761906
            ],
            [
              -62.088314196506445,
              -32.740708939173174
            ],
            [
              -62.08873678092154,
              -32.74035190995023
            ],
            [
              -62.086835151053606,
              -32.733479097408576
            ],
            [
              -62.08620127443096,
              -32.7330328108799
            ],
            [
              -62.08472222897813,
              -32.73312206818563
            ],
            [
              -62.0844052906668,
              -32.73285429626842
            ],
            [
              -62.083454475732836,
              -32.73267578165695
            ],
            [
              -62.081658491968675,
              -32.73294355357416
            ]
          ]
        ]
      }
    },
    {
      "type": "Feature",
      "properties": {
        "id": "TAYPE",
        "localidad": "IDIAZABAL",
        "cultivo": "Trigo",
        "area_ha": 34.98,
        "error_pct": 30.0,
        "sam_score": 0.962
      },
      "geometry": {
        "type": "Polygon",
        "coordinates": [
          [
            [
              -63.0506374337435,
              -32.85110995447778
            ],
            [
              -63.04754508593891,
              -32.85119992584194
            ],
            [
              -63.04701192252432,
              -32.85182972539108
            ],
            [
              -63.046585391792654,
              -32.851469839934424
            ],
            [
              -63.04530579959765,
              -32.851469839934424
            ],
            [
              -63.0449859015489,
              -32.85173975402691
            ],
            [
              -63.04487926886598,
              -32.85668817905583
            ],
            [
              -63.04519916691473,
              -32.856958093148315
            ],
            [
              -63.0506374337435,
              -32.856958093148315
            ],
            [
              -63.050957331792254,
              -32.85668817905583
            ],
            [
              -63.05085069910934,
              -32.8512898972061
            ],
            [
              -63.0506374337435,
              -32.85110995447778
            ]
          ]
        ]
      }
    },
    {
      "type": "Feature",
      "properties": {
        "id": "TAYPE",
        "localidad": "IDIAZABAL",
        "cultivo": "Soja",
        "area_ha": 16.33,
        "error_pct": 31.9,
        "sam_score": 0.956
      },
      "geometry": {
        "type": "Polygon",
        "coordinates": [
          [
            [
              -63.118413976369176,
              -32.84365923858223
            ],
            [
              -63.118094113287114,
              -32.843389324489735
            ],
            [
              -63.11713452404093,
              -32.843389324489735
            ],
            [
              -63.11660141890416,
              -32.84356926721806
            ],
            [
              -63.115748450685324,
              -32.84356926721806
            ],
            [
              -63.11532196657591,
              -32.84374920994639
            ],
            [
              -63.11297630397412,
              -32.8441990667672
            ],
            [
              -63.11265644089206,
              -32.84455895222386
            ],
            [
              -63.11297630397412,
              -32.845908522686315
            ],
            [
              -63.113296167056184,
              -32.84662829359963
            ],
            [
              -63.113616030138246,
              -32.84689820769212
            ],
            [
              -63.11692128198622,
              -32.84680823632795
            ],
            [
              -63.11777425020505,
              -32.84689820769212
            ],
            [
              -63.11798749225976,
              -32.84671826496379
            ],
            [
              -63.11798749225976,
              -32.84626840814297
            ],
            [
              -63.117561008150346,
              -32.844648923588025
            ],
            [
              -63.11777425020505,
              -32.844468980859695
            ],
            [
              -63.118094113287114,
              -32.844468980859695
            ],
            [
              -63.118413976369176,
              -32.8441990667672
            ],
            [
              -63.118413976369176,
              -32.84365923858223
            ]
          ]
        ]
      }
    },
    {
      "type": "Feature",
      "properties": {
        "id": "TAYPE",
        "localidad": "IDIAZABAL",
        "cultivo": "Soja",
        "area_ha": 40.01,
        "error_pct": 14.9,
        "sam_score": 0.964
      },
      "geometry": {
        "type": "MultiPolygon",
        "coordinates": [
          [
            [
              [
                -63.13490192831763,
                -32.87979314463087
              ],
              [
                -63.13490192831763,
                -32.88258225691975
              ],
              [
                -63.134688595037375,
                -32.88303211374053
              ],
              [
                -63.13522192823802,
                -32.883841856017945
              ],
              [
                -63.13618192799917,
                -32.883931827382106
              ],
              [
                -63.13735526104057,
                -32.88447165556705
              ],
              [
                -63.13874192736223,
                -32.884741569659525
              ],
              [
                -63.14226192648645,
                -32.88465159829536
              ],
              [
                -63.14268859304696,
                -32.88438168420289
              ],
              [
                -63.14194192656606,
                -32.88105274372907
              ],
              [
                -63.141408593365426,
                -32.88006305872334
              ],
              [
                -63.1413019267253,
                -32.87934328781008
              ],
              [
                -63.14087526016479,
                -32.87898340235345
              ],
              [
                -63.140555260244405,
                -32.879163345081764
              ],
              [
                -63.14012859368389,
                -32.878893430989294
              ],
              [
                -63.139595260483254,
                -32.87907337371761
              ],
              [
                -63.137675260960954,
                -32.87880345962514
              ],
              [
                -63.1374619276807,
                -32.87898340235345
              ],
              [
                -63.136288594639296,
                -32.87907337371761
              ],
              [
                -63.13490192831763,
                -32.87979314463087
              ]
            ]
          ],
          [
            [
              [
                -63.134688595037375,
                -32.88303211374053
              ],
              [
                -63.134368595116996,
                -32.882492285555585
              ],
              [
                -63.13415526183674,
                -32.88303211374053
              ],
              [
                -63.134368595116996,
                -32.88321205646885
              ],
              [
                -63.134688595037375,
                -32.88303211374053
              ]
            ]
          ]
        ]
      }
    },
    {
      "type": "Feature",
      "properties": {
        "id": "TAYPE",
        "localidad": "Marcos Ju\u00e1rez",
        "cultivo": "Trigo",
        "area_ha": 30.37,
        "error_pct": 13.2,
        "sam_score": 0.94
      },
      "geometry": {
        "type": "Polygon",
        "coordinates": [
          [
            [
              -62.082209002346026,
              -32.73549426110497
            ],
            [
              -62.08199770768846,
              -32.73567277571644
            ],
            [
              -62.082420297003594,
              -32.73817198027704
            ],
            [
              -62.08326547563387,
              -32.7408496994491
            ],
            [
              -62.083793712277796,
              -32.741474500589256
            ],
            [
              -62.08812525275797,
              -32.74076044214337
            ],
            [
              -62.08844219474432,
              -32.74049267022616
            ],
            [
              -62.08844219474432,
              -32.73968935447454
            ],
            [
              -62.087702663442826,
              -32.73701163530247
            ],
            [
              -62.08706877947012,
              -32.735940547633646
            ],
            [
              -62.08675183748377,
              -32.735940547633646
            ],
            [
              -62.086329248168624,
              -32.73567277571644
            ],
            [
              -62.08548406953835,
              -32.73602980493938
            ],
            [
              -62.08495583289443,
              -32.73602980493938
            ],
            [
              -62.08411065426415,
              -32.73540500379923
            ],
            [
              -62.08315982830509,
              -32.7355835184107
            ],
            [
              -62.082209002346026,
              -32.73549426110497
            ]
          ]
        ]
      }
    },
    {
      "type": "Feature",
      "properties": {
        "id": "TAYPE",
        "localidad": "SAIRA",
        "cultivo": "Trigo",
        "area_ha": 159.67,
        "error_pct": 51.5,
        "sam_score": 0.958
      },
      "geometry": {
        "type": "Polygon",
        "coordinates": [
          [
            [
              -61.9556406763993,
              -32.44864078573252
            ],
            [
              -61.96362849228388,
              -32.463071836232636
            ],
            [
              -61.96793770874793,
              -32.462002869528924
            ],
            [
              -61.96783260590735,
              -32.458350566624574
            ],
            [
              -61.96898873715379,
              -32.46209195008756
            ],
            [
              -61.9744540848643,
              -32.461022983383856
            ],
            [
              -61.97529490758899,
              -32.457637922155435
            ],
            [
              -61.97466429054547,
              -32.455143666513436
            ],
            [
              -61.967412194545,
              -32.456123552658504
            ],
            [
              -61.967096886023235,
              -32.461290225059784
            ],
            [
              -61.96657137182031,
              -32.45567814986529
            ],
            [
              -61.96362849228388,
              -32.45532182763072
            ],
            [
              -61.973928570661364,
              -32.45345113589923
            ],
            [
              -61.97340305645843,
              -32.45024423578809
            ],
            [
              -61.96657137182031,
              -32.452649410871445
            ],
            [
              -61.96100092126922,
              -32.448818946849805
            ],
            [
              -61.95753252752986,
              -32.44819538293931
            ],
            [
              -61.9556406763993,
              -32.44864078573252
            ]
          ]
        ]
      }
    },
    {
      "type": "Feature",
      "properties": {
        "id": "TAYPE",
        "localidad": "BOUQUET",
        "cultivo": "Trigo",
        "area_ha": 94.47,
        "error_pct": 71.9,
        "sam_score": 0.98
      },
      "geometry": {
        "type": "Polygon",
        "coordinates": [
          [
            [
              -61.86004722769676,
              -32.43905113016489
            ],
            [
              -61.85847084661914,
              -32.44314883586252
            ],
            [
              -61.864776370929626,
              -32.44475228591812
            ],
            [
              -61.863199989852006,
              -32.44947355552626
            ],
            [
              -61.86929533001881,
              -32.45098792502321
            ],
            [
              -61.871502263527475,
              -32.44493044703541
            ],
            [
              -61.87223790803037,
              -32.444663205359475
            ],
            [
              -61.871817539743006,
              -32.44439596368354
            ],
            [
              -61.87192263181485,
              -32.44368331921439
            ],
            [
              -61.872658276317736,
              -32.4435051580971
            ],
            [
              -61.87286846046142,
              -32.442525271952015
            ],
            [
              -61.871817539743006,
              -32.441901708041506
            ],
            [
              -61.868349501372236,
              -32.44109998301371
            ],
            [
              -61.868244409300395,
              -32.44012009686862
            ],
            [
              -61.86771894894119,
              -32.439763774634045
            ],
            [
              -61.86645784407909,
              -32.44065458022049
            ],
            [
              -61.86004722769676,
              -32.43905113016489
            ]
          ]
        ]
      }
    },
    {
      "type": "Feature",
      "properties": {
        "id": "TAYPE",
        "localidad": "BOUQUET",
        "cultivo": "Trigo",
        "area_ha": 11.66,
        "error_pct": 85.1,
        "sam_score": 0.981
      },
      "geometry": {
        "type": "Polygon",
        "coordinates": [
          [
            [
              -61.898248134833985,
              -32.44080400521121
            ],
            [
              -61.89793285716092,
              -32.44107124688715
            ],
            [
              -61.89772267204554,
              -32.441516649680366
            ],
            [
              -61.89772267204554,
              -32.442140213590875
            ],
            [
              -61.896881931584026,
              -32.444278146998336
            ],
            [
              -61.89677683902634,
              -32.44499079146749
            ],
            [
              -61.896987024141715,
              -32.44516895258478
            ],
            [
              -61.89887869018012,
              -32.445614355378
            ],
            [
              -61.899088875295504,
              -32.44543619426071
            ],
            [
              -61.89992961575702,
              -32.44276377750138
            ],
            [
              -61.90034998598777,
              -32.4417838913563
            ],
            [
              -61.90034998598777,
              -32.44133848856308
            ],
            [
              -61.89992961575702,
              -32.4409821663285
            ],
            [
              -61.89961433808395,
              -32.4409821663285
            ],
            [
              -61.89919396785319,
              -32.44080400521121
            ],
            [
              -61.898248134833985,
              -32.44080400521121
            ]
          ]
        ]
      }
    },
    {
      "type": "Feature",
      "properties": {
        "id": "TAYPE",
        "localidad": "IDIAZABAL",
        "cultivo": "Trigo",
        "area_ha": 21.89,
        "error_pct": 66.3,
        "sam_score": 0.954
      },
      "geometry": {
        "type": "Polygon",
        "coordinates": [
          [
            [
              -63.03325593440872,
              -32.85179018356443
            ],
            [
              -63.03293603131184,
              -32.85206009765692
            ],
            [
              -63.0331493000431,
              -32.85358961084767
            ],
            [
              -63.034002374968104,
              -32.854939181310094
            ],
            [
              -63.03410900933373,
              -32.8553890381309
            ],
            [
              -63.035388621721246,
              -32.85655866586501
            ],
            [
              -63.035708524818126,
              -32.85655866586501
            ],
            [
              -63.03602842791501,
              -32.856828579957494
            ],
            [
              -63.03784121213065,
              -32.856918551321655
            ],
            [
              -63.03816111522753,
              -32.856378723136686
            ],
            [
              -63.03816111522753,
              -32.85475923858177
            ],
            [
              -63.03773457776502,
              -32.85403946766848
            ],
            [
              -63.0376279433994,
              -32.8523300117494
            ],
            [
              -63.03773457776502,
              -32.85215006902108
            ],
            [
              -63.03741467466815,
              -32.851880154928594
            ],
            [
              -63.03656159974314,
              -32.85179018356443
            ],
            [
              -63.03634833101189,
              -32.851880154928594
            ],
            [
              -63.035815159183755,
              -32.85179018356443
            ],
            [
              -63.0356018904525,
              -32.85161024083611
            ],
            [
              -63.035388621721246,
              -32.85170021220027
            ],
            [
              -63.034962084258744,
              -32.85134032674362
            ],
            [
              -63.03474881552749,
              -32.85134032674362
            ],
            [
              -63.03442891243061,
              -32.85161024083611
            ],
            [
              -63.03389574060248,
              -32.85152026947194
            ],
            [
              -63.0335758375056,
              -32.85179018356443
            ],
            [
              -63.03325593440872,
              -32.85179018356443
            ]
          ]
        ]
      }
    },
    {
      "type": "Feature",
      "properties": {
        "id": "TAYPE",
        "localidad": "ETRURIA",
        "cultivo": "Trigo",
        "area_ha": 18.04,
        "error_pct": 72.7,
        "sam_score": 0.948
      },
      "geometry": {
        "type": "Polygon",
        "coordinates": [
          [
            [
              -63.12507857753301,
              -32.87937265242209
            ],
            [
              -63.12443858238611,
              -32.87937265242209
            ],
            [
              -63.122305265229805,
              -32.87982161132507
            ],
            [
              -63.121985267656356,
              -32.88009098666686
            ],
            [
              -63.12273192866107,
              -32.88323369898773
            ],
            [
              -63.12315859209233,
              -32.884580575696674
            ],
            [
              -63.12347858966577,
              -32.88493974281906
            ],
            [
              -63.12443858238611,
              -32.884760159257866
            ],
            [
              -63.12507857753301,
              -32.88440099213548
            ],
            [
              -63.125931904395536,
              -32.88431120035489
            ],
            [
              -63.12646523368461,
              -32.8839520332325
            ],
            [
              -63.12539857510646,
              -32.87982161132507
            ],
            [
              -63.12507857753301,
              -32.87937265242209
            ]
          ]
        ]
      }
    },
    {
      "type": "Feature",
      "properties": {
        "id": "TAYPE",
        "localidad": "JUSTINIANO POSSE",
        "cultivo": "Trigo",
        "area_ha": 9.92,
        "error_pct": 83.5,
        "sam_score": 0.931
      },
      "geometry": {
        "type": "Polygon",
        "coordinates": [
          [
            [
              -62.66068553834197,
              -32.85513528907426
            ],
            [
              -62.66026070569892,
              -32.85441838577417
            ],
            [
              -62.655481338464526,
              -32.855314514899284
            ],
            [
              -62.65303855076695,
              -32.855583353636824
            ],
            [
              -62.652401301802364,
              -32.85585219237436
            ],
            [
              -62.652401301802364,
              -32.85647948276194
            ],
            [
              -62.65271992628466,
              -32.85683793441199
            ],
            [
              -62.653144758927716,
              -32.85683793441199
            ],
            [
              -62.65420684053536,
              -32.85656909567445
            ],
            [
              -62.656649628232934,
              -32.85630025693692
            ],
            [
              -62.65994208121662,
              -32.855672966549335
            ],
            [
              -62.66047312202044,
              -32.855672966549335
            ],
            [
              -62.66068553834197,
              -32.85549374072431
            ],
            [
              -62.66068553834197,
              -32.85513528907426
            ]
          ]
        ]
      }
    },
    {
      "type": "Feature",
      "properties": {
        "id": "TAYPE",
        "localidad": "MORRISON",
        "cultivo": "Trigo",
        "area_ha": 103.52,
        "error_pct": 65.6,
        "sam_score": 0.971
      },
      "geometry": {
        "type": "Polygon",
        "coordinates": [
          [
            [
              -62.91748303903265,
              -32.60537662115338
            ],
            [
              -62.90918858692054,
              -32.607985790715276
            ],
            [
              -62.91312313471731,
              -32.61527347121574
            ],
            [
              -62.91227242168017,
              -32.61518349985154
            ],
            [
              -62.9118470651616,
              -32.61446372893791
            ],
            [
              -62.91152804777268,
              -32.61473364303052
            ],
            [
              -62.912804117328385,
              -32.617072898499806
            ],
            [
              -62.91312313471731,
              -32.616443098950384
            ],
            [
              -62.914399204273025,
              -32.61653307031459
            ],
            [
              -62.91471822166195,
              -32.6168929557714
            ],
            [
              -62.91695134338445,
              -32.61653307031459
            ],
            [
              -62.91801473468087,
              -32.61734281259241
            ],
            [
              -62.917802056421586,
              -32.61824252623445
            ],
            [
              -62.91844009119944,
              -32.61869238305547
            ],
            [
              -62.92269365638514,
              -32.617432783956616
            ],
            [
              -62.91748303903265,
              -32.60537662115338
            ]
          ]
        ]
      }
    },
    {
      "type": "Feature",
      "properties": {
        "id": "TAYPE",
        "localidad": "Marcos Ju\u00e1rez",
        "cultivo": "Trigo",
        "area_ha": 237.73,
        "error_pct": 18.3,
        "sam_score": 0.94
      },
      "geometry": {
        "type": "MultiPolygon",
        "coordinates": [
          [
            [
              [
                -61.96684569624426,
                -32.75126282846099
              ],
              [
                -61.96621168417776,
                -32.754119062244435
              ],
              [
                -61.96684569624426,
                -32.756975296027875
              ],
              [
                -61.96684569624426,
                -32.75126282846099
              ]
            ]
          ],
          [
            [
              [
                -61.96621168417776,
                -32.754119062244435
              ],
              [
                -61.966000346822256,
                -32.75126282846099
              ],
              [
                -61.96536633475576,
                -32.75340500379857
              ],
              [
                -61.965260666078,
                -32.75135208576672
              ],
              [
                -61.963781304589496,
                -32.75126282846099
              ],
              [
                -61.96251328045649,
                -32.7501917407922
              ],
              [
                -61.94782533424916,
                -32.7504595127094
              ],
              [
                -61.9466629787939,
                -32.75554717913616
              ],
              [
                -61.94856501499341,
                -32.76295553551196
              ],
              [
                -61.96071691293473,
                -32.76322330742916
              ],
              [
                -61.9642039793005,
                -32.76241999167757
              ],
              [
                -61.96346429855625,
                -32.761973705148904
              ],
              [
                -61.965154997400255,
                -32.76161667592597
              ],
              [
                -61.96536633475576,
                -32.75626123758202
              ],
              [
                -61.966000346822256,
                -32.75742158255654
              ],
              [
                -61.96621168417776,
                -32.754119062244435
              ]
            ]
          ]
        ]
      }
    }
  ]
}