{"type": "FeatureCollection", "features": [{"type": "Feature", "properties": {"id": "0", "area_ha": 36.08929103057517}, "geometry": {"type": "Polygon", "coordinates": [[[-58.289946531272385, -38.03704722852947], [-58.28972220033142, -38.03740214514972], [-58.28949786939045, -38.03731341599465], [-58.28736672545129, -38.03891054078579], [-58.28703022903985, -38.03944291571617], [-58.28826404921515, -38.039797832336426], [-58.28916137297901, -38.04139495712756], [-58.29073168956576, -38.043258269383884], [-58.29140468238865, -38.0444117483997], [-58.29218984068203, -38.04476666501996], [-58.293087164445886, -38.0444117483997], [-58.29465748103264, -38.043169540228824], [-58.29499397744408, -38.042637165298444], [-58.29533047385553, -38.041572415437685], [-58.29510614291456, -38.039886561491485], [-58.294545315562154, -38.03899926994085], [-58.29342366085733, -38.03811197839022], [-58.29230200615251, -38.037668332614906], [-58.29017086221335, -38.03757960345985], [-58.289946531272385, -38.03704722852947]]]}}, {"type": "Feature", "properties": {"id": "1", "area_ha": 32.15115649099721}, "geometry": {"type": "Polygon", "coordinates": [[[-57.9574265136633, -37.81850634968361], [-57.956866254858554, -37.819128681247776], [-57.95641804781475, -37.8201066308486], [-57.95641804781475, -37.82161800750442], [-57.956866254858554, -37.82259595710525], [-57.9574265136633, -37.82321828866941], [-57.96112422177463, -37.82624104198105], [-57.96134832529653, -37.82624104198105], [-57.96179653234033, -37.82570761492606], [-57.96157242881843, -37.825351996889395], [-57.96168448057938, -37.825085283361894], [-57.96370141227647, -37.82472966532523], [-57.963925515798365, -37.825085283361894], [-57.963925515798365, -37.82472966532523], [-57.96448577460311, -37.82384062023357], [-57.964933981646915, -37.82348500219691], [-57.959555497121336, -37.81966210830277], [-57.9574265136633, -37.81850634968361]]]}}, {"type": "Feature", "properties": {"id": "2", "area_ha": 47.64857765597155}, "geometry": {"type": "MultiPolygon", "coordinates": [[[[-57.96490166966122, -37.814545653667274], [-57.96503715576197, -37.814462951798276], [-57.96582141184518, -37.81437404728911], [-57.966717704511694, -37.8135739067066], [-57.96761399717822, -37.81144019848657], [-57.967389924011584, -37.81019553535822], [-57.96626955817844, -37.80868415870237], [-57.96492511917865, -37.80779511361069], [-57.96369271676219, -37.807439495574016], [-57.96111587534594, -37.807439495574016], [-57.95909921684626, -37.80815073164736], [-57.95730663151322, -37.810017726339886], [-57.957530704679854, -37.81250705259659], [-57.95809088759643, -37.81304047965159], [-57.96044365584605, -37.812062530050746], [-57.96223624117909, -37.811706912014074], [-57.96246031434572, -37.811884721032406], [-57.96201216801246, -37.81232924357825], [-57.9623482777624, -37.81241814808742], [-57.9623482777624, -37.81295157514242], [-57.963356607012244, -37.81321828866993], [-57.96391678992882, -37.81304047965159], [-57.96425289967876, -37.81339609768826], [-57.964140863095444, -37.81375171572493], [-57.96458900942871, -37.814018429252435], [-57.96425289967876, -37.81437404728911], [-57.96490166966122, -37.814545653667274]]], [[[-57.96401368643331, -37.81508768618702], [-57.96290846067898, -37.81526309238079], [-57.96358068017887, -37.81535199688996], [-57.96401368643331, -37.81508768618702]]]]}}, {"type": "Feature", "properties": {"id": "3", "area_ha": 69.6900938114958}, "geometry": {"type": "Polygon", "coordinates": [[[-57.95534001083152, -37.798039073826736], [-57.95444380312394, -37.79990606851929], [-57.951867205964646, -37.80141744517517], [-57.95108302422051, -37.80221758575769], [-57.95052289440327, -37.804618007505255], [-57.95085897229362, -37.80568486161528], [-57.952427335781884, -37.8073740472895], [-57.954219751197044, -37.80817418787202], [-57.95657229642944, -37.80826309238119], [-57.95937294551563, -37.8073740472895], [-57.960829283040454, -37.805507052596944], [-57.961053334967346, -37.803640057904396], [-57.960605231113554, -37.80230649026686], [-57.95534001083152, -37.798039073826736]]]}}, {"type": "Feature", "properties": {"id": "4", "area_ha": 38.353644304785256}, "geometry": {"type": "Polygon", "coordinates": [[[-57.95129287433851, -37.79465515502748], [-57.9493848093101, -37.794833316142885], [-57.94826241811691, -37.7952787189314], [-57.94714002692372, -37.79643676618154], [-57.94669107044645, -37.79768389398939], [-57.946803309565766, -37.79902010235494], [-57.9470277878044, -37.79937642458575], [-57.94736450516236, -37.79946550514346], [-57.947588983401, -37.799999988489674], [-57.94826241811691, -37.800534471835896], [-57.949833765787375, -37.80097987462441], [-57.951517352577156, -37.80097987462441], [-57.95252750465102, -37.800623552393596], [-57.95398661320217, -37.79955458570116], [-57.95443556967944, -37.79875286068183], [-57.95432333056012, -37.79821837733561], [-57.95454780879876, -37.7979511356625], [-57.95454780879876, -37.797060330085465], [-57.95398661320217, -37.79599136339303], [-57.95275198288966, -37.79510055781599], [-57.95129287433851, -37.79465515502748]]]}}, {"type": "Feature", "properties": {"id": "5", "area_ha": 1459.1134816580436}, "geometry": {"type": "Polygon", "coordinates": [[[-58.024164661348294, -37.77150283512127], [-57.99100946496266, -37.77150283512127], [-57.990897454164056, -37.810620819156526], [-57.99224158374726, -37.816399612252646], [-58.0242766721469, -37.816399612252646], [-58.024164661348294, -37.77150283512127]]]}}, {"type": "Feature", "properties": {"id": "6", "area_ha": 14.109307038181282}, "geometry": {"type": "Polygon", "coordinates": [[[-58.02943468576546, -37.776328540667045], [-58.02864921391772, -37.775795113612], [-58.02730269075016, -37.77535059106613], [-58.02528290599882, -37.77535059106613], [-58.02449743415108, -37.775528400084475], [-58.024385223887116, -37.77570620910283], [-58.024385223887116, -37.77961800750648], [-58.02449743415108, -37.77997362554317], [-58.02651721890242, -37.77872896241474], [-58.02842479338979, -37.777306490267954], [-58.02864921391772, -37.777306490267954], [-58.02943468576546, -37.77659525419457], [-58.02943468576546, -37.776328540667045]]]}}, {"type": "Feature", "properties": {"id": "7", "area_ha": 683.1998802400021}, "geometry": {"type": "Polygon", "coordinates": [[[-58.08114718839611, -37.74870410036457], [-58.07901984676246, -37.75057109505728], [-58.082378807236644, -37.751371235639866], [-58.083274530029755, -37.754927416006936], [-58.07633267838312, -37.756083174626234], [-58.06692758905541, -37.767196238273314], [-58.06871903464164, -37.78044301014064], [-58.07577285163742, -37.77946506053969], [-58.077116435827094, -37.782132195814995], [-58.07398140605119, -37.78639961225547], [-58.09671037192648, -37.78639961225547], [-58.09861378286185, -37.78479933109029], [-58.09346337680144, -37.77875382446628], [-58.08730528259878, -37.779109442502985], [-58.08316256468062, -37.77617559370016], [-58.083274530029755, -37.771374750204615], [-58.087641178646194, -37.770574609622024], [-58.083946322124596, -37.771908177259675], [-58.087193317249636, -37.77341955391568], [-58.09357534215058, -37.77093022765873], [-58.09480696099111, -37.77742025682863], [-58.09872574821099, -37.77484202606251], [-58.104883842413656, -37.78062081915899], [-58.10577956520677, -37.775731071154276], [-58.10253257008173, -37.77315284038815], [-58.10589153055591, -37.77510873959004], [-58.10600349590505, -37.76950775551191], [-58.09995736705152, -37.77395298097074], [-58.084282218172014, -37.75928373695659], [-58.092455688659186, -37.75323823033258], [-58.08114718839611, -37.74870410036457]]]}}, {"type": "Feature", "properties": {"id": "8", "area_ha": 90.93957035882323}, "geometry": {"type": "Polygon", "coordinates": [[[-58.226738384461854, -37.75933739529941], [-58.224503502986934, -37.75942612445453], [-58.22204513336453, -37.76049087431591], [-58.22070420447958, -37.76164435333241], [-58.21992199596336, -37.76350766558983], [-58.2202572281846, -37.765548436157474], [-58.22115118077456, -37.76705683179443], [-58.22327431817573, -37.768387769121155], [-58.225620943724394, -37.769008873206964], [-58.227967569273055, -37.76883141489673], [-58.229308498158005, -37.768387769121155], [-58.231543379632924, -37.76670191517397], [-58.232325588149145, -37.76501606122678], [-58.232213844075396, -37.76288656150402], [-58.231431635559176, -37.76164435333241], [-58.229867218526735, -37.760402145160796], [-58.22785582519931, -37.759514853609645], [-58.226738384461854, -37.75933739529941]]]}}, {"type": "Feature", "properties": {"id": "9", "area_ha": 91.11964862369622}, "geometry": {"type": "Polygon", "coordinates": [[[-58.23679584050117, -37.752426124454786], [-58.234332835913456, -37.752426124454786], [-58.232205695587695, -37.7530472285406], [-58.2304144195239, -37.75437816586735], [-58.229518781492004, -37.75579783234922], [-58.229406826738014, -37.75819351953736], [-58.230526374277886, -37.76023429010504], [-58.23242960509567, -37.76147649827667], [-58.23410892640548, -37.76200887320737], [-58.23623606673124, -37.76209760236249], [-58.23836320705699, -37.76156522743179], [-58.24026643787478, -37.760323019260156], [-58.241497940168635, -37.758548436157824], [-58.241497940168635, -37.75588656150433], [-58.24116207590668, -37.755087999108284], [-58.238922980826935, -37.753224686850835], [-58.23679584050117, -37.752426124454786]]]}}, {"type": "Feature", "properties": {"id": "10", "area_ha": 87.39907099969493}, "geometry": {"type": "Polygon", "coordinates": [[[-58.20558687156455, -37.74901772634265], [-58.20334798831433, -37.74919553536101], [-58.201221049226625, -37.74999567594362], [-58.199429942626445, -37.75168486161803], [-58.19875827765138, -37.753285142783255], [-58.19887022181389, -37.75488542394849], [-58.19965383095147, -37.75657460962289], [-58.20144493755164, -37.75799708176976], [-58.20390770912689, -37.75879722235237], [-58.20558687156455, -37.75879722235237], [-58.207601866489746, -37.75666351413207], [-58.20872130811485, -37.75648570511371], [-58.20950491725243, -37.755952278058636], [-58.21028852639001, -37.756130087077], [-58.21084824720256, -37.75550775551274], [-58.21118407969009, -37.75444090140259], [-58.210960191365075, -37.75248500220064], [-58.20961686141494, -37.750618007507875], [-58.20804964313979, -37.74964005790691], [-58.20558687156455, -37.74901772634265]]]}}, {"type": "Feature", "properties": {"id": "11", "area_ha": 89.65657529667136}, "geometry": {"type": "Polygon", "coordinates": [[[-58.21522878552726, -37.72166140539369], [-58.21399778226136, -37.722283736957976], [-58.21086431940269, -37.724684158705934], [-58.21019286307583, -37.72655115339879], [-58.210304772463644, -37.72832924358246], [-58.211200047566116, -37.72984062023858], [-58.21265486960764, -37.73108528336715], [-58.21478114797602, -37.73179651944062], [-58.21746697328345, -37.73179651944062], [-58.220264707978686, -37.7308185698396], [-58.2216076206324, -37.72948500220185], [-58.222390986347065, -37.72779581652736], [-58.22227907695925, -37.7259288218345], [-58.221495711244586, -37.724506349687566], [-58.219705161039634, -37.723172782049815], [-58.218586067161546, -37.72361730459573], [-58.21769079205907, -37.72290606852226], [-58.217578882671255, -37.722461545976344], [-58.21657169818097, -37.72219483244879], [-58.21612406062974, -37.72175030990287], [-58.2156764230785, -37.722017023430425], [-58.21522878552726, -37.72166140539369]]]}}, {"type": "Feature", "properties": {"id": "12", "area_ha": 76.02013834443758}, "geometry": {"type": "Polygon", "coordinates": [[[-58.20245522560507, -37.74357241545223], [-58.2027903626914, -37.74366114460735], [-58.203125499777734, -37.743217498831754], [-58.20334892450196, -37.74374987376247], [-58.204354335760954, -37.74357241545223], [-58.20558317174417, -37.744992081934136], [-58.20826426843483, -37.746855394191634], [-58.21072194040127, -37.74694412334676], [-58.21262105055715, -37.74738776912235], [-58.21608413378259, -37.74747649827747], [-58.21686612031736, -37.74729903996723], [-58.218430093386914, -37.74570191517509], [-58.21061022803916, -37.7387810410758], [-58.20524803465784, -37.74073308248842], [-58.20323721213985, -37.74312876967664], [-58.2026786503293, -37.743217498831754], [-58.20245522560507, -37.74357241545223]]]}}, {"type": "Feature", "properties": {"id": "13", "area_ha": 197.99329122017866}, "geometry": {"type": "Polygon", "coordinates": [[[-58.24040791492801, -37.70359397951181], [-58.239626224009285, -37.70377143782206], [-58.22622580825982, -37.71344291573061], [-58.22991092259092, -37.71610479038434], [-58.23381937718452, -37.72018633152006], [-58.23817451230309, -37.721339810536676], [-58.24063125519049, -37.72116235222643], [-58.24353467860288, -37.720008873209814], [-58.245879751359034, -37.71770191517658], [-58.246661442277755, -37.7152174988331], [-58.24610309162153, -37.71220070755887], [-58.24029624479676, -37.70732060402703], [-58.23984956427177, -37.70545729176942], [-58.24040791492801, -37.70359397951181]]]}}, {"type": "Feature", "properties": {"id": "14", "area_ha": 75.17023540706403}, "geometry": {"type": "Polygon", "coordinates": [[[-58.24550958852832, -37.70069231192213], [-58.24416972777242, -37.70086977023239], [-58.243611452457465, -37.701402145163144], [-58.24294152207952, -37.701402145163144], [-58.24171331638661, -37.702111978404155], [-58.24037345563072, -37.703797832351555], [-58.24015014550473, -37.706104790384835], [-58.24093173094567, -37.70761318602198], [-58.24271821195354, -37.70894412334887], [-58.244393037898405, -37.70956522743476], [-58.24629117396926, -37.70965395658988], [-58.24885924041807, -37.70894412334887], [-58.25019910117397, -37.70787937348736], [-58.25120399674089, -37.70592733207458], [-58.25120399674089, -37.70433020728231], [-58.25053406636294, -37.70291054080029], [-58.24941751573302, -37.701845790938776], [-58.24740772459918, -37.70095849938751], [-58.24550958852832, -37.70069231192213]]]}}, {"type": "Feature", "properties": {"id": "15", "area_ha": 39.0267942121371}, "geometry": {"type": "Polygon", "coordinates": [[[-58.25506785813968, -37.69330578735796], [-58.256519256472785, -37.69481716401417], [-58.253393167755334, -37.69446154597741], [-58.25283493762722, -37.69481716401417], [-58.2527232916016, -37.6953505910693], [-58.25350481378096, -37.696595254197945], [-58.254397981985946, -37.699529103001176], [-58.25495621211406, -37.70050705260225], [-58.25495621211406, -37.70201842925846], [-58.25584938031904, -37.70308528336873], [-58.256519256472785, -37.70308528336873], [-58.25797065480588, -37.70255185631359], [-58.25931040711336, -37.70121828867576], [-58.25975699121585, -37.699973625547116], [-58.25975699121585, -37.698017726344965], [-58.25797065480588, -37.695617304596865], [-58.25506785813968, -37.69330578735796]]]}}, {"type": "Feature", "properties": {"id": "16", "area_ha": 78.76922450265567}, "geometry": {"type": "Polygon", "coordinates": [[[-58.29279465651995, -37.642248666148674], [-58.29011172674573, -37.64242612445895], [-58.28832310689625, -37.643135957700046], [-58.28709343074973, -37.644111978406556], [-58.286310909565586, -37.645265457423335], [-58.2860873320844, -37.64615274897471], [-58.28619912082499, -37.647838602922306], [-58.28698164200914, -37.6492582694045], [-58.288658473118026, -37.65067793588669], [-58.291117825411064, -37.65129903997265], [-58.29313002274173, -37.65121031081752], [-58.2951422200724, -37.650411748421284], [-58.296260107478325, -37.64952445686991], [-58.29737799488425, -37.647838602922306], [-58.29748978362484, -37.646330207284976], [-58.29670726244069, -37.64437816587196], [-58.29536579755358, -37.643224686855184], [-58.29279465651995, -37.642248666148674]]]}}, {"type": "Feature", "properties": {"id": "17", "area_ha": 132.57557929939102}, "geometry": {"type": "Polygon", "coordinates": [[[-58.51218976015232, -37.821719159757805], [-58.51765893392956, -37.827298092716795], [-58.525583655117, -37.83411678855557], [-58.526253349865236, -37.83411678855557], [-58.532950297347575, -37.82924629152787], [-58.52268164454132, -37.820036624420965], [-58.52167710241897, -37.820036624420965], [-58.51899832342603, -37.821719159757805], [-58.51218976015232, -37.821719159757805]]]}}, {"type": "Feature", "properties": {"id": "18", "area_ha": 66.61189924875696}, "geometry": {"type": "Polygon", "coordinates": [[[-58.51409747016477, -37.763818566960104], [-58.51510118320587, -37.76399567594295], [-58.51577032523327, -37.763375794502984], [-58.51677403827437, -37.7645270028915], [-58.51666251460314, -37.76496977534862], [-58.51800079865794, -37.766032429245705], [-58.51878146435657, -37.76585532026286], [-58.52201565082235, -37.768157737039886], [-58.52235022183605, -37.767714964582765], [-58.522573269178515, -37.76806918254846], [-58.523576982219616, -37.76789207356561], [-58.52301936386345, -37.767714964582765], [-58.522684792849745, -37.76665231068567], [-58.523130887534684, -37.76612098373713], [-58.52391155323332, -37.76665231068567], [-58.523688505890846, -37.767272192125645], [-58.524134600575785, -37.767803519074185], [-58.525138313616885, -37.767360746617065], [-58.525138313616885, -37.76656375619425], [-58.52580745564428, -37.76629809271998], [-58.526253550329216, -37.76709508314279], [-58.52580745564428, -37.76753785559991], [-58.527257263370316, -37.76833484602273], [-58.52959926046622, -37.76665231068567], [-58.52134650879494, -37.75903662442321], [-58.51945060638398, -37.75992216933745], [-58.51409747016477, -37.763818566960104]]]}}, {"type": "Feature", "properties": {"id": "19", "area_ha": 136.39474130506758}, "geometry": {"type": "Polygon", "coordinates": [[[-58.550815675410725, -37.681620840501246], [-58.544799736109574, -37.685686344147484], [-58.543240048142614, -37.68383035335246], [-58.540789109908815, -37.68206274307149], [-58.53711270255812, -37.68471415849295], [-58.536778483708055, -37.68701205185822], [-58.53722410884147, -37.6878958569987], [-58.53956364079192, -37.689133184195384], [-58.54379707955939, -37.69293354629948], [-58.54557958009306, -37.69381735143996], [-58.54869895602699, -37.69204974115899], [-58.54959020629382, -37.69213812167304], [-58.54959020629382, -37.6913426970466], [-58.55059286284401, -37.69116593601851], [-58.55215255081097, -37.68984022830777], [-58.5525981759444, -37.690016989335874], [-58.55304380107781, -37.689133184195384], [-58.55371223877794, -37.689309945223485], [-58.55426927019471, -37.68886804265324], [-58.55683161471187, -37.69037051139207], [-58.55694302099522, -37.69107755550446], [-58.558057083828764, -37.690900794476356], [-58.55872552152889, -37.6913426970466], [-58.559059740378956, -37.690900794476356], [-58.550815675410725, -37.681620840501246]]]}}, {"type": "Feature", "properties": {"id": "20", "area_ha": 83.39461317247516}, "geometry": {"type": "Polygon", "coordinates": [[[-58.52979200786648, -37.62418120079868], [-58.530353011795796, -37.62403242925304], [-58.53135480452672, -37.62429809272739], [-58.53124349422328, -37.62474086518465], [-58.53180004574046, -37.62509508315045], [-58.5322452869542, -37.62474086518465], [-58.53269052816795, -37.62509508315045], [-58.533469700291995, -37.6248294196761], [-58.53335838998856, -37.6253607466248], [-58.53191135604389, -37.6253607466248], [-58.53202266634733, -37.625803519082055], [-58.53291314877482, -37.625803519082055], [-58.53324707968512, -37.62544930111625], [-58.53469411362978, -37.6257149645906], [-58.53558459605727, -37.624209538235945], [-58.53580721666414, -37.62155290349243], [-58.53513935484352, -37.61933904120617], [-58.5338036312023, -37.61756795137716], [-58.53124349422328, -37.6157083070567], [-58.52946252936832, -37.6149998711251], [-58.52679108208586, -37.6144685441764], [-58.52445356571371, -37.614557098667845], [-58.52467618632058, -37.61703662442846], [-58.52612322026525, -37.62243844840694], [-58.52779287481678, -37.62296977535564], [-58.52779287481678, -37.62323543882999], [-58.52968514997519, -37.62350110230434], [-58.52979200786648, -37.62418120079868]]]}}, {"type": "Feature", "properties": {"id": "21", "area_ha": 28.880865389652474}, "geometry": {"type": "Polygon", "coordinates": [[[-58.599010886398695, -37.5605046456466], [-58.5965639675475, -37.56218387541396], [-58.59645274396336, -37.56280253901246], [-58.596786414715794, -37.56289091952653], [-58.60156902883403, -37.56677966214566], [-58.60201392317061, -37.56677966214566], [-58.602458817507184, -37.56660290111752], [-58.602681264675475, -37.5660726180331], [-58.60312615901206, -37.5660726180331], [-58.604683289190085, -37.5648352908361], [-58.604794512774234, -37.564481768779814], [-58.60434961843765, -37.5642166272376], [-58.6042383948535, -37.56377472466724], [-58.60434961843765, -37.56368634415317], [-58.605128183526666, -37.56430500775167], [-58.605128183526666, -37.564039866209455], [-58.60401594768522, -37.56315606106874], [-58.60368227693278, -37.56324444158281], [-58.60345982976449, -37.562625777984316], [-58.60156902883403, -37.561211689759176], [-58.60134658166574, -37.56085816770289], [-58.600790463745014, -37.56076978718882], [-58.59990067507185, -37.56094654821696], [-58.59934455715113, -37.5605046456466], [-58.599010886398695, -37.5605046456466]]]}}, {"type": "Feature", "properties": {"id": "22", "area_ha": 1073.8350627750872}, "geometry": {"type": "Polygon", "coordinates": [[[-58.571209534351674, -37.54650283512127], [-58.56609290604547, -37.551107668677204], [-58.56853998914844, -37.55783781002818], [-58.56609290604547, -37.56704747714006], [-58.56853998914844, -37.56580771425961], [-58.56898491334898, -37.57005832984971], [-58.5728780001037, -37.571652310695995], [-58.57721601105896, -37.5687300124778], [-58.57721601105896, -37.57200652866184], [-58.58188771516462, -37.57306918255936], [-58.585002184568395, -37.5785595610299], [-58.59078619917541, -37.573246291542276], [-58.586114495069744, -37.57112098374723], [-58.586225726119885, -37.57484027238856], [-58.58377864301691, -37.57484027238856], [-58.58544710876894, -37.566958922648595], [-58.59367820647892, -37.57377761849104], [-58.59045250602501, -37.57669991670923], [-58.601130686837955, -37.5854668113638], [-58.607025932495105, -37.581393304756624], [-58.607025932495105, -37.57776257060675], [-58.61247625395171, -37.58050775984202], [-58.61336610235279, -37.57528304484587], [-58.61714795805737, -37.57368906399958], [-58.603689000991054, -37.56279686154996], [-58.6118088676509, -37.56483361485355], [-58.61770411330805, -37.560494444772], [-58.621930893213175, -37.56545349629377], [-58.62215335531344, -37.5562438291819], [-58.61358856445306, -37.55004501477968], [-58.601686842088625, -37.561202880703675], [-58.59645898273229, -37.55704081960504], [-58.59534667223094, -37.561468544178055], [-58.59145358547622, -37.56297397053288], [-58.59123112337595, -37.55952034536593], [-58.5875604987215, -37.55881190943425], [-58.59123112337595, -37.5562438291819], [-58.59045250602501, -37.55172755011743], [-58.580886635713405, -37.54650283512127], [-58.58166525306435, -37.550576341728444], [-58.57677108685842, -37.552435986049105], [-58.575102621106396, -37.5566866016392], [-58.574435234805584, -37.546679944104184], [-58.571209534351674, -37.54650283512127]]]}}, {"type": "Feature", "properties": {"id": "23", "area_ha": 74.78656660020748}, "geometry": {"type": "Polygon", "coordinates": [[[-58.32319334560174, -37.83713595769243], [-58.32117985421494, -37.83695849938223], [-58.31927822346074, -37.83713595769243], [-58.31692915017615, -37.83846689501894], [-58.31603426511535, -37.83988656150055], [-58.31569868321755, -37.84139495713726], [-58.31659356827835, -37.843879373480085], [-58.31726473207395, -37.84450047756579], [-58.31972566599114, -37.845565227427], [-58.32229846054094, -37.8456539565821], [-58.32420009129514, -37.8451215816515], [-58.32598986141674, -37.84379064432498], [-58.32666102521233, -37.84263716530867], [-58.32688474647753, -37.84050766558626], [-58.32643730394713, -37.83935418656995], [-58.324759394458134, -37.837757061778134], [-58.32319334560174, -37.83713595769243]]]}}, {"type": "Feature", "properties": {"id": "24", "area_ha": 73.7326881086571}, "geometry": {"type": "Polygon", "coordinates": [[[-58.37356134275604, -37.90133020727323], [-58.36718000534778, -37.89689374951877], [-58.35878350875796, -37.90221749882413], [-58.36124648109097, -37.904080811081], [-58.36169429424243, -37.90487937347681], [-58.36382140671185, -37.905056831786986], [-58.36583656589341, -37.90567793587261], [-58.3677397717871, -37.9057666650277], [-58.36953102439293, -37.9049681026319], [-58.37300157631672, -37.90266114459958], [-58.37356134275604, -37.90133020727323]]]}}, {"type": "Feature", "properties": {"id": "25", "area_ha": 38.517477176176115}, "geometry": {"type": "Polygon", "coordinates": [[[-58.52622918351072, -37.69250464564133], [-58.52277512297098, -37.694890919520596], [-58.52244085904778, -37.69542120260488], [-58.528123345742195, -37.70028213087745], [-58.528457609665395, -37.698249379054374], [-58.52968324405046, -37.69701205185772], [-58.53102029974327, -37.69648176877344], [-58.5307974571278, -37.69568634414701], [-58.53191167020513, -37.6947141584925], [-58.53024035058913, -37.69303492872561], [-58.52923755881953, -37.69259302615538], [-58.528123345742195, -37.692416265127285], [-58.52622918351072, -37.69250464564133]]]}}, {"type": "Feature", "properties": {"id": "26", "area_ha": 37.55808147243322}, "geometry": {"type": "Polygon", "coordinates": [[[-58.54723481829522, -37.70880771425381], [-58.54612036467289, -37.70880771425381], [-58.544894465688316, -37.70907337772811], [-58.54355712134151, -37.70995892264245], [-58.54288844916811, -37.71102157653965], [-58.54288844916811, -37.71261555738546], [-58.54333423061704, -37.713501102299794], [-58.54444868423938, -37.71447520170557], [-58.545786028586186, -37.71500652865417], [-58.54768059974416, -37.71500652865417], [-58.54857216264203, -37.71474086517987], [-58.55002095235107, -37.713766765774096], [-58.550689624524466, -37.712438448402594], [-58.550689624524466, -37.71146434899682], [-58.54957517090213, -37.70978181365958], [-58.548906498728726, -37.70933904120241], [-58.54723481829522, -37.70880771425381]]]}}, {"type": "Feature", "properties": {"id": "27", "area_ha": 66.08030880417164}, "geometry": {"type": "Polygon", "coordinates": [[[-58.549234495490104, -37.6073278846166], [-58.547453794089805, -37.60741626513067], [-58.54600697420206, -37.607858167700975], [-58.54489403582687, -37.60856521181348], [-58.543669803614165, -37.61042120260879], [-58.543669803614165, -37.61218881289005], [-58.54467144815184, -37.61386804265724], [-58.54589568036454, -37.61475184779786], [-58.54767638176484, -37.615282130882235], [-58.54945708316514, -37.615282130882235], [-58.5510151968904, -37.614928608825984], [-58.55557824422866, -37.61174691031973], [-58.55513306887859, -37.61103986620723], [-58.55201684142807, -37.60830007027129], [-58.550570021540324, -37.60759302615879], [-58.549234495490104, -37.6073278846166]]]}}, {"type": "Feature", "properties": {"id": "28", "area_ha": 57.87737988774222}, "geometry": {"type": "Polygon", "coordinates": [[[-58.52629038968652, -37.83503662442041], [-58.51715405417303, -37.841412547801916], [-58.51904817251119, -37.84336074661293], [-58.51949384741429, -37.843537855595756], [-58.520385197220484, -37.84309508313871], [-58.52305924663907, -37.84247520169883], [-58.52461910879991, -37.842829419664476], [-58.526513227138075, -37.842829419664476], [-58.527627414395816, -37.84238664720743], [-58.52885302037933, -37.841412547801916], [-58.52952153273398, -37.84008423043077], [-58.52941011400821, -37.83902157653385], [-58.529744370185526, -37.83822458611116], [-58.52629038968652, -37.83503662442041]]]}}, {"type": "Feature", "properties": {"id": "29", "area_ha": 64.0081490037329}, "geometry": {"type": "Polygon", "coordinates": [[[-58.51486082779851, -37.83159983394658], [-58.514681681632695, -37.831386647208], [-58.51724898399355, -37.82970411187117], [-58.5183652024113, -37.82855290348282], [-58.51155627006297, -37.82253119806681], [-58.50988194243632, -37.822973970523876], [-58.50318463192976, -37.8276673585687], [-58.50340787561331, -37.827933022042934], [-58.50530544692351, -37.82642759568893], [-58.50664490902482, -37.82784446755152], [-58.506979774550146, -37.82749024958588], [-58.508765724018566, -37.82722458611164], [-58.51010518611988, -37.82855290348282], [-58.50865410217679, -37.82934989390553], [-58.508765724018566, -37.82970411187117], [-58.51055167348698, -37.83112098373376], [-58.51289573216428, -37.83200652864788], [-58.51486082779851, -37.83159983394658]]]}}, {"type": "Feature", "properties": {"id": "30", "area_ha": 46.055003963270146}, "geometry": {"type": "Polygon", "coordinates": [[[-58.36673866518082, -37.78556281219617], [-58.36427936421999, -37.787248666143256], [-58.366067946736955, -37.787603582763694], [-58.36539722829309, -37.79665395658491], [-58.36819188847585, -37.79621031080936], [-58.37031583021475, -37.794968102637824], [-58.372216199139025, -37.7930160612254], [-58.37266334476826, -37.7930160612254], [-58.37076297584399, -37.79017672826188], [-58.36740938362468, -37.78645010374727], [-58.36718581081006, -37.78574027050639], [-58.36673866518082, -37.78556281219617]]]}}, {"type": "Feature", "properties": {"id": "31", "area_ha": 71.4889469654444}, "geometry": {"type": "Polygon", "coordinates": [[[-58.217516933010366, -38.04611916641198], [-58.21661946215348, -38.0462966247221], [-58.21347831415438, -38.048426124443566], [-58.2085422244415, -38.052330207266245], [-58.21437578501126, -38.057387769104714], [-58.21527325586815, -38.058629977275565], [-58.21527325586815, -38.05925108136099], [-58.21617072672504, -38.05916235220593], [-58.21673164601059, -38.05960599798124], [-58.21987279400969, -38.057387769104714], [-58.218638771581475, -38.057476498259774], [-58.21841440386725, -38.057210310794595], [-58.217516933010366, -38.04611916641198]]]}}, {"type": "Feature", "properties": {"id": "32", "area_ha": 210.78656884775404}, "geometry": {"type": "Polygon", "coordinates": [[[-58.18025505572684, -37.7616173045942], [-58.178911453370446, -37.76028373695655], [-58.17779178474012, -37.76028373695655], [-58.1760003149316, -37.75681646109867], [-58.161444622737356, -37.759572500883145], [-58.160660854696125, -37.75797221971796], [-58.156406113900886, -37.759039073828085], [-58.15707791507908, -37.76108387753914], [-58.155622345859655, -37.7642844398695], [-58.161108722148256, -37.76952980591091], [-58.16379592686104, -37.77157460962197], [-58.165139529217434, -37.77193022765868], [-58.18025505572684, -37.7616173045942]]]}}, {"type": "Feature", "properties": {"id": "33", "area_ha": 44.84571377867195}, "geometry": {"type": "Polygon", "coordinates": [[[-58.240817209018225, -37.74284579093711], [-58.23981175700531, -37.744620374039485], [-58.23981175700531, -37.74488656150484], [-58.240146907676284, -37.74488656150484], [-58.24037034145693, -37.74515274897019], [-58.24003519078596, -37.745685123900905], [-58.24003519078596, -37.74683860291745], [-58.24037034145693, -37.74790335277887], [-58.24159922725049, -37.74923429010565], [-58.24383356505696, -37.750387769122185], [-58.24517416774084, -37.75065395658754], [-58.24740850554732, -37.750565227432425], [-58.24897254201185, -37.750121581656835], [-58.24986627713444, -37.74958920672612], [-58.24997799402476, -37.749323019260764], [-58.24930769268282, -37.74861318601982], [-58.24171094414081, -37.74240214516152], [-58.240817209018225, -37.74284579093711]]]}}, {"type": "Feature", "properties": {"id": "34", "area_ha": 33.97181843486507}, "geometry": {"type": "Polygon", "coordinates": [[[-58.34507449106177, -37.81978104107267], [-58.34451531675908, -37.819692311917564], [-58.33769339026627, -37.82457241544828], [-58.33825256456896, -37.82528224868911], [-58.340712931500796, -37.8272342901014], [-58.344179812177465, -37.82466114460339], [-58.345186325922306, -37.82412876967276], [-58.34630467452769, -37.82315274896662], [-58.346975683690914, -37.822886561501306], [-58.34764669285414, -37.82217672826047], [-58.34787036257522, -37.82217672826047], [-58.34775852771468, -37.82182181164006], [-58.34507449106177, -37.81978104107267]]]}}, {"type": "Feature", "properties": {"id": "35", "area_ha": 42.486653233487054}, "geometry": {"type": "Polygon", "coordinates": [[[-58.2018338094273, -38.072172782036034], [-58.19824279730678, -38.075017726327815], [-58.198467235564316, -38.07537334436428], [-58.197906139920484, -38.07581786690987], [-58.197906139920484, -38.076084580437225], [-58.19835501643555, -38.0764401984737], [-58.199364988594446, -38.07812938414694], [-58.2004871798821, -38.078929524729], [-58.202282685942365, -38.07972966531106], [-58.205088164161516, -38.078662811201646], [-58.20632257457794, -38.077507052583115], [-58.206434793706705, -38.0769736255284], [-58.206098136320406, -38.0764401984737], [-58.20632257457794, -38.076173484946345], [-58.20632257457794, -38.0754622488734], [-58.205873698062874, -38.07377306320016], [-58.20475150677522, -38.07341744516369], [-58.203629315487554, -38.07270620909075], [-58.202282685942365, -38.072172782036034], [-58.2018338094273, -38.072172782036034]]]}}, {"type": "Feature", "properties": {"id": "36", "area_ha": 59.736008420847824}, "geometry": {"type": "Polygon", "coordinates": [[[-58.24475951614484, -38.01756281218828], [-58.24206816954904, -38.01915993697947], [-58.237358313006396, -38.02279783233719], [-58.23803114965535, -38.02519351952399], [-58.240610356809654, -38.02679064431518], [-58.24296528508098, -38.026879373470244], [-58.244198818937384, -38.02643572769492], [-58.24520807391081, -38.02545970698918], [-58.245768771118264, -38.02528224867905], [-58.246329468325726, -38.023241478112524], [-58.24846011771407, -38.02155562416626], [-58.24812369938959, -38.02102324923587], [-58.24846011771407, -38.02084579092573], [-58.24823583883108, -38.02031341599533], [-58.24700230497467, -38.01951485359974], [-58.24700230497467, -38.020135957685206], [-58.246217328884235, -38.020135957685206], [-58.245768771118264, -38.019869770220005], [-58.246105189442744, -38.019603582754804], [-58.246329468325726, -38.01978104106494], [-58.24644160776722, -38.01924866613454], [-58.24677802609169, -38.019337395289604], [-58.24475951614484, -38.01756281218828]]]}}, {"type": "Feature", "properties": {"id": "37", "area_ha": 0.2007019051969654}, "geometry": {"type": "Polygon", "coordinates": [[[-57.96384382009649, -37.84459481342949], [-57.96373150948124, -37.84468389398718], [-57.96373150948124, -37.844772974544874], [-57.96384382009649, -37.844862055102574], [-57.96384382009649, -37.84495113566027], [-57.96406844132699, -37.84512929677565], [-57.96418075194224, -37.84512929677565], [-57.96429306255748, -37.84504021621796], [-57.96429306255748, -37.844772974544874], [-57.96418075194224, -37.84468389398718], [-57.96406844132699, -37.84468389398718], [-57.963956130711736, -37.84459481342949], [-57.96384382009649, -37.84459481342949]]]}}, {"type": "Feature", "properties": {"id": "38", "area_ha": 35.165649139003435}, "geometry": {"type": "Polygon", "coordinates": [[[-57.97190880641571, -37.83627871892968], [-57.96977930352214, -37.83627871892968], [-57.968882670724845, -37.836635041160456], [-57.9675377215289, -37.83761492729511], [-57.96708940513025, -37.83841665231437], [-57.96697732603059, -37.839485619006716], [-57.96742564242924, -37.84073274681445], [-57.96854643342586, -37.841712632949104], [-57.96977930352214, -37.84215803573758], [-57.971460490017066, -37.842247116295276], [-57.97269336011335, -37.8418907940645], [-57.973702072010305, -37.841267230160625], [-57.97448662570793, -37.84019826346828], [-57.97448662570793, -37.83841665231437], [-57.974038309309286, -37.837525846737414], [-57.97302959741233, -37.836724121718156], [-57.97190880641571, -37.83627871892968]]]}}, {"type": "Feature", "properties": {"id": "39", "area_ha": 63.36461086444367}, "geometry": {"type": "Polygon", "coordinates": [[[-57.96535703065431, -37.82985343000676], [-57.96311560059176, -37.83003159112215], [-57.96143452804485, -37.83065515502602], [-57.96031381301358, -37.83154596060299], [-57.95941724098856, -37.833238491199225], [-57.95952931249168, -37.83475286068006], [-57.96053795601983, -37.8363563107186], [-57.96210695706361, -37.83742527741096], [-57.9636759581074, -37.837870680199444], [-57.965805316666824, -37.837781599641744], [-57.96737431771061, -37.837247116295565], [-57.969055390257516, -37.83591090793012], [-57.96972781927628, -37.83457469956467], [-57.96972781927628, -37.833238491199225], [-57.96927953326377, -37.831902282833774], [-57.967934675226246, -37.83065515502602], [-57.96670188869184, -37.83012067167984], [-57.96535703065431, -37.82985343000676]]]}}, {"type": "Feature", "properties": {"id": "40", "area_ha": 63.21130977264604}, "geometry": {"type": "Polygon", "coordinates": [[[-57.93416999006342, -37.83794251056413], [-57.932822317503046, -37.83829883279491], [-57.93136233889597, -37.83918963837186], [-57.930014666335595, -37.84141665231424], [-57.930014666335595, -37.84239653844888], [-57.930576196569085, -37.8439109079297], [-57.93203617517616, -37.84524711629513], [-57.93416999006342, -37.845959760756685], [-57.9354053565771, -37.84587068019899], [-57.93619149890398, -37.84604884131438], [-57.93697764123087, -37.84578159964129], [-57.93787608960445, -37.84489079406434], [-57.93888684402473, -37.844712632948955], [-57.939560680304915, -37.84417814960278], [-57.9403468226318, -37.842574699564274], [-57.9403468226318, -37.84150573287193], [-57.939560680304915, -37.839724121718035], [-57.938213007744544, -37.838566074468], [-57.93652841704407, -37.838031591121826], [-57.93416999006342, -37.83794251056413]]]}}, {"type": "Feature", "properties": {"id": "41", "area_ha": 177.80230671159853}, "geometry": {"type": "Polygon", "coordinates": [[[-57.92896661090606, -37.80928158260285], [-57.92178106941025, -37.81435917439169], [-57.9235774547842, -37.81533906052638], [-57.92368972887007, -37.81614078554567], [-57.922566988011354, -37.81649710777646], [-57.91987240995043, -37.81587354387257], [-57.91942331360694, -37.81703159112266], [-57.92032150629392, -37.81747699391116], [-57.92121969898089, -37.81703159112266], [-57.92110742489502, -37.81801147725735], [-57.92009695812217, -37.818545960603544], [-57.918974217263454, -37.81783331614195], [-57.918525120919966, -37.818545960603544], [-57.9191987654352, -37.81979308841133], [-57.92099515080915, -37.81943676618053], [-57.92178106941025, -37.820060330084424], [-57.92223016575374, -37.8225545857], [-57.926833403274486, -37.82620688856566], [-57.928742062734315, -37.82593964689256], [-57.93716261917471, -37.81979308841133], [-57.93738716734645, -37.81890228283434], [-57.9391835527204, -37.81827871893044], [-57.93985719723564, -37.81872412171894], [-57.92896661090606, -37.80928158260285]]]}}, {"type": "Feature", "properties": {"id": "42", "area_ha": 60.75883015754281}, "geometry": {"type": "Polygon", "coordinates": [[[-57.95575238685118, -37.810764349449784], [-57.95260896796228, -37.810764349449784], [-57.951486318359095, -37.811209752238284], [-57.95103725851782, -37.811744235584484], [-57.94957781403369, -37.812456880046085], [-57.9490164892321, -37.813258605065386], [-57.948791959311464, -37.81495113566169], [-57.949128754192415, -37.81619826346949], [-57.94957781403369, -37.81682182737339], [-57.95137405339878, -37.81824711629659], [-57.95204764316069, -37.81851435796969], [-57.95440520732736, -37.81878159964279], [-57.956201446692454, -37.81842527741199], [-57.9577731561369, -37.81753447183499], [-57.95878354077977, -37.81628734402719], [-57.9590080707004, -37.81486205510399], [-57.95732409629563, -37.813080443949985], [-57.95698730141468, -37.811387913353684], [-57.95575238685118, -37.810764349449784]]]}}, {"type": "Feature", "properties": {"id": "43", "area_ha": 27.070281225964887}, "geometry": {"type": "Polygon", "coordinates": [[[-57.91685422074578, -37.80845688004625], [-57.9159561497208, -37.80854596060395], [-57.915394855330184, -37.80908044395016], [-57.91460904318332, -37.80872412171936], [-57.914047748792704, -37.80872412171936], [-57.9121393478646, -37.809971249527166], [-57.91247612449897, -37.81023849120027], [-57.91225160674273, -37.81112929677728], [-57.91494581981769, -37.813712632950605], [-57.91629292635517, -37.813534471835204], [-57.917752291770775, -37.812999988489], [-57.918425845039515, -37.812999988489], [-57.919436174942625, -37.81219826346969], [-57.919548433820744, -37.81193102179659], [-57.919885210455114, -37.81193102179659], [-57.919772951576995, -37.81032757175797], [-57.919099398308255, -37.809971249527166], [-57.91898713943013, -37.809614927296366], [-57.91853810391763, -37.80934768562326], [-57.917415515136405, -37.809436766180966], [-57.91696647962391, -37.80890228283476], [-57.91685422074578, -37.80845688004625]]]}}, {"type": "Feature", "properties": {"id": "44", "area_ha": 38.95085484791033}, "geometry": {"type": "Polygon", "coordinates": [[[-57.972303026412376, -37.7951896383737], [-57.971517352577145, -37.79510055781599], [-57.96994600490668, -37.7952787189314], [-57.968599135474854, -37.795635041162214], [-57.96781346163962, -37.796258605066136], [-57.96714002692371, -37.79732757175858], [-57.96702778780439, -37.79875286068183], [-57.96747674428167, -37.79982182737427], [-57.96837465723622, -37.8007126329513], [-57.969833765787364, -37.801336196855225], [-57.97174183081578, -37.80142527741293], [-57.97297646112828, -37.80106895518212], [-57.97421109144079, -37.80017814960508], [-57.974996765276025, -37.79893102179724], [-57.974996765276025, -37.79768389398939], [-57.97443556967943, -37.79652584673924], [-57.97353765672488, -37.795724121719914], [-57.972303026412376, -37.7951896383737]]]}}, {"type": "Feature", "properties": {"id": "45", "area_ha": 36.145923299837094}, "geometry": {"type": "Polygon", "coordinates": [[[-57.963741709919795, -37.78318963837419], [-57.96261950100258, -37.78318963837419], [-57.96093618762675, -37.783724121720425], [-57.95981397870953, -37.784614927297476], [-57.95925287425093, -37.785862055105355], [-57.95947731603437, -37.787376424586355], [-57.9601506413847, -37.788267230163406], [-57.961160629410195, -37.78889079406735], [-57.96261950100258, -37.78933619685588], [-57.96419059348668, -37.78924711629817], [-57.96531280240389, -37.78880171350964], [-57.96643501132111, -37.787910907932584], [-57.966883894888, -37.78702010235553], [-57.966883894888, -37.78559481343224], [-57.96643501132111, -37.784614927297476], [-57.96553724418734, -37.78381320227813], [-57.96463947705357, -37.783367799489604], [-57.963741709919795, -37.78318963837419]]]}}, {"type": "Feature", "properties": {"id": "46", "area_ha": 38.57882194993259}, "geometry": {"type": "Polygon", "coordinates": [[[-57.94830270840872, -37.776476993912794], [-57.94661953167889, -37.776476993912794], [-57.945048566731046, -37.77692239670133], [-57.94426308425713, -37.77754596060527], [-57.9435898135652, -37.77861492729776], [-57.94347760178321, -37.780218377336475], [-57.943702025347186, -37.780841941240425], [-57.94493635494906, -37.78199998849061], [-57.94661953167889, -37.78271263295226], [-57.94830270840872, -37.78271263295226], [-57.94987367335656, -37.782178149606025], [-57.95054694404849, -37.78173274681749], [-57.95133242652241, -37.78030745789418], [-57.95133242652241, -37.778882168970874], [-57.95077136761247, -37.7779022828361], [-57.949985885138545, -37.77701147725904], [-57.94830270840872, -37.776476993912794]]]}}, {"type": "Feature", "properties": {"id": "47", "area_ha": 76.99120823092655}, "geometry": {"type": "Polygon", "coordinates": [[[-57.94106838360891, -37.779962624431576], [-57.93433522121423, -37.784683893989985], [-57.93377412434801, -37.78539653845163], [-57.94174169984838, -37.79127585526021], [-57.94286389358082, -37.79172125804874], [-57.944210526059756, -37.79065229135627], [-57.94387386794003, -37.78815803574051], [-57.94544493916545, -37.7865545857018], [-57.945893816658426, -37.784683893989985], [-57.94555715853869, -37.78361492729751], [-57.94488384229923, -37.78281320227816], [-57.941517261101886, -37.779962624431576], [-57.94106838360891, -37.779962624431576]]]}}, {"type": "Feature", "properties": {"id": "48", "area_ha": 289.8905663037733}, "geometry": {"type": "Polygon", "coordinates": [[[-58.01111089357744, -37.806972922629065], [-58.00852897434889, -37.806884018119895], [-58.0081922022756, -37.80795087222992], [-58.00695737134021, -37.807595254193245], [-58.00504899625823, -37.80928443986743], [-58.00347739324955, -37.80803977673908], [-58.00437545211165, -37.807595254193245], [-58.002354819671915, -37.80679511361073], [-58.0017935328831, -37.807506349684076], [-58.00156901816757, -37.80643949557406], [-58.001007731378756, -37.806972922629065], [-57.998987098939025, -37.804661405390696], [-57.99573163556389, -37.80537264146404], [-57.9808014069814, -37.816130087073375], [-57.98091366433916, -37.81719694118339], [-57.983832355641, -37.818263795293404], [-57.986863304300606, -37.82181997566013], [-57.98944522352916, -37.82288682977015], [-57.99797678271916, -37.82075312155011], [-58.00224256231415, -37.81684132314672], [-58.007294143413496, -37.81390747434418], [-58.005161253615995, -37.8113292435783], [-58.00594705512034, -37.81195157514247], [-58.006508341909154, -37.81150705259664], [-58.00695737134021, -37.81257390670665], [-58.008304459633365, -37.813018429252494], [-58.011335408292965, -37.81052910299579], [-58.01111089357744, -37.806972922629065]]]}}, {"type": "Feature", "properties": {"id": "49", "area_ha": 2028.6739466872052}, "geometry": {"type": "Polygon", "coordinates": [[[-58.023936320763816, -37.78159191567897], [-57.977781623823404, -37.78150283512127], [-57.97789364978685, -37.825508630626146], [-57.97934998731167, -37.82639943620317], [-58.024160372690716, -37.82639943620317], [-58.023936320763816, -37.78159191567897]]]}}, {"type": "Feature", "properties": {"id": "50", "area_ha": 1756.6213852564827}, "geometry": {"type": "Polygon", "coordinates": [[[-58.02430262668749, -37.776502835121256], [-57.98400823736737, -37.776502835121256], [-57.984681681200016, -37.821399436203635], [-58.02430262668749, -37.821399436203635], [-58.02430262668749, -37.776502835121256]]]}}, {"type": "Feature", "properties": {"id": "51", "area_ha": 1959.467370878932}, "geometry": {"type": "Polygon", "coordinates": [[[-58.023790660954354, -37.76950283512127], [-57.97901088929264, -37.76950283512127], [-57.97957203931346, -37.814399436204305], [-58.02401512096268, -37.814310355646604], [-58.023790660954354, -37.76950283512127]]]}}, {"type": "Feature", "properties": {"id": "52", "area_ha": 2005.8128981994062}, "geometry": {"type": "Polygon", "coordinates": [[[-58.02368706456976, -37.76350283512126], [-57.978013161639076, -37.76350283512126], [-57.97846204520596, -37.8083996122534], [-58.02402372724493, -37.8083996122534], [-58.02368706456976, -37.76350283512126]]]}}, {"type": "Feature", "properties": {"id": "53", "area_ha": 1271.5504411467039}, "geometry": {"type": "Polygon", "coordinates": [[[-58.05378896192414, -37.76650283512127], [-58.024668124985375, -37.76676954864879], [-58.02478012820437, -37.81139961225311], [-58.053900965143136, -37.81104399421642], [-58.05378896192414, -37.76650283512127]]]}}, {"type": "Feature", "properties": {"id": "54", "area_ha": 88.5443483410168}, "geometry": {"type": "Polygon", "coordinates": [[[-58.05346010761746, -37.77349710777809], [-58.049092632148884, -37.77652584674013], [-58.04730084734127, -37.77812929677886], [-58.056035798278415, -37.78561206362625], [-58.0584995023889, -37.78383045247211], [-58.06029128719652, -37.78320688856816], [-58.06230704510509, -37.781781599644845], [-58.062419031655566, -37.781425277414016], [-58.06096320649937, -37.779821827375294], [-58.05827552928795, -37.77777297454803], [-58.05793956963652, -37.77706033008637], [-58.05346010761746, -37.77349710777809]]]}}, {"type": "Feature", "properties": {"id": "55", "area_ha": 85.41461257621754}, "geometry": {"type": "Polygon", "coordinates": [[[-58.048355871393255, -37.76610592793799], [-58.045892400537944, -37.76619483244717], [-58.044100785370446, -37.76690606852057], [-58.04230917020295, -37.76841744517655], [-58.04152533856717, -37.77046224888758], [-58.041861266411075, -37.77241814808944], [-58.04298102589076, -37.77384062023625], [-58.044884617006225, -37.7750852833647], [-58.04667623217372, -37.77552980591058], [-58.049251678977, -37.775351996892226], [-58.05149119793637, -37.774374047291296], [-58.05227502957215, -37.77375171572707], [-58.05339478905184, -37.771706912016036], [-58.05339478905184, -37.769662108305006], [-58.052387005520124, -37.76806182713985], [-58.05070736630059, -37.76681716401139], [-58.048355871393255, -37.76610592793799]]]}}, {"type": "Feature", "properties": {"id": "56", "area_ha": 47.6042546610918}, "geometry": {"type": "Polygon", "coordinates": [[[-58.04175115227556, -37.76050634968604], [-58.04040492044611, -37.76041744517686], [-58.038946502630864, -37.76068415870439], [-58.03782464277298, -37.761217585759454], [-58.036927154886676, -37.76192882183287], [-58.036590596929315, -37.76246224888793], [-58.036927154886676, -37.763529102998056], [-58.036254038971954, -37.76397362554394], [-58.03647841094352, -37.76539609769077], [-58.03737589882983, -37.76646295180089], [-58.03939524657402, -37.767440901401834], [-58.04130240833241, -37.76752980591101], [-58.042760826147656, -37.7671741878743], [-58.044331429948684, -37.76592952474583], [-58.045004545863414, -37.76486267063571], [-58.045116731849205, -37.76361800750723], [-58.044443615934476, -37.76210663085122], [-58.043433942062386, -37.761217585759454], [-58.04175115227556, -37.76050634968604]]]}}, {"type": "Feature", "properties": {"id": "57", "area_ha": 36.93433547013201}, "geometry": {"type": "Polygon", "coordinates": [[[-58.067404876376166, -37.75197292263133], [-58.06594661627521, -37.75197292263133], [-58.06460053002817, -37.7525063496864], [-58.06370313919682, -37.75321758575983], [-58.0630300960733, -37.75446224888832], [-58.06314226992722, -37.75597362554436], [-58.0635909653429, -37.75677376612696], [-58.064712703882094, -37.757662811218744], [-58.06527357315169, -37.757840620237104], [-58.06605879012913, -37.75677376612696], [-58.06628313783697, -37.756951575145315], [-58.06617096398305, -37.75801842925546], [-58.066619659398725, -37.758285142782995], [-58.06796574564576, -37.75819623827382], [-58.06886313647712, -37.75792952474628], [-58.0693118318928, -37.75748500220039], [-58.06998487501631, -37.75721828867285], [-58.07065791813983, -37.756240339071894], [-58.070433570431994, -37.75499567594339], [-58.07077009199375, -37.7545511533975], [-58.07077009199375, -37.75410663085161], [-58.07020922272415, -37.75321758575983], [-58.068975310331034, -37.752328540668046], [-58.067404876376166, -37.75197292263133]]]}}, {"type": "Feature", "properties": {"id": "58", "area_ha": 57.0763476674799}, "geometry": {"type": "Polygon", "coordinates": [[[-58.08158035864607, -37.79030578735453], [-58.08090827566026, -37.790572500882035], [-58.07553161177379, -37.79501772634057], [-58.07575563943573, -37.79679581652398], [-58.07709980540734, -37.79812938416154], [-58.07687577774541, -37.79839609768905], [-58.077547860731215, -37.79848500219822], [-58.07743584690025, -37.798662811216566], [-58.07810792988606, -37.799018429253245], [-58.07788390222412, -37.79937404728993], [-58.0790040405338, -37.800085283363295], [-58.080236192674455, -37.79955185630827], [-58.08650896720867, -37.7949288218314], [-58.08158035864607, -37.79030578735453]]]}}, {"type": "Feature", "properties": {"id": "59", "area_ha": 46.291034010542084}, "geometry": {"type": "Polygon", "coordinates": [[[-58.12826021280917, -37.78363935499238], [-58.127252197479464, -37.78381716401073], [-58.12512416511677, -37.78515073164831], [-58.12467615830357, -37.78559525419417], [-58.12490016171017, -37.78586196772169], [-58.12445215489697, -37.785950872230856], [-58.12445215489697, -37.78568415870334], [-58.12400414808378, -37.78568415870334], [-58.12221212083098, -37.786573203795065], [-58.121092103797984, -37.787906771432645], [-58.120756098688084, -37.78897362554271], [-58.12254812594088, -37.79004047965278], [-58.123220136160676, -37.79128514278119], [-58.12411614978708, -37.79208528336374], [-58.12568417363327, -37.79128514278119], [-58.129828236655364, -37.78826238946934], [-58.12994023835866, -37.787906771432645], [-58.13038824517186, -37.787906771432645], [-58.13106025539166, -37.78746224888678], [-58.13061224857846, -37.78586196772169], [-58.129828236655364, -37.785417445175824], [-58.129828236655364, -37.78515073164831], [-58.12826021280917, -37.78363935499238]]]}}, {"type": "Feature", "properties": {"id": "60", "area_ha": 34.04297442388639}, "geometry": {"type": "Polygon", "coordinates": [[[-58.12312415482531, -37.77888401812103], [-58.12200422871827, -37.77950634968525], [-58.118308472565026, -37.78226238946962], [-58.11842046517573, -37.782618007506315], [-58.12211622132897, -37.7859963788549], [-58.12334814004672, -37.785640760818204], [-58.125028029207286, -37.78484062023564], [-58.12637194053573, -37.78297362554301], [-58.12637194053573, -37.781728962414576], [-58.126035962703625, -37.78101772634119], [-58.12514002181799, -37.780217585758635], [-58.12446806615376, -37.77995087223111], [-58.12312415482531, -37.77888401812103]]]}}, {"type": "Feature", "properties": {"id": "61", "area_ha": 12.891667778431565}, "geometry": {"type": "Polygon", "coordinates": [[[-58.116108185587535, -37.783861967721776], [-58.1159961869154, -37.78412868124929], [-58.11655618027607, -37.7847510128135], [-58.11745216965314, -37.78608458045109], [-58.11846015770235, -37.78715143456116], [-58.11890815239089, -37.78786267063454], [-58.11935614707942, -37.78821828867123], [-58.119692143095826, -37.7883071931804], [-58.12025213645649, -37.788040479652885], [-58.1209241284893, -37.78732924357951], [-58.12081212981717, -37.78715143456116], [-58.1209241284893, -37.78644019848778], [-58.12081212981717, -37.786351293978605], [-58.12081212981717, -37.78555115339605], [-58.12036413512863, -37.78492882183185], [-58.11980414176796, -37.78439539477681], [-58.11935614707942, -37.78421758575846], [-58.11890815239089, -37.783861967721776], [-58.11834815903021, -37.78368415870343], [-58.11756416832528, -37.78368415870343], [-58.11745216965314, -37.78359525419425], [-58.116108185587535, -37.783861967721776]]]}}, {"type": "Feature", "properties": {"id": "62", "area_ha": 0.05363401879053365}, "geometry": {"type": "Polygon", "coordinates": [[[-58.12001216421291, -37.7918178669233], [-58.11967614091331, -37.7918178669233], [-58.11967614091331, -37.79199567594164], [-58.11990015644638, -37.79199567594164], [-58.12001216421291, -37.79190677143247], [-58.12001216421291, -37.7918178669233]]]}}, {"type": "Feature", "properties": {"id": "63", "area_ha": 59.68978677558039}, "geometry": {"type": "Polygon", "coordinates": [[[-58.16435557755394, -37.749394691865156], [-58.16110897745713, -37.751439495576264], [-58.15909384636256, -37.75312868125065], [-58.15909384636256, -37.755529102998466], [-58.15954165327246, -37.756507052599424], [-58.16088507400218, -37.75757390670957], [-58.16144483263956, -37.75917418787478], [-58.16860974319803, -37.75775171572792], [-58.168833646652985, -37.75739609769121], [-58.16603485346608, -37.75090606852119], [-58.16569899828365, -37.750550450484475], [-58.16457948100889, -37.750283736956945], [-58.16435557755394, -37.749394691865156]]]}}, {"type": "Feature", "properties": {"id": "64", "area_ha": 93.7376652623977}, "geometry": {"type": "Polygon", "coordinates": [[[-58.224781262914796, -37.714716291215204], [-58.21952201874746, -37.71826545742014], [-58.21896252468711, -37.71897529066113], [-58.21862682825089, -37.71897529066113], [-58.218850625875035, -37.71950766559187], [-58.21862682825089, -37.71977385305724], [-58.21929822112332, -37.72021749883285], [-58.21929822112332, -37.72128224869434], [-58.22019341161989, -37.72270191517631], [-58.222095691425096, -37.72438776912365], [-58.223997971230304, -37.72509760236464], [-58.22713113796829, -37.72509760236464], [-58.229145316585566, -37.72429903996853], [-58.23093569757871, -37.72270191517631], [-58.231607090451135, -37.72128224869434], [-58.231607090451135, -37.71933020728162], [-58.230711899954564, -37.717555624179155], [-58.22936911420971, -37.71649087431767], [-58.224781262914796, -37.714716291215204]]]}}, {"type": "Feature", "properties": {"id": "65", "area_ha": 74.40881686379636}, "geometry": {"type": "Polygon", "coordinates": [[[-58.25629615715562, -37.70537264146781], [-58.255402856386134, -37.70537264146781], [-58.254286230424285, -37.70590606852293], [-58.25037803955781, -37.708751012816904], [-58.250154714365436, -37.71221828867519], [-58.25060136475018, -37.71301842925787], [-58.252052978500586, -37.71444090140486], [-58.25462121821284, -37.71568556453347], [-58.260874323599204, -37.71141814809251], [-58.2616559617725, -37.71026238947308], [-58.261544299176315, -37.70964005790877], [-58.25819442129076, -37.70652840008724], [-58.25629615715562, -37.70537264146781]]]}}, {"type": "Feature", "properties": {"id": "66", "area_ha": 23.795638892545565}, "geometry": {"type": "Polygon", "coordinates": [[[-58.26607278842926, -37.70317278205061], [-58.26540283997299, -37.70326168655979], [-58.264174601136496, -37.704061827142475], [-58.26372796883232, -37.705128681252724], [-58.263839626908364, -37.705573203798664], [-58.264844549592766, -37.70655115339972], [-58.264844549592766, -37.70726238947322], [-58.26428625921255, -37.708062530055905], [-58.26428625921255, -37.70868486162022], [-58.26462123344068, -37.70904047965697], [-58.26462123344068, -37.709485002202904], [-58.264174601136496, -37.70984062023965], [-58.26428625921255, -37.709929524748844], [-58.26596113035322, -37.70984062023965], [-58.26718936918971, -37.70939609769372], [-58.26852926610225, -37.70824033907428], [-58.26886424033039, -37.70655115339972], [-58.26852926610225, -37.70566210830785], [-58.26852926610225, -37.70503977674354], [-58.26718936918971, -37.703795113614916], [-58.26607278842926, -37.70317278205061]]]}}, {"type": "Feature", "properties": {"id": "67", "area_ha": 24.39463066848863}, "geometry": {"type": "Polygon", "coordinates": [[[-58.28808849508209, -37.72262037404045], [-58.28741839288773, -37.72262037404045], [-58.284067881915895, -37.72386258221217], [-58.283732830818714, -37.72386258221217], [-58.2800472687497, -37.72519351953901], [-58.279712217652516, -37.725459707004376], [-58.28094073834219, -37.72670191517609], [-58.28239262642998, -37.72732301926195], [-58.283844514517774, -37.7275004775722], [-58.28563145370275, -37.727145560951705], [-58.28652492329524, -37.72670191517609], [-58.28786512768397, -37.7255484361595], [-58.28831186248022, -37.72386258221217], [-58.28808849508209, -37.72262037404045]]]}}, {"type": "Feature", "properties": {"id": "68", "area_ha": 69.84611870386375}, "geometry": {"type": "Polygon", "coordinates": [[[-58.17586177145082, -37.66575030990492], [-58.17451987283626, -37.66672825950606], [-58.173289799106236, -37.66948429929108], [-58.17574994656627, -37.671084580456565], [-58.176420895873555, -37.67224033907609], [-58.17686819541174, -37.67144019849334], [-58.17753914471903, -37.67170691202093], [-58.17776279448812, -37.67259595711287], [-58.17988746729451, -37.67472966533352], [-58.182906739177284, -37.67481856984272], [-58.185702361290964, -37.672951575149646], [-58.185926011060054, -37.67179581653012], [-58.187156084790075, -37.67144019849334], [-58.1805584166018, -37.66575030990492], [-58.178210094026305, -37.66717278205203], [-58.17742731983448, -37.668150731653164], [-58.176756370527194, -37.668150731653164], [-58.17664454564265, -37.66663935499687], [-58.17720367006538, -37.66646154597848], [-58.176756370527194, -37.66646154597848], [-58.17586177145082, -37.66575030990492]]]}}, {"type": "Feature", "properties": {"id": "69", "area_ha": 54.456332565008886}, "geometry": {"type": "Polygon", "coordinates": [[[-58.41162587638718, -37.66841674298646], [-58.410398184, -37.66841674298646], [-58.41095622599417, -37.679131836450786], [-58.4136348275662, -37.67860050950215], [-58.414974128352206, -37.67780351907918], [-58.416536645935885, -37.676298092724686], [-58.41731790472773, -37.67417278493011], [-58.41698307953123, -37.671693259169764], [-58.414974128352206, -37.669479396883744], [-58.41296517717319, -37.66868240646078], [-58.41162587638718, -37.66841674298646]]]}}, {"type": "Feature", "properties": {"id": "70", "area_ha": 17.724802264961543}, "geometry": {"type": "MultiPolygon", "coordinates": [[[[-58.311240294469684, -37.83403764243193], [-58.3113249377265, -37.8343062279825], [-58.31143678774444, -37.8342174988274], [-58.311240294469684, -37.83403764243193]]], [[[-58.311136494761485, -37.83394263133605], [-58.30998273751118, -37.83288656150087], [-58.3087523873138, -37.83279783234577], [-58.30741018709848, -37.83182181163964], [-58.30662723697288, -37.83146689501923], [-58.30450208663195, -37.83146689501923], [-58.303719136506345, -37.83164435332944], [-58.30338358645252, -37.831910540794745], [-58.30338358645252, -37.83235418657026], [-58.307857587170254, -37.83625826939475], [-58.30908793736763, -37.83599208192944], [-58.30886423733175, -37.83572589446413], [-58.30919978738557, -37.83537097784372], [-58.30953533743941, -37.83448368629271], [-58.30942348742146, -37.834040040517195], [-58.309759037475295, -37.83386258220699], [-58.30964718745735, -37.83359639474168], [-58.31009458752912, -37.83306401981107], [-58.310430137582955, -37.83386258220699], [-58.311136494761485, -37.83394263133605]]]]}}, {"type": "Feature", "properties": {"id": "71", "area_ha": 18.88633686398}, "geometry": {"type": "MultiPolygon", "coordinates": [[[[-58.10989142760225, -37.83243949557301], [-58.10965409327905, -37.83267483103844], [-58.11011557668528, -37.832528400082175], [-58.10989142760225, -37.83243949557301]]], [[[-58.10958402314553, -37.832744311033004], [-58.109443129436194, -37.83288401811883], [-58.109443129436194, -37.83519553535707], [-58.11033972576831, -37.83652910299452], [-58.110563874851344, -37.83812938415946], [-58.111908769349526, -37.83884062023276], [-58.113029514764676, -37.838751715723596], [-58.114262334721346, -37.837951575141126], [-58.11482270742892, -37.837240339067826], [-58.11515893105347, -37.83626238946703], [-58.11504685651195, -37.83492882182958], [-58.11471063288741, -37.83475101281125], [-58.11090009847589, -37.835640057902886], [-58.110675949392856, -37.83546224888456], [-58.11090009847589, -37.83430649026544], [-58.111684620266495, -37.832528400082175], [-58.11157254572498, -37.83235059106385], [-58.110563874851344, -37.83235059106385], [-58.110563874851344, -37.832528400082175], [-58.11123632210044, -37.8327062091005], [-58.110675949392856, -37.83288401811883], [-58.110563874851344, -37.83315073164632], [-58.10989142760225, -37.83315073164632], [-58.10958402314553, -37.832744311033004]]]]}}, {"type": "Feature", "properties": {"id": "72", "area_ha": 76.91605932534219}, "geometry": {"type": "Polygon", "coordinates": [[[-58.117175071051854, -37.84039539477434], [-58.11571798349153, -37.84244019848507], [-58.11571798349153, -37.84332924357669], [-58.123003421293156, -37.844129384159146], [-58.12423634153651, -37.84466281121412], [-58.12446050885348, -37.84519623826909], [-58.12591759641381, -37.8463519968882], [-58.12692634934019, -37.84679651943401], [-58.1277109349496, -37.84786337354395], [-58.12827135324203, -37.847952278053114], [-58.12894385519295, -37.84759666001647], [-58.13006469177781, -37.84599637885155], [-58.130400942753276, -37.84297362554004], [-58.12883177153446, -37.84083991732015], [-58.12737468397413, -37.839595254191885], [-58.12468467617046, -37.83843949557278], [-58.1217705010498, -37.838350591063616], [-58.120089246172505, -37.838884018118584], [-58.117175071051854, -37.84039539477434]]]}}, {"type": "Feature", "properties": {"id": "73", "area_ha": 25.017051717499708}, "geometry": {"type": "Polygon", "coordinates": [[[-58.23420998028668, -37.89448429928111], [-58.2326427620215, -37.89439539477196], [-58.22939638132936, -37.89475101280857], [-58.22514250318103, -37.89564005790008], [-58.22514250318103, -37.89599567593669], [-58.225590279828225, -37.89679581651906], [-58.22637388896081, -37.897418148083126], [-58.22760527474059, -37.898040479647186], [-58.23107554375633, -37.898307193174645], [-58.23241887369791, -37.89777376611973], [-58.233650259477685, -37.896706912009904], [-58.23420998028668, -37.89564005790008], [-58.23420998028668, -37.89448429928111]]]}}, {"type": "Feature", "properties": {"id": "74", "area_ha": 37.296859058776114}, "geometry": {"type": "Polygon", "coordinates": [[[-58.46934207740708, -37.841984823231215], [-58.46822561685314, -37.84251615017966], [-58.466439279966835, -37.843844467550795], [-58.46610434180065, -37.84526133941334], [-58.466662572077624, -37.84676676576729], [-58.46777903263156, -37.84774086517279], [-58.46911878529629, -37.84818363762983], [-58.47057018401641, -37.84827219212124], [-58.47168664457035, -37.84800652864701], [-58.47369627356744, -37.84650110229306], [-58.47403121173362, -37.84561555737898], [-58.47391956567822, -37.84393302204221], [-58.47202158273653, -37.84225048670544], [-58.470458537961015, -37.841984823231215], [-58.46934207740708, -37.841984823231215]]]}}, {"type": "Feature", "properties": {"id": "75", "area_ha": 178.86528610844792}, "geometry": {"type": "Polygon", "coordinates": [[[-58.48702051327779, -37.79430648307403], [-58.48434242363773, -37.7958119094281], [-58.48322655295437, -37.79563480044527], [-58.480660050382646, -37.797405890273595], [-58.48121798572432, -37.798114326204924], [-58.48054846331431, -37.798999871119086], [-58.47920941849428, -37.79846854417059], [-58.471063562505755, -37.80440169509547], [-58.476531328854215, -37.80741254780362], [-58.48099481158765, -37.81095472746027], [-58.489252254644505, -37.8073239933122], [-58.489587015849516, -37.806792666363705], [-58.48869431930283, -37.80590712144955], [-58.48869431930283, -37.804844467552556], [-58.489587015849516, -37.80404747712981], [-58.490926060669544, -37.80378181365556], [-58.49025653825953, -37.8001510795075], [-58.49103764773788, -37.79846854417059], [-58.49025653825953, -37.79829143518776], [-58.491149234806215, -37.79776010823926], [-58.49036812532787, -37.79802577171351], [-58.48981018998619, -37.79758299925643], [-58.4901449511912, -37.79722878129076], [-58.48914066757617, -37.79714022679935], [-58.48880590637116, -37.79643179086802], [-58.48780162275614, -37.79616612739377], [-58.48880590637116, -37.79590046391952], [-58.487578448619466, -37.79554624595386], [-58.48702051327779, -37.79430648307403]]]}}, {"type": "Feature", "properties": {"id": "76", "area_ha": 259.4913231817915}, "geometry": {"type": "Polygon", "coordinates": [[[-58.49017886313267, -37.79416612739384], [-58.487724014111166, -37.79345769146251], [-58.484264908671776, -37.795760108239335], [-58.483037484161024, -37.795671553747916], [-58.48058263513951, -37.797354089084834], [-58.480359467046654, -37.799036624421746], [-58.4794667946752, -37.798239633998996], [-58.470874823099926, -37.80443844839815], [-58.47734669779299, -37.80815773703765], [-58.47656560946796, -37.809751717883145], [-58.47868570635017, -37.810548708305895], [-58.47656560946796, -37.81506498736814], [-58.47444551258575, -37.814887878385306], [-58.47031690286777, -37.816393304739385], [-58.47199066356425, -37.817190295162135], [-58.47801620207158, -37.81763306761921], [-58.480917387278815, -37.81674752270505], [-58.485715501275386, -37.82011259337888], [-58.488393518389756, -37.818607167024794], [-58.480917387278815, -37.81108003525439], [-58.48950935885408, -37.80709508314065], [-58.48850510243619, -37.804881220855236], [-58.49073678336483, -37.803907121449654], [-58.489955695039804, -37.800542050775825], [-58.49118311955056, -37.79868240645608], [-58.49017886313267, -37.79416612739384]]]}}, {"type": "Feature", "properties": {"id": "77", "area_ha": 173.03130256443532}, "geometry": {"type": "Polygon", "coordinates": [[[-58.48724347452844, -37.79483361484468], [-58.48657401557054, -37.79509927831893], [-58.485904556612645, -37.79465650586184], [-58.48389617973895, -37.795807714250266], [-58.48333829727403, -37.795542050776014], [-58.48054888494945, -37.79740169509578], [-58.480995190921384, -37.798375794501375], [-58.48032573196348, -37.7989956759413], [-58.47932154352664, -37.798287240009955], [-58.471064883045884, -37.80430894542634], [-58.477982625610835, -37.80820534304871], [-58.48110676741437, -37.8106848688084], [-58.48925185140214, -37.8071426891517], [-58.488582392444236, -37.804663163392014], [-58.489475004388105, -37.80395472746068], [-58.4908139223039, -37.80368906398642], [-58.490925498796884, -37.80244930110658], [-58.490144463346, -37.800766765769644], [-58.49047919282495, -37.79917278492413], [-58.48679716855651, -37.79527638730176], [-58.48724347452844, -37.79483361484468]]]}}, {"type": "Feature", "properties": {"id": "78", "area_ha": 33.301112202344996}, "geometry": {"type": "Polygon", "coordinates": [[[-58.527892731892045, -37.769276387302796], [-58.52755812015639, -37.76971915975991], [-58.52700043393031, -37.769984823234175], [-58.52722350842075, -37.77095892263982], [-58.52911964158943, -37.772730012468266], [-58.52990040230595, -37.77308423043395], [-58.53079270026768, -37.774235438822444], [-58.53246575894594, -37.7756523106852], [-58.5329119079268, -37.77538664721094], [-58.532800370681585, -37.77582941966805], [-58.53302344517202, -37.77591797415947], [-58.53402728037897, -37.775475201702356], [-58.534808041095495, -37.77458965678814], [-58.53514265283114, -37.77299567594253], [-58.534808041095495, -37.77175591306262], [-58.53402728037897, -37.77060470467413], [-58.532800370681585, -37.76963060526848], [-58.5309042375129, -37.76901072382853], [-58.528896567099, -37.76901072382853], [-58.527892731892045, -37.769276387302796]]]}}, {"type": "Feature", "properties": {"id": "79", "area_ha": 80.4818070938746}, "geometry": {"type": "Polygon", "coordinates": [[[-58.581623476296706, -37.69721373340837], [-58.579510467773595, -37.69739084239124], [-58.57661898242618, -37.69907337772852], [-58.575729294626974, -37.70040169510005], [-58.575506872677174, -37.70146434899728], [-58.575729294626974, -37.70323543882599], [-58.577063826325784, -37.7050065286547], [-58.578064725099885, -37.70562641009475], [-58.580733788497504, -37.70633484602624], [-58.58206832019631, -37.70633484602624], [-58.585182227493526, -37.70527219212901], [-58.586739181142136, -37.703589656791735], [-58.587072814066836, -37.7022613394202], [-58.587072814066836, -37.700313140608614], [-58.585738282368034, -37.69880771425421], [-58.583958906769624, -37.697745060356986], [-58.581623476296706, -37.69721373340837]]]}}, {"type": "Feature", "properties": {"id": "80", "area_ha": 268.6084677662294}, "geometry": {"type": "Polygon", "coordinates": [[[-58.60881774843391, -37.67443914199563], [-58.59756632058948, -37.673025053770836], [-58.59433571259454, -37.670462018863404], [-58.58297288447442, -37.677885982043556], [-58.58252728337167, -37.678946548212146], [-58.59400151176748, -37.68911030732783], [-58.605475740163286, -37.68097930003528], [-58.60781514595272, -37.68044901695099], [-58.60970895063941, -37.68080253900718], [-58.60837214733116, -37.679034928726196], [-58.61082295339629, -37.67691379638901], [-58.609374749812346, -37.67611837176256], [-58.60881774843391, -37.67443914199563]]]}}, {"type": "Feature", "properties": {"id": "81", "area_ha": 46.093366086560785}, "geometry": {"type": "Polygon", "coordinates": [[[-58.63295687627838, -37.68006274307157], [-58.63106674859155, -37.68006274307157], [-58.62917662090472, -37.68076978718396], [-58.62850951701526, -37.68138845078231], [-58.62762004516263, -37.68280253900709], [-58.62762004516263, -37.68448176877402], [-58.62850951701526, -37.68580747648476], [-58.62973254081262, -37.68669128162525], [-58.63128911655471, -37.687133184195496], [-58.633512796186274, -37.687133184195496], [-58.634847003965206, -37.68633775956906], [-58.63573647581783, -37.68554233494261], [-58.63573647581783, -37.68536557391452], [-58.63518055590994, -37.685100432372366], [-58.635625291836256, -37.68386310517568], [-58.635402923873094, -37.68121168975421], [-58.63462463600205, -37.68050464564182], [-58.63295687627838, -37.68006274307157]]]}}, {"type": "Feature", "properties": {"id": "82", "area_ha": 79.17963335453899}, "geometry": {"type": "Polygon", "coordinates": [[[-58.511002427135196, -37.66047939688408], [-58.51033417859689, -37.661542050781385], [-58.510668302866044, -37.66304747713591], [-58.51011142908412, -37.66419868552466], [-58.51033417859689, -37.66623543882784], [-58.51144792616073, -37.66747520170804], [-58.514455044583094, -37.66951195501121], [-58.51980103288953, -37.66924629153688], [-58.5200237824023, -37.668892073571115], [-58.52102615520975, -37.668980628062556], [-58.52113752996614, -37.66924629153688], [-58.523921898875734, -37.66924629153688], [-58.52459014741404, -37.668980628062556], [-58.523921898875734, -37.668714964588226], [-58.52436739790127, -37.668626410096785], [-58.52414464838851, -37.66818363763957], [-58.523810524119355, -37.66818363763957], [-58.523810524119355, -37.668537855605344], [-58.521360279478905, -37.66880351907967], [-58.52158302899167, -37.66738664721659], [-58.5228081513119, -37.667209538233706], [-58.521805778504444, -37.66596977535351], [-58.5206920309406, -37.6655270028963], [-58.51813041154377, -37.66313603162735], [-58.51813041154377, -37.6619848232386], [-58.51311854750649, -37.659770960952535], [-58.51211617469903, -37.65985951544398], [-58.511002427135196, -37.66047939688408]]]}}, {"type": "Feature", "properties": {"id": "83", "area_ha": 78.17827795293628}, "geometry": {"type": "Polygon", "coordinates": [[[-58.49078918568199, -37.655807714255964], [-58.48878460209734, -37.656161932221735], [-58.485443629456256, -37.65793302205061], [-58.4831049486075, -37.659527002896596], [-58.4829935828528, -37.6601468843367], [-58.4831049486075, -37.66067821128536], [-58.49000962539907, -37.66678847119497], [-58.4913460144555, -37.66652280772063], [-58.4913460144555, -37.66519449034898], [-58.49223694049312, -37.66351195501155], [-58.493907426813664, -37.66236074662279], [-58.493907426813664, -37.66174086518268], [-58.494798352851284, -37.66085532026825], [-58.49468698709658, -37.660058329845256], [-58.49513245011539, -37.659527002896596], [-58.49457562134188, -37.657490249593394], [-58.492682403511935, -37.65625048671318], [-58.49078918568199, -37.655807714255964]]]}}, {"type": "Feature", "properties": {"id": "84", "area_ha": 47.02416283217147}, "geometry": {"type": "Polygon", "coordinates": [[[-58.58640073352819, -37.63856795137635], [-58.58128909454457, -37.642021576542774], [-58.58084460419817, -37.6426414579829], [-58.58084460419817, -37.642907121457235], [-58.581733584890976, -37.642907121457235], [-58.58206695265078, -37.64317278493158], [-58.58340042368998, -37.64627219213221], [-58.5886231852602, -37.6451209837434], [-58.591401249925205, -37.64485532026906], [-58.59273472096441, -37.644323993320384], [-58.58640073352819, -37.63856795137635]]]}}, {"type": "Feature", "properties": {"id": "85", "area_ha": 10.840759881026754}, "geometry": {"type": "Polygon", "coordinates": [[[-58.571127350221126, -37.6374534962909], [-58.570125301329725, -37.637364941799454], [-58.570459317626856, -37.6374534962909], [-58.56912325243832, -37.63842759569682], [-58.56711915465551, -37.63966735857708], [-58.56856655860976, -37.64108423044023], [-58.56923459120403, -37.641172784931676], [-58.570793333923994, -37.64011013103431], [-58.572240737878246, -37.63949024959418], [-58.5727974317068, -37.6391360316284], [-58.57257475417538, -37.63869325917116], [-58.571127350221126, -37.6374534962909]]]}}, {"type": "Feature", "properties": {"id": "86", "area_ha": 96.53991764097889}, "geometry": {"type": "Polygon", "coordinates": [[[-58.53601190566951, -37.59456027433575], [-58.53300741639403, -37.59703492872956], [-58.53400891281919, -37.59712330924363], [-58.535121686624926, -37.59827225592647], [-58.53400891281919, -37.59889091952492], [-58.53300741639403, -37.597653592328015], [-58.532117197349436, -37.59738845078582], [-58.528333766409936, -37.60012824672182], [-58.53578935090837, -37.60534269705164], [-58.537569788997544, -37.60578459962196], [-58.538905117564425, -37.605077555509446], [-58.5394615044673, -37.606226502192285], [-58.54001789137016, -37.60631488270635], [-58.545025373495974, -37.602691281629696], [-58.54335621278737, -37.60136557391873], [-58.54291110326508, -37.60039338826402], [-58.53912767232558, -37.59738845078582], [-58.53846000804213, -37.596504645645176], [-58.53879384018386, -37.596239504102975], [-58.53846000804213, -37.59632788461705], [-58.53779234375869, -37.59535569896233], [-58.53601190566951, -37.59456027433575]]]}}, {"type": "Feature", "properties": {"id": "87", "area_ha": 69.05965503021119}, "geometry": {"type": "Polygon", "coordinates": [[[-58.51635522393474, -37.58981856696828], [-58.515020074804795, -37.58840169510498], [-58.513351138392366, -37.5873390412075], [-58.51168220197993, -37.58565650586983], [-58.51101462741496, -37.5859221693442], [-58.5100132655675, -37.58565650586983], [-58.507899279445084, -37.58565650586983], [-58.50611908060516, -37.58627638731002], [-58.50456140662022, -37.58760470468187], [-58.50389383205525, -37.589464349002455], [-58.50422761933773, -37.59123543883158], [-58.50611908060516, -37.59300652866071], [-58.508344329155065, -37.5936264101009], [-58.51123715226995, -37.59344930111799], [-58.51613269907975, -37.590172784934104], [-58.51635522393474, -37.58981856696828]]]}}, {"type": "Feature", "properties": {"id": "88", "area_ha": 32.367480429280626}, "geometry": {"type": "Polygon", "coordinates": [[[-58.493013019989, -37.568364941802194], [-58.49089954490728, -37.57075591307161], [-58.49067707384605, -37.57217278493496], [-58.4936804331727, -37.575803519084815], [-58.49423661082578, -37.57589207357628], [-58.49557143719318, -37.5751836376446], [-58.49668379249934, -37.57403242925562], [-58.49712873462181, -37.57288122086664], [-58.49712873462181, -37.57155290349475], [-58.49646132143811, -37.57013603163139], [-58.49534896613194, -37.56907337773387], [-58.49356919764208, -37.568364941802194], [-58.493013019989, -37.568364941802194]]]}}, {"type": "Feature", "properties": {"id": "89", "area_ha": 49.25990928434893}, "geometry": {"type": "Polygon", "coordinates": [[[-58.53945788367291, -37.5640107238365], [-58.5375669812075, -37.5640107238365], [-58.53578730829888, -37.56480771425964], [-58.53478624228778, -37.56542759569987], [-58.53400763539025, -37.566844467563236], [-58.53400763539025, -37.56834989391807], [-58.5345637831742, -37.56950110230706], [-58.53534239007172, -37.5702980927302], [-58.537122062980345, -37.571095083153345], [-58.53901296544576, -37.57118363764481], [-58.5405701792408, -37.570829419678965], [-58.54179370436548, -37.569943874764355], [-58.54268354081979, -37.56896977535829], [-58.54290599993337, -37.5669330220547], [-58.542572311263, -37.566313140614476], [-58.541015097467955, -37.56454205078526], [-58.53945788367291, -37.5640107238365]]]}}, {"type": "Feature", "properties": {"id": "90", "area_ha": 49.510744733809084}, "geometry": {"type": "Polygon", "coordinates": [[[-58.54679057022873, -37.57032788461806], [-58.54534446949506, -37.57032788461806], [-58.54334217617153, -37.57094654821655], [-58.54211855247381, -37.57183035335724], [-58.54145112136597, -37.57306768055422], [-58.54145112136597, -37.574658529807465], [-58.54189607543786, -37.57563071546223], [-58.54311969913558, -37.576779662145135], [-58.545121992459116, -37.57748670625769], [-58.547235524300625, -37.57739832574362], [-58.548792863552265, -37.576691281631064], [-58.54968277169606, -37.57589585700444], [-58.550350202803905, -37.57448176877933], [-58.550350202803905, -37.57350958312456], [-58.54990524873201, -37.57200711438538], [-58.549460294660115, -37.57183035335724], [-58.54890410207024, -37.57112330924469], [-58.54679057022873, -37.57032788461806]]]}}, {"type": "Feature", "properties": {"id": "91", "area_ha": 37.28040635967622}, "geometry": {"type": "Polygon", "coordinates": [[[-58.562399347184986, -37.56076978718881], [-58.56073427758376, -37.56076978718881], [-58.55906920798254, -37.56138845078731], [-58.558181170861886, -37.56218387541396], [-58.55762614766148, -37.563509583125025], [-58.55784815694164, -37.56483529083609], [-58.55873619406229, -37.56598423751902], [-58.55995724510319, -37.56669128163159], [-58.56117829614409, -37.56695642317381], [-58.56251035182507, -37.566868042659735], [-58.563953412146134, -37.566337759575305], [-58.56484144926679, -37.56563071546274], [-58.565507477107275, -37.56421662723759], [-58.56539647246719, -37.56306768055467], [-58.564730444626704, -37.56191873387174], [-58.56339838894572, -37.561034928731026], [-58.562399347184986, -37.56076978718881]]]}}, {"type": "Feature", "properties": {"id": "92", "area_ha": 38.12641154862147}, "geometry": {"type": "Polygon", "coordinates": [[[-58.569456774493865, -37.55776978718893], [-58.568344583439476, -37.557858167703], [-58.56634263954158, -37.558653592329655], [-58.56556410580351, -37.55936063644223], [-58.565008010276316, -37.56050958312516], [-58.565008010276316, -37.561393388265884], [-58.565341667592634, -37.56174691032217], [-58.565675324908945, -37.5628958570051], [-58.566898735068776, -37.563779662145826], [-58.5681221452286, -37.56413318420211], [-58.570124089126494, -37.56413318420211], [-58.57056896554825, -37.56395642317397], [-58.57290456676246, -37.56210043237846], [-58.57279334765702, -37.55997930004073], [-58.57245969034071, -37.5594490169563], [-58.57101384197, -37.55821168975929], [-58.56967921270474, -37.557946548217075], [-58.569456774493865, -37.55776978718893]]]}}, {"type": "Feature", "properties": {"id": "93", "area_ha": 39.37161689623917}, "geometry": {"type": "Polygon", "coordinates": [[[-58.572733220582414, -37.55085816770328], [-58.57084639495088, -37.551211689759576], [-58.5695145180345, -37.55174197284402], [-58.56873758983328, -37.55253739747067], [-58.56818264111812, -37.553597963639554], [-58.568293630861156, -37.55492367135065], [-58.56895956931935, -37.55598423751953], [-58.56962550777753, -37.55660290111804], [-58.57140134366603, -37.55730994523063], [-58.57295520006847, -37.55730994523063], [-58.574509056470916, -37.55677966214619], [-58.575285984672135, -37.55624937906175], [-58.57617390261638, -37.55501205186472], [-58.57628489235942, -37.55342120261141], [-58.57584093338729, -37.55253739747067], [-58.57395410775575, -37.551211689759576], [-58.572733220582414, -37.55085816770328]]]}}, {"type": "Feature", "properties": {"id": "94", "area_ha": 70.72532059126604}, "geometry": {"type": "Polygon", "coordinates": [[[-58.58640036493323, -37.56849970816781], [-58.58584525975642, -37.56832294713967], [-58.58584525975642, -37.56947189382257], [-58.5852901545796, -37.57044407947733], [-58.58351381801379, -37.57168140667431], [-58.581959523518705, -37.571946548216516], [-58.581515439377256, -37.574156061068244], [-58.581515439377256, -37.5760120518637], [-58.5844019862967, -37.57875184779985], [-58.58584525975642, -37.57963565294054], [-58.593283669125746, -37.57397930004011], [-58.58695547011005, -37.56876484971002], [-58.58662240700396, -37.56876484971002], [-58.58640036493323, -37.569206752280365], [-58.58640036493323, -37.56849970816781]]]}}, {"type": "Feature", "properties": {"id": "95", "area_ha": 64.07670450278802}, "geometry": {"type": "Polygon", "coordinates": [[[-58.572564457171424, -37.57685816770223], [-58.57122948738954, -37.57774197284291], [-58.570339507534946, -37.57924444158207], [-58.57022826005312, -37.580305007750894], [-58.570673249980416, -37.58154233494785], [-58.571896972280484, -37.58277966214481], [-58.57456691184425, -37.58401698934176], [-58.574678159326076, -37.583840228313626], [-58.5752343967352, -37.5839286088277], [-58.57490065428973, -37.58454727242618], [-58.57567938666249, -37.584105369855834], [-58.577236851408024, -37.58490079448245], [-58.57768184133532, -37.58481241396838], [-58.57857182118991, -37.58525431653872], [-58.57923930608086, -37.584370511398035], [-58.57968429600815, -37.58269128163074], [-58.57957304852633, -37.58074691032124], [-58.58046302838092, -37.57950958312428], [-58.58001803845362, -37.57756521181477], [-58.577459346371676, -37.57632788461782], [-58.5771256039262, -37.57668140667409], [-58.574121921916955, -37.57641626513188], [-58.572564457171424, -37.57685816770223]]]}}, {"type": "Feature", "properties": {"id": "96", "area_ha": 80.51108501239669}, "geometry": {"type": "Polygon", "coordinates": [[[-58.64179035731403, -37.54979760153441], [-58.640900688052334, -37.54979760153441], [-58.638231680267246, -37.550504645646996], [-58.636229924428434, -37.55236063644253], [-58.63567388113987, -37.554570149294356], [-58.63611871577072, -37.55624937906175], [-58.63711959369013, -37.5573983257447], [-58.638676514898094, -37.55845889191358], [-58.640900688052334, -37.55898917499802], [-58.64356969583742, -37.558724033455796], [-58.64479299107225, -37.55828213088543], [-58.64623870362251, -37.557133184202485], [-58.64701716422649, -37.55589585700546], [-58.647128372884204, -37.55324444158326], [-58.64657232959564, -37.552183875414386], [-58.64479299107225, -37.55068140667514], [-58.64179035731403, -37.54979760153441]]]}}, {"type": "Feature", "properties": {"id": "97", "area_ha": 47.202978865430296}, "geometry": {"type": "Polygon", "coordinates": [[[-58.59690128707779, -37.52600217690859], [-58.5953448461083, -37.526797601535286], [-58.59078669755477, -37.53015606107023], [-58.59245431287923, -37.53254233495032], [-58.59345488207391, -37.53333775957702], [-58.596567764012896, -37.534309945231875], [-58.597012461432755, -37.534309945231875], [-58.600236517726714, -37.531923671351784], [-58.60012534337175, -37.53112824672508], [-58.59901359982211, -37.52900711438723], [-58.59912477417707, -37.528211689760525], [-58.59823537933736, -37.52697436256344], [-58.59690128707779, -37.52600217690859]]]}}, {"type": "Feature", "properties": {"id": "98", "area_ha": 1.074516038602943}, "geometry": {"type": "Polygon", "coordinates": [[[-58.64151115148906, -37.54068634415423], [-58.64128921071327, -37.54068634415423], [-58.640845329161685, -37.54103986621053], [-58.64073435877379, -37.54103986621053], [-58.640512417998, -37.54121662723868], [-58.640512417998, -37.54130500775276], [-58.6406233883859, -37.54139338826683], [-58.6406233883859, -37.54148176878091], [-58.64106726993748, -37.54183529083721], [-58.641178240325374, -37.54183529083721], [-58.64128921071327, -37.54192367135129], [-58.64140018110116, -37.54183529083721], [-58.64173309226485, -37.54183529083721], [-58.641955033040645, -37.54165852980906], [-58.641955033040645, -37.54148176878091], [-58.641844062652744, -37.54139338826683], [-58.641844062652744, -37.54130500775276], [-58.64173309226485, -37.54121662723868], [-58.64173309226485, -37.54112824672461], [-58.641622121876956, -37.54103986621053], [-58.641622121876956, -37.54086310518238], [-58.64151115148906, -37.54077472466831], [-58.64151115148906, -37.54068634415423]]]}}, {"type": "Feature", "properties": {"id": "99", "area_ha": 79.24585196658653}, "geometry": {"type": "Polygon", "coordinates": [[[-58.63473198862374, -37.54339084239704], [-58.63251237245688, -37.54321373341411], [-58.630736679523395, -37.54356795137997], [-58.62807314012316, -37.54551615019218], [-58.627407255273106, -37.54666735858122], [-58.627407255273106, -37.548615557393425], [-58.62829510173985, -37.55038664722271], [-58.62984883305665, -37.55153785561175], [-58.63162452599014, -37.55224629154346], [-58.63362218054031, -37.552334846034924], [-58.6353978734738, -37.551892073577605], [-58.637728470449, -37.55038664722271], [-58.6385053361074, -37.54932399332514], [-58.638838278532425, -37.54737579451293], [-58.63783945125734, -37.54507337773486], [-58.63661866236557, -37.54409927832875], [-58.63473198862374, -37.54339084239704]]]}}, {"type": "Feature", "properties": {"id": "100", "area_ha": 1463.731696273473}, "geometry": {"type": "Polygon", "coordinates": [[[-58.60847805039597, -37.54167959614941], [-58.59413020804127, -37.54167959614941], [-58.59635467972417, -37.54362396745898], [-58.58790168732916, -37.549722222929894], [-58.57789156475611, -37.541502835121264], [-58.55953967337219, -37.541502835121264], [-58.55953967337219, -37.55396448760532], [-58.566101864836746, -37.54998736447211], [-58.55909477903561, -37.55590885891489], [-58.55909477903561, -37.5611233092451], [-58.566101864836746, -37.56280253901245], [-58.56421106390628, -37.566337759575305], [-58.55909477903561, -37.565807476490875], [-58.560429462045356, -37.57093354630702], [-58.57700177608295, -37.56191873387174], [-58.577335446835384, -37.572259254018086], [-58.581339495864604, -37.57305467864472], [-58.585565992062115, -37.56722156471602], [-58.593017972199824, -37.57331982018694], [-58.5902373825962, -37.57667827972165], [-58.600692399505824, -37.58533957010064], [-58.606698473049654, -37.581450827481504], [-58.606698473049654, -37.57773884589051], [-58.612482099425186, -37.580478641826716], [-58.61515146544467, -37.572789537102516], [-58.604807672119186, -37.563509583125025], [-58.61159231075203, -37.564923671350165], [-58.61515146544467, -37.562449016956165], [-58.61515146544467, -37.55042926704247], [-58.60647602588136, -37.54671728545147], [-58.608144379643534, -37.55387610709125], [-58.60302809477287, -37.55458315120382], [-58.60503011928748, -37.55608561994303], [-58.600914846674115, -37.56076978718881], [-58.59579856180345, -37.55643914199932], [-58.60847805039597, -37.54167959614941]]]}}, {"type": "Feature", "properties": {"id": "101", "area_ha": 59.316999679010685}, "geometry": {"type": "Polygon", "coordinates": [[[-58.57756373707516, -37.56120288070367], [-58.57723004392476, -37.56182276214389], [-58.57734127497489, -37.56261975256704], [-58.578231123375964, -37.5644793968877], [-58.57845358547624, -37.56571915976814], [-58.57778619917543, -37.566604704682746], [-58.57734127497489, -37.56996977535824], [-58.576785119724214, -37.57165231069599], [-58.578564816526374, -37.57360050950811], [-58.579120971777044, -37.573777618491036], [-58.58012205122826, -37.57280351908497], [-58.58134559277974, -37.57333484603373], [-58.581568054880016, -37.57200652866183], [-58.584126369033115, -37.571032429255766], [-58.58523867953446, -37.56943844840948], [-58.58523867953446, -37.56793302205465], [-58.58457129323365, -37.56678181366567], [-58.57756373707516, -37.56120288070367]]]}}, {"type": "Feature", "properties": {"id": "102", "area_ha": 37.193674042741215}, "geometry": {"type": "Polygon", "coordinates": [[[-58.578066118111536, -37.5458581677035], [-58.576068436760615, -37.5458581677035], [-58.57506959608516, -37.5462116897598], [-58.5740707554097, -37.54691873387239], [-58.57329387932879, -37.54815606106943], [-58.573182897031515, -37.54903986621017], [-58.57351584392333, -37.550277193407204], [-58.57462566689607, -37.5513377595761], [-58.576179419057894, -37.551956423174616], [-58.57728924203062, -37.55204480368869], [-58.57895397648972, -37.551691281632394], [-58.58006379946245, -37.5509842375198], [-58.58095165784064, -37.54965852980869], [-58.58095165784064, -37.548244441583506], [-58.58061871094882, -37.54744901695683], [-58.579730852570634, -37.546565211816095], [-58.578066118111536, -37.5458581677035]]]}}, {"type": "Feature", "properties": {"id": "103", "area_ha": 23.06019719454172}, "geometry": {"type": "Polygon", "coordinates": [[[-58.58890566862399, -37.58288122086615], [-58.58601315639447, -37.58057880408825], [-58.585568154513005, -37.58057880408825], [-58.581118135698375, -37.58394387476365], [-58.580895634757645, -37.58438664722093], [-58.581340636639105, -37.58438664722093], [-58.58223064040203, -37.58500652866114], [-58.583454395576055, -37.58527219213551], [-58.58378814698715, -37.585537855609886], [-58.58601315639447, -37.58536074662697], [-58.587570662979594, -37.58474086518677], [-58.58879441815362, -37.58367821128927], [-58.58890566862399, -37.58288122086615]]]}}, {"type": "Feature", "properties": {"id": "104", "area_ha": 37.913834377091106}, "geometry": {"type": "Polygon", "coordinates": [[[-58.55539946011637, -37.566984823242485], [-58.55273513415185, -37.56689626875103], [-58.55095891684217, -37.56787036815709], [-58.550181821769186, -37.56893302205461], [-58.54995979460548, -37.570261339426516], [-58.550181821769186, -37.57114688434111], [-58.55051486251475, -37.57167821128987], [-58.55218006624258, -37.572829419678854], [-58.55428932429782, -37.573095083153234], [-58.55562148728008, -37.572829419678854], [-58.55706466384419, -37.57194387476426], [-58.55761973175346, -37.57123543883257], [-58.55795277249903, -37.56981856696921], [-58.557397704589754, -37.56831314061439], [-58.55673162309863, -37.56769325917417], [-58.55539946011637, -37.566984823242485]]]}}, {"type": "Feature", "properties": {"id": "105", "area_ha": 39.41082995207442}, "geometry": {"type": "Polygon", "coordinates": [[[-58.55734679905995, -37.57298482324225], [-58.55601190099241, -37.57298482324225], [-58.55434327840799, -37.57333904120809], [-58.55300838034045, -37.57431314061414], [-58.552452172812316, -37.57537579451164], [-58.552452172812316, -37.57696977535791], [-58.55289713883482, -37.577766765781035], [-58.554009553891106, -37.578740865187086], [-58.555344451958646, -37.579183637644384], [-58.55679059153181, -37.57927219213584], [-58.557569282071206, -37.57909508315292], [-58.56090652724005, -37.577323993323745], [-58.55957162917251, -37.573781813665384], [-58.55934914616125, -37.57387036815684], [-58.55734679905995, -37.57298482324225]]]}}, {"type": "Feature", "properties": {"id": "106", "area_ha": 48.84388731665298}, "geometry": {"type": "Polygon", "coordinates": [[[-58.5347917409859, -37.57127638731062], [-58.53278942077415, -37.5710992783277], [-58.53156578064474, -37.571364941802074], [-58.5304533805271, -37.571896268750834], [-58.52956346043298, -37.572604704682504], [-58.529007260374165, -37.5734902495971], [-58.528784780350634, -37.575084230443366], [-58.52945222042122, -37.576678211289625], [-58.5304533805271, -37.57747520171276], [-58.53223322071533, -37.578183637644436], [-58.534235540927085, -37.578183637644436], [-58.53557042106825, -37.57774086518714], [-58.53690530120942, -37.57676676578109], [-58.53757274128001, -37.57579266637504], [-58.53768398129177, -37.573844467562935], [-58.53746150126825, -37.57331314061418], [-58.53646034116237, -37.57207337773375], [-58.5347917409859, -37.57127638731062]]]}}, {"type": "Feature", "properties": {"id": "107", "area_ha": 49.216372103589485}, "geometry": {"type": "Polygon", "coordinates": [[[-58.528791596431496, -37.56598482324253], [-58.52812421013069, -37.56580771425961], [-58.52534343387732, -37.56589626875107], [-58.52423112337597, -37.56633904120837], [-58.52289635077435, -37.56757880408882], [-58.52245142657381, -37.56846434900342], [-58.52245142657381, -37.57014688434116], [-58.523230043924755, -37.57147520171307], [-58.5240086612757, -37.57209508315329], [-58.52534343387732, -37.572714964593516], [-58.52745682382988, -37.57289207357643], [-58.52868036538136, -37.57262641010205], [-58.53046006218352, -37.57147520171307], [-58.53112744848433, -37.57058965679847], [-58.5313499105846, -37.56899567595218], [-58.53112744848433, -37.568021576546116], [-58.53001513798298, -37.566693259174215], [-58.528791596431496, -37.56598482324253]]]}}, {"type": "Feature", "properties": {"id": "108", "area_ha": 64.00403720212935}, "geometry": {"type": "Polygon", "coordinates": [[[-58.51673362581816, -37.59039084239528], [-58.51573416800736, -37.590833614852556], [-58.5090711159354, -37.59561555739115], [-58.514512608460834, -37.600486054421204], [-58.52173091487214, -37.59534989391678], [-58.52173091487214, -37.59508423044242], [-58.51673362581816, -37.59039084239528]]]}}, {"type": "Feature", "properties": {"id": "109", "area_ha": 17.091069242706297}, "geometry": {"type": "MultiPolygon", "coordinates": [[[[-58.57273399566647, -37.633123309242144], [-58.57195621084753, -37.63391873386867], [-58.571511762379565, -37.63489091952331], [-58.571511762379565, -37.63710043237475], [-58.571622874496555, -37.63736557391693], [-58.57206732296452, -37.637542334945046], [-58.57206732296452, -37.63771909597316], [-58.5722895471985, -37.637542334945046], [-58.57251177143249, -37.6376307154591], [-58.57251177143249, -37.63745395443099], [-58.57273399566647, -37.63736557391693], [-58.57406734107037, -37.63877966214186], [-58.574511789538334, -37.63877966214186], [-58.5749562380063, -37.638514520599685], [-58.57528957435728, -37.63798423751533], [-58.575845134942234, -37.63648176877635], [-58.57640069552719, -37.63577472466388], [-58.57384511683639, -37.633741972840554], [-58.57328955625143, -37.633123309242144], [-58.57273399566647, -37.633123309242144]]], [[[-58.57251177143249, -37.6376307154591], [-58.57251177143249, -37.63816099854345], [-58.572845107783465, -37.63798423751533], [-58.57251177143249, -37.6376307154591]]]]}}, {"type": "Feature", "properties": {"id": "110", "area_ha": 99.28702824985314}, "geometry": {"type": "Polygon", "coordinates": [[[-58.5637972271196, -37.63111837176413], [-58.55010329623415, -37.640575086768315], [-58.55333194660551, -37.64402192681657], [-58.55466793986263, -37.64349164373222], [-58.55533593649119, -37.64402192681657], [-58.55589260034832, -37.64393354630251], [-58.56034591120538, -37.64075184779643], [-58.560679909519656, -37.64013318419803], [-58.561347906148214, -37.64013318419803], [-58.568361870748085, -37.635360636438904], [-58.568361870748085, -37.6347419728405], [-58.5637972271196, -37.63111837176413]]]}}, {"type": "Feature", "properties": {"id": "111", "area_ha": 60.458641981304204}, "geometry": {"type": "Polygon", "coordinates": [[[-58.512572150848534, -37.62189626874879], [-58.509789280956085, -37.62154205078299], [-58.50800824422492, -37.62242759569749], [-58.507006411063635, -37.62251615018894], [-58.50544800392387, -37.62349024959489], [-58.505670633515265, -37.62366735857779], [-58.50533668912817, -37.62455290349229], [-58.50533668912817, -37.626323993321286], [-58.505670633515265, -37.62720953823579], [-58.50689509626794, -37.628449301116085], [-58.509121392181896, -37.629423400522036], [-58.511459002891556, -37.62933484603058], [-58.51312872482702, -37.62889207357333], [-58.514687131966795, -37.62729809272724], [-58.515132391149585, -37.62650110230419], [-58.515355020740984, -37.62552700289824], [-58.51502107635389, -37.62402157654359], [-58.514241872784, -37.62287036815474], [-58.512572150848534, -37.62189626874879]]]}}, {"type": "Feature", "properties": {"id": "112", "area_ha": 62.354928471627794}, "geometry": {"type": "Polygon", "coordinates": [[[-58.50223262466143, -37.62874506035964], [-58.50089670332148, -37.629099278325434], [-58.49900414808988, -37.630427595697164], [-58.49822486064157, -37.63193302205178], [-58.4983361874199, -37.6337926663722], [-58.49867016775489, -37.634589656795235], [-58.5002287426515, -37.635917974166965], [-58.502343951439755, -37.63662641009855], [-58.50457048700634, -37.63671496459], [-58.50679702257293, -37.63574086518407], [-58.50779896357789, -37.63467821128668], [-58.50835559746954, -37.63326133942351], [-58.50824427069121, -37.631755913068886], [-58.507464983242905, -37.630427595697164], [-58.50601773512462, -37.62936494179978], [-58.50379119955804, -37.62865650586819], [-58.50223262466143, -37.62874506035964]]]}}, {"type": "Feature", "properties": {"id": "113", "area_ha": 62.26785396041293}, "geometry": {"type": "Polygon", "coordinates": [[[-58.54056843075497, -37.61339084239441], [-58.53912147466269, -37.613479396885865], [-58.537340605626035, -37.61418783281747], [-58.53567104090417, -37.615516150189244], [-58.53522582364501, -37.61675591306956], [-58.53522582364501, -37.618172784932774], [-58.53600495384855, -37.61967821128745], [-58.537340605626035, -37.62082941967631], [-58.539566691921856, -37.62144930111647], [-58.54201538684726, -37.62136074662502], [-58.54424147314308, -37.6199438747618], [-58.54479799471704, -37.61923543883019], [-58.54535451629099, -37.61773001247552], [-58.5452432119762, -37.61657880408666], [-58.54424147314308, -37.614896268749085], [-58.54212669116205, -37.61365650586877], [-58.54056843075497, -37.61339084239441]]]}}, {"type": "Feature", "properties": {"id": "114", "area_ha": 63.236394439674285}, "geometry": {"type": "Polygon", "coordinates": [[[-58.53595592080429, -37.60592216934343], [-58.53351230904798, -37.60609927832634], [-58.53240157643147, -37.6065420507836], [-58.531068697291666, -37.60751615018958], [-58.53018011119846, -37.608933022052824], [-58.53018011119846, -37.61070411188188], [-58.53073547750671, -37.61203242925367], [-58.532512649693125, -37.61344930111691], [-58.53484518818778, -37.61406918255708], [-58.536622360374196, -37.61389207357417], [-58.5388438256072, -37.61291797416819], [-58.53995455822371, -37.611589656796404], [-58.54017670474701, -37.61079266637333], [-58.54017670474701, -37.60911013103573], [-58.53951026517711, -37.607693259172486], [-58.537955239514, -37.60645349629215], [-58.53595592080429, -37.60592216934343]]]}}, {"type": "Feature", "properties": {"id": "115", "area_ha": 224.13241755504617}, "geometry": {"type": "Polygon", "coordinates": [[[-58.575067400650845, -37.67361975256329], [-58.56506138188102, -37.68061555738702], [-58.56617316174434, -37.68070411187846], [-58.56717376362132, -37.68150110230142], [-58.5696196793206, -37.6812354388271], [-58.570953815156585, -37.681943874758616], [-58.57195441703357, -37.68362641009597], [-58.57584564655516, -37.687168589753554], [-58.575067400650845, -37.687788471193635], [-58.57495622266451, -37.68885112509091], [-58.58151572385806, -37.694695721525925], [-58.590298784778234, -37.68867401610803], [-58.590854674709895, -37.68752280771932], [-58.575067400650845, -37.67361975256329]]]}}, {"type": "Feature", "properties": {"id": "116", "area_ha": 227.089091736381}, "geometry": {"type": "Polygon", "coordinates": [[[-58.57517291976248, -37.6738106034418], [-58.56583296160936, -37.679997239425184], [-58.565721771631345, -37.680881044565666], [-58.566722481433466, -37.68132294713591], [-58.566944861389494, -37.68096942507972], [-58.567167241345516, -37.681499708164004], [-58.57005818077387, -37.68132294713591], [-58.57105889057599, -37.6818532302202], [-58.576062439586586, -37.6871560610631], [-58.57517291976248, -37.68830500774573], [-58.57550648969652, -37.689188812886215], [-58.5819555084213, -37.69466840475721], [-58.590405946750316, -37.68892367134407], [-58.59129546657442, -37.68777472466144], [-58.5761736295646, -37.6739873644699], [-58.57517291976248, -37.6738106034418]]]}}, {"type": "Feature", "properties": {"id": "117", "area_ha": 75.20166900027668}, "geometry": {"type": "Polygon", "coordinates": [[[-58.59240101623457, -37.68991379638853], [-58.59106661053894, -37.68991379638853], [-58.58973220484331, -37.69026731844472], [-58.58806419772377, -37.69106274307114], [-58.5866185915535, -37.692211689753755], [-58.585840188231046, -37.694156061062785], [-58.58595138870569, -37.69557014928754], [-58.58628499012959, -37.69610043237182], [-58.58895380152086, -37.69848670625109], [-58.59028820721649, -37.698840228307276], [-58.59273461765848, -37.69866346727918], [-58.59440262477802, -37.6981331841949], [-58.59618183237219, -37.696807476484196], [-58.59707143616928, -37.69468634414707], [-58.59707143616928, -37.69327225592232], [-58.59595943142292, -37.691593026155424], [-58.594736226201924, -37.690620840500905], [-58.59240101623457, -37.68991379638853]]]}}, {"type": "Feature", "properties": {"id": "118", "area_ha": 87.086770205797}, "geometry": {"type": "Polygon", "coordinates": [[[-58.60357711660979, -37.682969425079655], [-58.59522119469384, -37.68897930003491], [-58.59544401927826, -37.69057014928777], [-58.59733802824588, -37.69295642316707], [-58.59978909867456, -37.69357508676541], [-58.601126046181115, -37.693486706251356], [-58.60290864285652, -37.69295642316707], [-58.604579827239704, -37.6917190959704], [-58.60580536245405, -37.69286804265302], [-58.60847925746715, -37.69428213087779], [-58.609481968097064, -37.693398325737306], [-58.60836784517494, -37.692160998540636], [-58.608256432882726, -37.69127719340016], [-58.61093032789583, -37.688890919520865], [-58.61093032789583, -37.687565211810146], [-58.60959338038928, -37.68827225592253], [-58.60703089766839, -37.68827225592253], [-58.60502547640856, -37.687476831296095], [-58.60346570431758, -37.685444079472994], [-58.60357711660979, -37.682969425079655]]]}}, {"type": "Feature", "properties": {"id": "119", "area_ha": 52.09950229528525}, "geometry": {"type": "Polygon", "coordinates": [[[-58.60934876143633, -37.679922169340564], [-58.6094601647157, -37.680364941797755], [-58.60923735815695, -37.68054205078063], [-58.60689788929014, -37.68054205078063], [-58.605672453217046, -37.681161932220704], [-58.604447017143954, -37.68204747713509], [-58.60366719418835, -37.6831986855238], [-58.60355579090898, -37.68505832984402], [-58.60422421058521, -37.6863866472156], [-58.60556104993768, -37.68744930111287], [-58.607120695848884, -37.6879806280615], [-58.6094601647157, -37.6879806280615], [-58.61113121390628, -37.6868294196728], [-58.61157682702377, -37.686740865181356], [-58.612468053258745, -37.68523543882689], [-58.612245246700006, -37.68302157654092], [-58.61101981062691, -37.681250486712145], [-58.60934876143633, -37.679922169340564]]]}}, {"type": "Feature", "properties": {"id": "120", "area_ha": 54.929419495308146}, "geometry": {"type": "Polygon", "coordinates": [[[-58.60880180972781, -37.67425048671243], [-58.60668534714002, -37.67380771425523], [-58.60534863392668, -37.67380771425523], [-58.604568884552236, -37.67345349628947], [-58.60334356410668, -37.67345349628947], [-58.59911063893111, -37.67619868552412], [-58.59911063893111, -37.67708423043852], [-58.59955621000223, -37.67734989391284], [-58.600113173841116, -37.678589656793], [-58.60178406535778, -37.67938664721596], [-58.60278660026779, -37.68071496458757], [-58.60390052794557, -37.68089207357045], [-58.60568281223002, -37.68071496458757], [-58.60746509651447, -37.679475201707405], [-58.60735370374669, -37.67929809272452], [-58.606573954372244, -37.679563756198846], [-58.60668534714002, -37.67867821128444], [-58.6077992748178, -37.67929809272452], [-58.61091827231559, -37.67673001247276], [-58.610472701244476, -37.676287240015554], [-58.6093587735667, -37.6759330220498], [-58.60880180972781, -37.67425048671243]]]}}, {"type": "Feature", "properties": {"id": "121", "area_ha": 75.55637217734584}, "geometry": {"type": "Polygon", "coordinates": [[[-58.554209048419715, -37.702235438826044], [-58.55855477250564, -37.70356375619758], [-58.564014784818724, -37.70400652865476], [-58.56512907304588, -37.70506918255199], [-58.56724622067749, -37.70542340051773], [-58.56969765477724, -37.70356375619758], [-58.566243361273045, -37.69851615018574], [-58.56368049835057, -37.69550529747693], [-58.55989191837823, -37.69780771425425], [-58.554209048419715, -37.702235438826044]]]}}, {"type": "Feature", "properties": {"id": "122", "area_ha": 49.74483016268861}, "geometry": {"type": "Polygon", "coordinates": [[[-58.42712081401473, -37.67031341600924], [-58.42578415484762, -37.67066833262977], [-58.42455888394444, -37.67146689502596], [-58.42366777783304, -37.67279783235294], [-58.423556389569114, -37.67439495714532], [-58.424113330888744, -37.67554843616203], [-58.425227213528, -37.676524456868485], [-58.4265638726951, -37.67714556095441], [-58.42767775533435, -37.67732301926467], [-58.428346084917905, -37.67776666504033], [-58.428123308390056, -37.67758920673007], [-58.428346084917905, -37.6774117484198], [-58.42923719102931, -37.6774117484198], [-58.43057385019641, -37.67679064433388], [-58.431019403252115, -37.67679064433388], [-58.43179912109959, -37.676258269403085], [-58.432578838947066, -37.67448368630045], [-58.432578838947066, -37.6732414781286], [-58.43179912109959, -37.67182181164649], [-58.43057385019641, -37.670845790940035], [-58.42901441450146, -37.67031341600924], [-58.42712081401473, -37.67031341600924]]]}}, {"type": "Feature", "properties": {"id": "123", "area_ha": 644.2518252419419}, "geometry": {"type": "Polygon", "coordinates": [[[-58.19904887381696, -37.67876954864882], [-58.19256040656788, -37.68988261229738], [-58.19882513356699, -37.69557250088545], [-58.20061505556674, -37.69539469186707], [-58.20083879581671, -37.69770620910597], [-58.19065861444315, -37.70570761493293], [-58.19334349744277, -37.7074857051167], [-58.19647586094233, -37.70570761493293], [-58.20486612031614, -37.71281997566801], [-58.20766287344074, -37.71273107115882], [-58.2065441721909, -37.71113078999343], [-58.20945279544049, -37.71299778468639], [-58.21023588631538, -37.71193093057612], [-58.20632043194093, -37.70650775551563], [-58.209676535690456, -37.706152137478874], [-58.20732726306579, -37.70552980591456], [-58.21068336681532, -37.70588542395131], [-58.215158171814686, -37.70295157514809], [-58.22612144406313, -37.712464357631255], [-58.2333930021871, -37.707130087079946], [-58.20844596431563, -37.68481505527364], [-58.20732726306579, -37.68605971840228], [-58.2072153929408, -37.683748201163375], [-58.20184562694156, -37.6789473576672], [-58.19904887381696, -37.67876954864882]]]}}, {"type": "Feature", "properties": {"id": "124", "area_ha": 79.23694816336366}, "geometry": {"type": "Polygon", "coordinates": [[[-58.21288618641269, -37.708883315210386], [-58.21310997195357, -37.70950564677469], [-58.21221482979006, -37.7119060685227], [-58.2091937249882, -37.714306490270715], [-58.208522368365564, -37.71617348496361], [-58.21456457796928, -37.72132994649638], [-58.221613822506946, -37.71617348496361], [-58.21344565026489, -37.708883315210386], [-58.21288618641269, -37.708883315210386]]]}}, {"type": "Feature", "properties": {"id": "125", "area_ha": 67.22292852396164}, "geometry": {"type": "Polygon", "coordinates": [[[-58.21178823640564, -37.75575030990164], [-58.21100451075027, -37.75610592793835], [-58.210220785094904, -37.75717278204848], [-58.20865333378416, -37.75832854066778], [-58.20630215681806, -37.75921758575956], [-58.21156431478982, -37.76339609769089], [-58.21223607963728, -37.765263092383606], [-58.212571962061006, -37.765529805911136], [-58.21380353094801, -37.76535199689278], [-58.21380353094801, -37.766063232966204], [-58.21313176610055, -37.76597432845703], [-58.21425137417965, -37.76668556453044], [-58.2148111782192, -37.7657076149295], [-58.21548294306666, -37.765263092383606], [-58.21525902145084, -37.764729665328545], [-58.216826472761575, -37.76357390670924], [-58.21772215922485, -37.76224033907158], [-58.21794608084067, -37.76001772634215], [-58.21738627680112, -37.75841744517696], [-58.21559490387457, -37.756728259502594], [-58.21357960933219, -37.75592811892], [-58.21178823640564, -37.75575030990164]]]}}, {"type": "Feature", "properties": {"id": "126", "area_ha": 45.583914874688766}, "geometry": {"type": "Polygon", "coordinates": [[[-58.222743821414944, -37.74851485361006], [-58.22185000174477, -37.74851485361006], [-58.22218518412109, -37.74878104107541], [-58.22196172920354, -37.75020070755729], [-58.22073272715704, -37.75117672826358], [-58.22017408986318, -37.75197529065963], [-58.21995063494563, -37.75304004052104], [-58.219280270193, -37.754193519537566], [-58.21983890748686, -37.75579064432967], [-58.21872163289914, -37.757387769121785], [-58.219280270193, -37.757920144052484], [-58.221291364450906, -37.757920144052484], [-58.22341418616758, -37.75729903996667], [-58.22531355296671, -37.755968102639905], [-58.22620737263689, -37.7543709778478], [-58.22643082755444, -37.752507665590336], [-58.225872190260574, -37.75099926995335], [-58.22453146075531, -37.74949087431635], [-58.222743821414944, -37.74851485361006]]]}}, {"type": "Feature", "properties": {"id": "127", "area_ha": 205.79372918050032}, "geometry": {"type": "Polygon", "coordinates": [[[-58.176058041648574, -37.7567282595026], [-58.16217490146777, -37.75939539477792], [-58.161167254196585, -37.75930649026874], [-58.16083137177286, -37.75823963615861], [-58.15680078268811, -37.758950872232035], [-58.157136665111835, -37.761262389470645], [-58.15635293945647, -37.76312938416336], [-58.157136665111835, -37.76295157514501], [-58.157136665111835, -37.76232924358077], [-58.15769646915138, -37.76241814808995], [-58.15769646915138, -37.76419623827349], [-58.15680078268811, -37.76544090140197], [-58.16430215681806, -37.77166421704438], [-58.165421764897154, -37.77175312155356], [-58.18031255234914, -37.76170691201653], [-58.179080983462136, -37.76028443986969], [-58.17784941457513, -37.760195535360516], [-58.176058041648574, -37.7567282595026]]]}}, {"type": "Feature", "properties": {"id": "128", "area_ha": 25.425718380294526}, "geometry": {"type": "Polygon", "coordinates": [[[-58.43557312005547, -37.75495892264051], [-58.43490404134821, -37.75478181365766], [-58.43334285769793, -37.75478181365766], [-58.43200470028341, -37.75531314060621], [-58.431335621576146, -37.755933022046186], [-58.43088956910464, -37.75681856696044], [-58.43088956910464, -37.75796977534897], [-58.431335621576146, -37.758766765771796], [-58.43245075275492, -37.75956375619462], [-58.4330083183443, -37.75974086517748], [-58.43423496264095, -37.75974086517748], [-58.43523858070184, -37.75956375619462], [-58.436130685644855, -37.75920953822892], [-58.43780338241301, -37.75761555738327], [-58.43635371188061, -37.75531314060621], [-58.43557312005547, -37.75495892264051]]]}}, {"type": "Feature", "properties": {"id": "129", "area_ha": 62.33557972764879}, "geometry": {"type": "Polygon", "coordinates": [[[-58.41588595104377, -37.749911316629266], [-58.413990228039864, -37.75115107950922], [-58.413544175568354, -37.75185951544062], [-58.413432662450475, -37.75345349628628], [-58.413767201804106, -37.754250486709104], [-58.41521687233651, -37.75549024958906], [-58.41577443792589, -37.75549024958906], [-58.41610897727952, -37.754870368149085], [-58.41655502975103, -37.754870368149085], [-58.42168463317336, -37.75929809272035], [-58.422353711880625, -37.75929809272035], [-58.42581061853481, -37.75681856696044], [-58.42547607918118, -37.756287240011886], [-58.42558759229905, -37.755578804080486], [-58.42402640864878, -37.754604704674804], [-58.423022790587886, -37.75327638730343], [-58.42090404134823, -37.752036624423475], [-58.42034647575884, -37.75097397052637], [-58.41956588393371, -37.750265534594966], [-58.418227726519184, -37.74982276213784], [-58.41588595104377, -37.749911316629266]]]}}, {"type": "Feature", "properties": {"id": "130", "area_ha": 401.0429025830692}, "geometry": {"type": "Polygon", "coordinates": [[[-58.41263218233926, -37.752036624423475], [-58.39598389090888, -37.763371599325914], [-58.39397268791729, -37.765939679577244], [-58.39620735790794, -37.767622214914326], [-58.39576042390981, -37.76399148076589], [-58.39799509390047, -37.763017381360214], [-58.40078843138878, -37.76346015381734], [-58.40201749988365, -37.76638245203437], [-58.40022976389112, -37.76806498737145], [-58.397436426402805, -37.76833065084573], [-58.40201749988365, -37.77196138499417], [-58.402464433881775, -37.76771076940575], [-58.405257771370096, -37.7664710065258], [-58.408051108858416, -37.76709088796578], [-58.40961537785187, -37.76895053228571], [-58.409168443853744, -37.77125294906276], [-58.407157240862155, -37.77266982092557], [-58.4039169693757, -37.77266982092557], [-58.40671030686402, -37.773201147874126], [-58.406486839864954, -37.77479512871978], [-58.40972711135141, -37.77656621854828], [-58.415872453825706, -37.77833730837679], [-58.4233585982944, -37.77337825685697], [-58.41922445881169, -37.76895053228571], [-58.42112392830375, -37.7671794424572], [-58.426598869780854, -37.76673667000007], [-58.42693407027945, -37.764434253223016], [-58.42805140527478, -37.764080035257315], [-58.41654285482291, -37.75531314060621], [-58.41464338533085, -37.755578804080486], [-58.41263218233926, -37.752036624423475]]]}}, {"type": "Feature", "properties": {"id": "131", "area_ha": 805.0122988608747}, "geometry": {"type": "Polygon", "coordinates": [[[-58.533436806620564, -37.73317032257257], [-58.527638673075124, -37.73724382917819], [-58.53042623727966, -37.73981190942956], [-58.535220847711464, -37.736535393246776], [-58.53968095043873, -37.7419372172238], [-58.535220847711464, -37.748136031623666], [-58.5302032321433, -37.74928724001221], [-58.52730416537058, -37.74423963400089], [-58.52540862171149, -37.747870368149385], [-58.53009172957512, -37.751678211280726], [-58.52228654980241, -37.75743425322346], [-58.516376913688795, -37.75194387475501], [-58.517380436802426, -37.74716193221797], [-58.51615390855243, -37.751412547806446], [-58.51102479041608, -37.7489330220465], [-58.5109132878479, -37.75265231068642], [-58.517157431666064, -37.76053366042339], [-58.52161753439332, -37.757522807714885], [-58.52641214482513, -37.76230475025192], [-58.53187577066602, -37.75814268915487], [-58.5349978425751, -37.76115354186338], [-58.52931121159785, -37.761950532286214], [-58.53109525268875, -37.76708669278896], [-58.53711639137055, -37.772399962274555], [-58.54715162250689, -37.772399962274555], [-58.544029550597806, -37.76938910956605], [-58.5494931764387, -37.766909583806104], [-58.54179949923417, -37.76752946524609], [-58.54168799666599, -37.76469572152044], [-58.54837815075688, -37.76053366042339], [-58.55417628430232, -37.769212000583195], [-58.566887577075015, -37.757788471189166], [-58.55662934080232, -37.7515896567893], [-58.55963991014322, -37.74973001246934], [-58.55596032539323, -37.75096977534932], [-58.533436806620564, -37.73317032257257]]]}}, {"type": "Feature", "properties": {"id": "132", "area_ha": 60.51185510589464}, "geometry": {"type": "Polygon", "coordinates": [[[-58.47534639557601, -37.73574506035553], [-58.46921458288149, -37.73981856696124], [-58.47099838293808, -37.74150110229838], [-58.47077540793101, -37.74220953822981], [-58.469883507902715, -37.74238664721267], [-58.468657145363814, -37.74194387475553], [-58.46888012037088, -37.74176676577267], [-58.4683226828532, -37.74150110229838], [-58.4683226828532, -37.742298092721235], [-58.47233623298052, -37.74592882686981], [-58.47300515800174, -37.74575171788695], [-58.474900445561865, -37.744334846024095], [-58.47601532059723, -37.7430950831441], [-58.48047482073869, -37.74043844840124], [-58.480140358228084, -37.73981856696124], [-58.47534639557601, -37.73574506035553]]]}}, {"type": "Feature", "properties": {"id": "133", "area_ha": 63.55462127761156}, "geometry": {"type": "Polygon", "coordinates": [[[-58.52667727585246, -37.780479396879535], [-58.52500394555319, -37.780656505862375], [-58.52310750454735, -37.78145349628515], [-58.521991951014506, -37.7825161501822], [-58.5213226188948, -37.78393302204491], [-58.5213226188948, -37.785261339416216], [-58.52221506172107, -37.7869438747532], [-58.523776836667054, -37.78809508314166], [-58.525673277672894, -37.78862641009018], [-58.528127495445155, -37.78844930110734], [-58.52968927039114, -37.78774086517598], [-58.5306932685707, -37.7869438747532], [-58.53158571139698, -37.78508423043338], [-58.53147415604369, -37.783578804079234], [-58.530581713217416, -37.7820733777251], [-58.52879682756486, -37.780922169336634], [-58.52667727585246, -37.780479396879535]]]}}, {"type": "Feature", "properties": {"id": "134", "area_ha": 32.131171872590855}, "geometry": {"type": "Polygon", "coordinates": [[[-58.3890678743043, -37.71178104107685], [-58.386387754980746, -37.713733082489576], [-58.386387754980746, -37.71391054079982], [-58.3902962623276, -37.71710479038429], [-58.39118963543546, -37.718258269400906], [-58.39297638165117, -37.71985539419314], [-58.39375808312054, -37.719766665038016], [-58.395991515890174, -37.71834699855603], [-58.39610318752866, -37.71781462362529], [-58.39297638165117, -37.715241478126686], [-58.39063127724305, -37.71275706178321], [-58.38962623249672, -37.711958499387094], [-58.3890678743043, -37.71178104107685]]]}}, {"type": "Feature", "properties": {"id": "135", "area_ha": 192.15661618249968}, "geometry": {"type": "Polygon", "coordinates": [[[-58.23686847185815, -37.65089133429086], [-58.23507937013704, -37.66526545742246], [-58.2377630227187, -37.66783860292132], [-58.23273117412809, -37.67138776912665], [-58.237651203861134, -37.67573549772819], [-58.25028673476644, -37.665886561508394], [-58.24614943703639, -37.662248666147924], [-58.24514306731827, -37.66260358276846], [-58.24436033531528, -37.66207120783766], [-58.243689422169865, -37.65834458332206], [-58.24257123359418, -37.657279833460464], [-58.242683052451746, -37.65674745852966], [-58.24346578445473, -37.657368562615595], [-58.243913059885, -37.657013645995065], [-58.23686847185815, -37.65089133429086]]]}}, {"type": "Feature", "properties": {"id": "136", "area_ha": 400.70232415600054}, "geometry": {"type": "Polygon", "coordinates": [[[-58.23672015651681, -37.65101364599522], [-58.2349347348957, -37.66503285250646], [-58.237501278476046, -37.667872185470756], [-58.23560426800362, -37.669025664487506], [-58.234711557193066, -37.66840456040156], [-58.23247978016668, -37.671332622521], [-58.23772445617869, -37.676035267743124], [-58.23247978016668, -37.679939350569036], [-58.23627380111154, -37.68339978761927], [-58.253012128809445, -37.68339978761927], [-58.25535549468715, -37.678963329862555], [-58.25178465144493, -37.67576908027772], [-58.25011081867514, -37.67568035112259], [-58.248213808202706, -37.67195372660694], [-58.25066876293174, -37.672308643227474], [-58.25390483962, -37.669203122797775], [-58.25055717408042, -37.66707362307455], [-58.24163006597487, -37.67319593477882], [-58.25022240752646, -37.66609760236807], [-58.24620520887896, -37.662370977852426], [-58.24408502070389, -37.66183860292162], [-58.24263436563674, -37.65749087432003], [-58.243861843001255, -37.657135957699495], [-58.23672015651681, -37.65101364599522]]]}}, {"type": "Feature", "properties": {"id": "137", "area_ha": 72.65240827211976}, "geometry": {"type": "Polygon", "coordinates": [[[-58.21518714963048, -37.703320604027155], [-58.21138305214764, -37.70580502037066], [-58.211159281707474, -37.70624866614629], [-58.21272567478864, -37.70802324924879], [-58.21317321566898, -37.709531644885914], [-58.213396986109146, -37.70846689502441], [-58.2137326417694, -37.708733082489786], [-58.213508871329225, -37.70908799911029], [-58.21406829742965, -37.708999269955164], [-58.22156460717524, -37.71565395658954], [-58.222124033275655, -37.715831414899796], [-58.226040015978576, -37.71281462362554], [-58.21518714963048, -37.703320604027155]]]}}, {"type": "Feature", "properties": {"id": "138", "area_ha": 61.9020438460986}, "geometry": {"type": "Polygon", "coordinates": [[[-58.385521479497726, -37.801805020367155], [-58.37858931466597, -37.80650766558784], [-58.37870112377616, -37.80712876967359], [-58.38317348818374, -37.8122750606698], [-58.39021746212569, -37.80757241544912], [-58.385521479497726, -37.801805020367155]]]}}, {"type": "Feature", "properties": {"id": "139", "area_ha": 24.841006690962995}, "geometry": {"type": "Polygon", "coordinates": [[[-58.409061552329966, -37.81327638730105], [-58.40794330978172, -37.814339041198025], [-58.408055134036545, -37.81487036814651], [-58.40839060680102, -37.81504747712933], [-58.40894972807514, -37.816021576534894], [-58.41006797062339, -37.81708423043186], [-58.412863576994006, -37.81894387475156], [-58.413310874013305, -37.81894387475156], [-58.41409364379708, -37.81850110229448], [-58.41621830463875, -37.816907121449034], [-58.41588283187428, -37.81655290348338], [-58.41498823783568, -37.81619868551772], [-58.41353452252296, -37.814781813655095], [-58.412304455719884, -37.81398482323237], [-58.41017979487821, -37.81318783280964], [-58.409061552329966, -37.81327638730105]]]}}, {"type": "Feature", "properties": {"id": "140", "area_ha": 34.826577585202976}, "geometry": {"type": "Polygon", "coordinates": [[[-58.350956139102024, -37.82489374952142], [-58.34793635234188, -37.82702324924389], [-58.3478245083878, -37.8274668950194], [-58.35039691933163, -37.829773853052075], [-58.35062060723979, -37.830572415447996], [-58.352745642367296, -37.83270191517047], [-58.3533048621377, -37.83270191517047], [-58.35375223795401, -37.832080811084744], [-58.35475883354073, -37.83163716530923], [-58.356883868668234, -37.830128769672484], [-58.356883868668234, -37.82986258220718], [-58.35408776981625, -37.827378165864296], [-58.35308117422954, -37.82622468684796], [-58.351627202826506, -37.82507120783163], [-58.350956139102024, -37.82489374952142]]]}}, {"type": "Feature", "properties": {"id": "141", "area_ha": 95.6899051379188}, "geometry": {"type": "Polygon", "coordinates": [[[-58.47757491295249, -37.83205167230694], [-58.47199291294307, -37.83594806992896], [-58.47299767294477, -37.83612517891178], [-58.47299767294477, -37.836745060351646], [-58.47322095294515, -37.83621373340319], [-58.473779152946086, -37.83798482323138], [-58.473109312944956, -37.83842759568843], [-58.47165799294251, -37.83842759568843], [-58.470764872941004, -37.837187832808695], [-58.471434712942134, -37.83639084238601], [-58.46942519293874, -37.83771915975715], [-58.46942519293874, -37.83842759568843], [-58.471434712942134, -37.8400215765338], [-58.47132307294194, -37.84108423043072], [-58.47567703294929, -37.84489207356133], [-58.48483151296474, -37.838781813654066], [-58.47757491295249, -37.83205167230694]]]}}, {"type": "Feature", "properties": {"id": "142", "area_ha": 104.61019125443289}, "geometry": {"type": "Polygon", "coordinates": [[[-58.48527129412858, -37.82113603162048], [-58.48281581326293, -37.82087036814624], [-58.479913881330795, -37.819453496283636], [-58.477681625998386, -37.820427595689175], [-58.476565498332185, -37.81936494179222], [-58.471319698301016, -37.81874506035233], [-58.47031518340143, -37.81954205077505], [-58.47154292383426, -37.81927638730081], [-58.472435825967224, -37.8198962687407], [-58.47254743873384, -37.821490249586134], [-58.47076163446791, -37.82228724000885], [-58.46886421743537, -37.82131314060331], [-58.470873247234536, -37.82388122085428], [-58.47143131106764, -37.82627219212243], [-58.46908744296861, -37.82733484601939], [-58.468529379135504, -37.82520953822548], [-58.467190025936056, -37.82441254780276], [-58.46462293230378, -37.82627219212243], [-58.47009195786819, -37.83114268915015], [-58.47098486000115, -37.831319798132974], [-58.4804719451639, -37.825032429242654], [-58.47846291536473, -37.82273001246591], [-58.479913881330795, -37.82157880407755], [-58.48281581326293, -37.82317278492298], [-58.4837087153959, -37.82228724000885], [-58.48393194092914, -37.822818566957324], [-58.48527129412858, -37.82113603162048]]]}}, {"type": "Feature", "properties": {"id": "143", "area_ha": 39.56563025523848}, "geometry": {"type": "Polygon", "coordinates": [[[-58.45992742602956, -37.82343844839722], [-58.45512807706488, -37.8191878328094], [-58.45490485153164, -37.8191878328094], [-58.448654536600884, -37.82352700288863], [-58.44831969830103, -37.82450110229417], [-58.448654536600884, -37.82485532025982], [-58.450105502566956, -37.82529809271689], [-58.45177969406626, -37.82529809271689], [-58.45289582173247, -37.825032429242654], [-58.45356549833219, -37.825386647208305], [-58.455016464298254, -37.825386647208305], [-58.45624420473108, -37.82512098373407], [-58.45836484729687, -37.82370411187146], [-58.459369362196455, -37.82352700288863], [-58.45970420049632, -37.82388122085428], [-58.45992742602956, -37.82343844839722]]]}}, {"type": "Feature", "properties": {"id": "144", "area_ha": 49.395360105364354}, "geometry": {"type": "Polygon", "coordinates": [[[-58.457672667993755, -37.81430228789543], [-58.454324466453265, -37.81651615018077], [-58.4538780395812, -37.81704747712925], [-58.45398964629921, -37.81740169509491], [-58.45789588142979, -37.82103242924287], [-58.462694970304504, -37.82492882686507], [-58.46358782404863, -37.82430894542517], [-58.46381103748467, -37.8225378555969], [-58.46302979045855, -37.82129809271711], [-58.46258336358648, -37.81934989390601], [-58.462694970304504, -37.81855290348329], [-58.461690509842356, -37.81704747712925], [-58.458788735173925, -37.81518783280956], [-58.45834230830186, -37.81439084238684], [-58.457672667993755, -37.81430228789543]]]}}, {"type": "Feature", "properties": {"id": "145", "area_ha": 1397.3503046198073}, "geometry": {"type": "Polygon", "coordinates": [[[-58.52629297327895, -37.91250283512126], [-58.4698427524313, -37.91250283512126], [-58.4698427524313, -37.93782941965937], [-58.52629297327895, -37.93782941965937], [-58.52629297327895, -37.91250283512126]]]}}, {"type": "Feature", "properties": {"id": "146", "area_ha": 89.06741618299743}, "geometry": {"type": "Polygon", "coordinates": [[[-58.49062121129968, -37.93830228789075], [-58.500235562701704, -37.94698062804702], [-58.50280684272782, -37.94565231067616], [-58.509179145401255, -37.940781813649686], [-58.50649607059139, -37.93821373339936], [-58.49062121129968, -37.93830228789075]]]}}, {"type": "Feature", "properties": {"id": "147", "area_ha": 1314.115935500391}, "geometry": {"type": "Polygon", "coordinates": [[[-58.485293743200025, -37.914502835121255], [-58.428842428185675, -37.914502835121255], [-58.428842428185675, -37.9383239933056], [-58.485069730045204, -37.93841254779699], [-58.485293743200025, -37.914502835121255]]]}}, {"type": "Feature", "properties": {"id": "148", "area_ha": 31.399989048412007}, "geometry": {"type": "Polygon", "coordinates": [[[-58.46293701584592, -37.93871915975305], [-58.46103653038419, -37.93871915975305], [-58.46081294385928, -37.939073377718614], [-58.460477564071915, -37.939073377718614], [-58.45969501123473, -37.93871915975305], [-58.45812990556036, -37.93942759568417], [-58.455782247048816, -37.939516150175564], [-58.455111487474085, -37.939073377718614], [-58.45499969421163, -37.93871915975305], [-58.45052796371344, -37.93871915975305], [-58.454328934636905, -37.94358965677954], [-58.455111487474085, -37.94412098372788], [-58.45846528534773, -37.94199567593451], [-58.46293701584592, -37.93871915975305]]]}}, {"type": "Feature", "properties": {"id": "149", "area_ha": 1746.6878792508294}, "geometry": {"type": "Polygon", "coordinates": [[[-58.48029066397398, -37.906502835121266], [-58.42384505023388, -37.906502835121266], [-58.42384505023388, -37.93811678854862], [-58.48029066397398, -37.93820534304001], [-58.48029066397398, -37.906502835121266]]]}}, {"type": "Feature", "properties": {"id": "150", "area_ha": 30.81465574521738}, "geometry": {"type": "Polygon", "coordinates": [[[-58.42179460171623, -37.94509927831302], [-58.42000573910716, -37.9461619322097], [-58.417881464758885, -37.947667358563315], [-58.417881464758885, -37.9478444675461], [-58.41877589606342, -37.94881856695138], [-58.42123558215089, -37.95076676576194], [-58.422353621281566, -37.9520065286414], [-58.422912640846896, -37.952183637624174], [-58.4242542878037, -37.951032429236115], [-58.426378562151974, -37.94961555737388], [-58.426378562151974, -37.949349893899715], [-58.42302444475997, -37.94589626873553], [-58.422018209542365, -37.94509927831302], [-58.42179460171623, -37.94509927831302]]]}}, {"type": "Feature", "properties": {"id": "151", "area_ha": 14.667195655947115}, "geometry": {"type": "Polygon", "coordinates": [[[-58.41123560809218, -37.95442759568354], [-58.410900159823, -37.95478181364909], [-58.40911110238741, -37.95593302203713], [-58.4113474241819, -37.95788122084767], [-58.411571056361346, -37.95823543881322], [-58.41347192988666, -37.95965231067542], [-58.414366458604455, -37.9591209837271], [-58.4150373551428, -37.95850110228738], [-58.415708251681146, -37.95823543881322], [-58.41190650463052, -37.954870368140476], [-58.41123560809218, -37.95442759568354]]]}}, {"type": "Feature", "properties": {"id": "152", "area_ha": 54.44232926082482}, "geometry": {"type": "Polygon", "coordinates": [[[-58.39651640164636, -37.973692311911655], [-58.39360260452431, -37.97582181163345], [-58.39192156772313, -37.976709103184206], [-58.38934397796132, -37.978838602906], [-58.39427501924479, -37.98309760234961], [-58.3968526090066, -37.98141174840318], [-58.401111235569594, -37.97786258220018], [-58.39651640164636, -37.973692311911655]]]}}, {"type": "Feature", "properties": {"id": "153", "area_ha": 87.44519244581609}, "geometry": {"type": "Polygon", "coordinates": [[[-58.372051252182956, -37.95797397051916], [-58.36656091244557, -37.961781813648784], [-58.3668970556948, -37.96249024957987], [-58.36656091244557, -37.96293302203681], [-58.36633681694608, -37.96213603161433], [-58.365888625947115, -37.96266735856265], [-58.36656091244557, -37.96328724000235], [-58.36700910344454, -37.96328724000235], [-58.36700910344454, -37.96381856695067], [-58.373507872929615, -37.96922039092525], [-58.38011869016443, -37.96443844839038], [-58.380230737914175, -37.96328724000235], [-58.37474039817678, -37.95832818848471], [-58.37418015942807, -37.95823963399332], [-58.37361992067936, -37.95859385195887], [-58.37305968193064, -37.95841674297609], [-58.37339582517987, -37.95877096094164], [-58.372611490931675, -37.95921373339857], [-58.372387395432185, -37.95868240645025], [-58.372051252182956, -37.95868240645025], [-58.372051252182956, -37.95797397051916]]]}}, {"type": "Feature", "properties": {"id": "154", "area_ha": 145.08042877810195}, "geometry": {"type": "Polygon", "coordinates": [[[-58.48568746994775, -37.87674506035011], [-58.478538631143074, -37.88188122085143], [-58.485799170554074, -37.88861136219799], [-58.48713957782995, -37.88816858974098], [-58.48780978146789, -37.88834569872378], [-58.49372991360301, -37.89357041371651], [-58.494288416634625, -37.89357041371651], [-58.497639434824315, -37.89144510592286], [-58.49529372209153, -37.88524629152471], [-58.49104909905126, -37.88099567593741], [-58.48613427237304, -37.87674506035011], [-58.48568746994775, -37.87674506035011]]]}}, {"type": "Feature", "properties": {"id": "155", "area_ha": 145.4674260840766}, "geometry": {"type": "Polygon", "coordinates": [[[-58.48599057580756, -37.87664565315092], [-58.47861803546991, -37.88178181365222], [-58.48599057580756, -37.88860050949013], [-58.487331037687134, -37.888157737033126], [-58.488001268626924, -37.88842340050733], [-58.494368462554895, -37.893736669991426], [-58.497943027567096, -37.89143425321498], [-58.49660256568752, -37.88744930110192], [-58.49515039865131, -37.884704111868466], [-58.48599057580756, -37.87664565315092]]]}}, {"type": "Feature", "properties": {"id": "156", "area_ha": 38.31953168019951}, "geometry": {"type": "Polygon", "coordinates": [[[-58.558128690481404, -37.85959302614866], [-58.55634191738243, -37.85959302614866], [-58.55477849092083, -37.8598581676907], [-58.55433179764609, -37.86021168974677], [-58.553885104371346, -37.86021168974677], [-58.55366175773398, -37.86100711437291], [-58.55299171782186, -37.861714158485036], [-58.55299171782186, -37.862863105167236], [-58.55355008441529, -37.86427719339149], [-58.55477849092083, -37.86533775955968], [-58.555895224107694, -37.86577966212975], [-58.55656526401981, -37.86569128161574], [-58.556676937338494, -37.86551452058771], [-58.55634191738243, -37.86498423750361], [-58.55678861065718, -37.86454233493354], [-58.557905343844034, -37.86445395441952], [-58.559245423668266, -37.86533775955968], [-58.56092052344855, -37.86516099853164], [-58.561255543404606, -37.8648958569896], [-58.561032196767236, -37.86418881287747], [-58.561255543404606, -37.86303986619527], [-58.56114387008592, -37.861714158485036], [-58.55958044362432, -37.86021168974677], [-58.558128690481404, -37.85959302614866]]]}}, {"type": "Feature", "properties": {"id": "157", "area_ha": 73.04467820086644}, "geometry": {"type": "Polygon", "coordinates": [[[-58.37126133565542, -37.90454205077163], [-58.3687981624892, -37.90587036814259], [-58.36868620007255, -37.90622458610817], [-58.36935797457243, -37.906844467547955], [-58.369246012155784, -37.90737579449633], [-58.36790246315603, -37.90905832983288], [-58.36532732757316, -37.91339749991133], [-58.36577517723975, -37.91392882685972], [-58.37070152357219, -37.91534569872207], [-58.37853889273744, -37.909766765764054], [-58.37126133565542, -37.90454205077163]]]}}, {"type": "Feature", "properties": {"id": "158", "area_ha": 53.38359250757428}, "geometry": {"type": "Polygon", "coordinates": [[[-58.329962983386615, -37.8446923119166], [-58.32906800124143, -37.845047228537], [-58.32302687176145, -37.849394957136866], [-58.32537619989255, -37.851524456859245], [-58.3254880726607, -37.85205683178984], [-58.325823690965144, -37.85205683178984], [-58.32761365525551, -37.85356522742653], [-58.328396764632544, -37.85356522742653], [-58.33477351241697, -37.84904004051646], [-58.329962983386615, -37.8446923119166]]]}}, {"type": "Feature", "properties": {"id": "159", "area_ha": 82.22582571123651}, "geometry": {"type": "Polygon", "coordinates": [[[-58.048012148851925, -37.710194832449254], [-58.04096299945817, -37.715173484963664], [-58.048571605153015, -37.721574609625044], [-58.04890727893367, -37.721574609625044], [-58.05562075454677, -37.71650705260145], [-58.048012148851925, -37.710194832449254]]]}}, {"type": "Feature", "properties": {"id": "160", "area_ha": 42.616165298875565}, "geometry": {"type": "Polygon", "coordinates": [[[-58.033639432616205, -37.780795113611795], [-58.0312828576645, -37.78070620910262], [-58.03016067911607, -37.78106182713931], [-58.02858962914827, -37.782306490267736], [-58.0281407577289, -37.78328443986864], [-58.0281407577289, -37.7847069120154], [-58.02858962914827, -37.785595957107134], [-58.02948737198702, -37.78648500219886], [-58.030946204099976, -37.787196238272244], [-58.03307834334199, -37.78728514278142], [-58.03453717545494, -37.78684062023555], [-58.03577157185822, -37.78595157514383], [-58.036332661132434, -37.784973625542925], [-58.036444878987275, -37.78328443986864], [-58.0359960075679, -37.782395394776906], [-58.03509826472916, -37.78150634968518], [-58.033639432616205, -37.780795113611795]]]}}, {"type": "Feature", "properties": {"id": "161", "area_ha": 1699.8832564078473}, "geometry": {"type": "Polygon", "coordinates": [[[-58.023842030421434, -37.76650283512127], [-57.98501202555033, -37.76650283512127], [-57.985573152788355, -37.81139961225311], [-58.024066481316645, -37.81139961225311], [-58.023842030421434, -37.76650283512127]]]}}, {"type": "Feature", "properties": {"id": "162", "area_ha": 1393.6555975942283}, "geometry": {"type": "Polygon", "coordinates": [[[-58.023932010058616, -37.76150283512127], [-57.99201325229697, -37.76150283512127], [-57.99257323050331, -37.8063996122536], [-58.024044005699885, -37.8063996122536], [-58.023932010058616, -37.76150283512127]]]}}, {"type": "Feature", "properties": {"id": "163", "area_ha": 1660.4084614004128}, "geometry": {"type": "Polygon", "coordinates": [[[-58.02394288107533, -37.756502835121275], [-57.986015811855786, -37.756502835121275], [-57.986464652911636, -37.801399612254066], [-58.02405509133929, -37.801399612254066], [-58.02394288107533, -37.756502835121275]]]}}, {"type": "Feature", "properties": {"id": "164", "area_ha": 81.22628444609533}, "geometry": {"type": "Polygon", "coordinates": [[[-58.10352443361324, -37.866217585754875], [-58.10262744803947, -37.86568415869993], [-58.10105772328538, -37.86550634968162], [-58.09870313615425, -37.863372641461844], [-58.09601217943295, -37.863017023425215], [-58.08894841803954, -37.8678178669197], [-58.0881635556625, -37.86870691201127], [-58.092087867547725, -37.871996378850085], [-58.09365759230182, -37.87101842924936], [-58.09444245467886, -37.87128514277683], [-58.09522731705591, -37.87208528335924], [-58.09769402738376, -37.871818569831774], [-58.09971224492473, -37.87119623826767], [-58.10072135369522, -37.87057390670357], [-58.100945600088664, -37.869684861612], [-58.10049710730178, -37.86879581652043], [-58.1006092304985, -37.868262389465485], [-58.102963817629636, -37.86692882182813], [-58.10352443361324, -37.866217585754875]]]}}, {"type": "Feature", "properties": {"id": "165", "area_ha": 4.329728116503317}, "geometry": {"type": "Polygon", "coordinates": [[[-58.141563627770694, -37.877728962410075], [-58.14145148935338, -37.87799567593754], [-58.14111507410144, -37.87826238946501], [-58.14111507410144, -37.87835129397416], [-58.14133935093607, -37.878529102992474], [-58.141563627770694, -37.87897362553825], [-58.14190004302263, -37.87924033906572], [-58.14212431985726, -37.87959595710234], [-58.14234859669188, -37.87977376612065], [-58.142460735109196, -37.88004047964811], [-58.142572873526504, -37.88004047964811], [-58.14279715036113, -37.88021828866642], [-58.14279715036113, -37.880307193175575], [-58.14324570403038, -37.8806628112122], [-58.14380639611694, -37.8806628112122], [-58.144254949786195, -37.88039609768473], [-58.1443670882035, -37.88039609768473], [-58.144030672951565, -37.87977376612065], [-58.14346998086501, -37.87924033906572], [-58.143021427195755, -37.878529102992474], [-58.14234859669188, -37.87799567593754], [-58.14234859669188, -37.87764005790092], [-58.14223645827457, -37.877551153391764], [-58.142012181439945, -37.877551153391764], [-58.141563627770694, -37.877728962410075]]]}}, {"type": "Feature", "properties": {"id": "166", "area_ha": 61.07642577913821}, "geometry": {"type": "Polygon", "coordinates": [[[-58.305740560138794, -37.97631341599708], [-58.30529227144201, -37.97720070754783], [-58.30103352882257, -37.98057241544067], [-58.30988723058404, -37.98838058108724], [-58.31055966362921, -37.988469310242316], [-58.3135856123325, -37.98633981052052], [-58.3135856123325, -37.9860736230553], [-58.308318220145296, -37.981637165301564], [-58.30943894188726, -37.98039495713052], [-58.30899065319047, -37.97897529064932], [-58.305740560138794, -37.97631341599708]]]}}, {"type": "Feature", "properties": {"id": "167", "area_ha": 191.76715762848244}, "geometry": {"type": "Polygon", "coordinates": [[[-58.280135878108226, -38.041263042177945], [-58.277892170311745, -38.04241652119373], [-58.26543959204127, -38.05173308247511], [-58.265663962820916, -38.052442915715595], [-58.27351694010861, -38.05900887319009], [-58.28821322617556, -38.04845010373786], [-58.280135878108226, -38.041263042177945]]]}}, {"type": "Feature", "properties": {"id": "168", "area_ha": 44.38433997358151}, "geometry": {"type": "Polygon", "coordinates": [[[-58.25985325077626, -38.02913595768484], [-58.258619565369344, -38.0292246868399], [-58.25738587996243, -38.029579603460164], [-58.25559142846146, -38.03091054078613], [-58.25514281558622, -38.031886561491845], [-58.25514281558622, -38.03321749881781], [-58.25559142846146, -38.03419351952353], [-58.25682511386837, -38.03534699853937], [-58.258507412150536, -38.03596810262482], [-58.26018971043269, -38.03596810262482], [-58.26131124262079, -38.03561318600456], [-58.26310569412176, -38.03428224867859], [-58.263666460215816, -38.03330622797288], [-58.263778613434624, -38.032330207267165], [-58.263330000559385, -38.03091054078613], [-58.26131124262079, -38.0294908743051], [-58.25985325077626, -38.02913595768484]]]}}, {"type": "Feature", "properties": {"id": "169", "area_ha": 2209.989786677381}, "geometry": {"type": "Polygon", "coordinates": [[[-58.16528874007807, -37.90150283512126], [-58.10884784982148, -37.90150283512126], [-58.10896005835082, -37.94159876874638], [-58.16528874007807, -37.94159876874638], [-58.16528874007807, -37.90150283512126]]]}}, {"type": "Feature", "properties": {"id": "170", "area_ha": 82.14293866711343}, "geometry": {"type": "Polygon", "coordinates": [[[-58.09329159101454, -37.873817866919424], [-58.09015188582578, -37.8712396361539], [-58.08869416555957, -37.8696393549891], [-58.08757284227787, -37.86910592793416], [-58.086339386668, -37.870261686553185], [-58.08118129957219, -37.87364005790111], [-58.077256668086235, -37.87666281121242], [-58.077256668086235, -37.87737404728567], [-58.079835711634146, -37.878085283358914], [-58.08106916724401, -37.878085283358914], [-58.082975416822904, -37.8793299464871], [-58.085666592698985, -37.8793299464871], [-58.09329159101454, -37.873817866919424]]]}}, {"type": "Feature", "properties": {"id": "171", "area_ha": 82.60126505891034}, "geometry": {"type": "Polygon", "coordinates": [[[-58.16514944850488, -37.813795113610446], [-58.16346876316998, -37.81450634968378], [-58.16369285454797, -37.813528400082944], [-58.16234830628006, -37.81397292262878], [-58.161563986457104, -37.813439495573775], [-58.16100375801214, -37.813528400082944], [-58.15271237702668, -37.81939609768795], [-58.15360874253862, -37.82072966532545], [-58.15898693561027, -37.82535269980212], [-58.15932307267725, -37.82393022765545], [-58.16033148387819, -37.82277446903628], [-58.160219438189195, -37.822241041981286], [-58.16212421490207, -37.82046295179795], [-58.16369285454797, -37.819929524742946], [-58.165933768327825, -37.81859595710545], [-58.167278316595734, -37.81735129397711], [-58.1662699053948, -37.815662108302945], [-58.166493996772786, -37.81503977673878], [-58.16514944850488, -37.813795113610446]]]}}, {"type": "Feature", "properties": {"id": "172", "area_ha": 54.111849510077434}, "geometry": {"type": "Polygon", "coordinates": [[[-58.161236331817754, -37.8344615459721], [-58.15888267072486, -37.8358840181187], [-58.15753772152892, -37.83695087222865], [-58.15720148422993, -37.83766210830195], [-58.15619277233297, -37.838195535356924], [-58.154511585838044, -37.840773766122645], [-58.15955514532283, -37.84281856983338], [-58.16033969902046, -37.84272966532422], [-58.16146049001708, -37.84192952474176], [-58.16314167651201, -37.841485002195945], [-58.16426246750863, -37.84086267063181], [-58.16482286300694, -37.84032924357683], [-58.16482286300694, -37.83979581652186], [-58.16549533760491, -37.83899567593939], [-58.165271179405586, -37.837484299283624], [-58.164710783907275, -37.83668415870116], [-58.162805439213024, -37.835439495572885], [-58.162469201914035, -37.835439495572885], [-58.161236331817754, -37.8344615459721]]]}}, {"type": "Feature", "properties": {"id": "173", "area_ha": 49.21652617125244}, "geometry": {"type": "Polygon", "coordinates": [[[-58.10057242102775, -37.81626168655533], [-58.09821936592795, -37.81803977673865], [-58.09687476301379, -37.81848429928448], [-58.096538612285244, -37.81883991732114], [-58.09452170791399, -37.81981786692197], [-58.09452170791399, -37.82017348495864], [-58.09676271277094, -37.82115143455947], [-58.09911576787073, -37.823196238270285], [-58.10102062199913, -37.82426309238028], [-58.10169292345622, -37.82435199688945], [-58.10606288292727, -37.82239609768779], [-58.10639903365581, -37.82195157514196], [-58.10292547612754, -37.81795087222948], [-58.10102062199913, -37.81626168655533], [-58.10057242102775, -37.81626168655533]]]}}, {"type": "Feature", "properties": {"id": "174", "area_ha": 157.68316350346123}, "geometry": {"type": "Polygon", "coordinates": [[[-57.87897581852034, -37.771189638374686], [-57.87661956234608, -37.77110055781698], [-57.87482431954664, -37.77190228283634], [-57.87246806337238, -37.77430745789446], [-57.8714582392977, -37.77626723016403], [-57.86865317242358, -37.77867240522214], [-57.8676433483489, -37.780186774703175], [-57.873365684772104, -37.78526436649252], [-57.87471211687168, -37.78446264147315], [-57.875273130246505, -37.781968385857326], [-57.876956170370974, -37.7827701108767], [-57.87785379177069, -37.78437356091544], [-57.879536831895166, -37.78553160816564], [-57.887278816467735, -37.77974137191463], [-57.886605600417944, -37.77893964689526], [-57.884249344243685, -37.77787068020277], [-57.88436154691865, -37.77626723016403], [-57.88155648004453, -37.77457469956758], [-57.88110766934467, -37.772704007855715], [-57.87976123724509, -37.77216952450947], [-57.87897581852034, -37.771189638374686]]]}}, {"type": "Feature", "properties": {"id": "175", "area_ha": 156.54258938683552}, "geometry": {"type": "Polygon", "coordinates": [[[-57.87870206992768, -37.771112046585195], [-57.87578460306464, -37.77129020770061], [-57.87264271567367, -37.774318946662646], [-57.871520613034036, -37.7762787189322], [-57.86792988458722, -37.77975286068276], [-57.867817674323256, -37.780643666259834], [-57.873540397785376, -37.78527585526059], [-57.87477471068897, -37.78447413024123], [-57.875223551744824, -37.781979874625435], [-57.87713112623219, -37.782959760760214], [-57.8780288083439, -37.78447413024123], [-57.87959975203938, -37.785454016376], [-57.887342260252844, -37.77975286068276], [-57.886668998669066, -37.778951135663405], [-57.884200372861876, -37.77779308841321], [-57.8844247933898, -37.776367799489904], [-57.88150732652676, -37.77449710777806], [-57.88105848547091, -37.77262641606621], [-57.87982417256731, -37.77218101327768], [-57.87870206992768, -37.771112046585195]]]}}, {"type": "Feature", "properties": {"id": "176", "area_ha": 33.99204923833411}, "geometry": {"type": "Polygon", "coordinates": [[[-57.94939501846155, -37.78747699391235], [-57.94535479299306, -37.7904166523166], [-57.94524256450782, -37.79077297454742], [-57.949058333005844, -37.79397987462479], [-57.95018061785821, -37.7942471162979], [-57.95242518756292, -37.7942471162979], [-57.952649644533395, -37.79380171350938], [-57.95231295907769, -37.79362355239397], [-57.95231295907769, -37.79299998849004], [-57.952088502107216, -37.79326723016315], [-57.95220073059245, -37.79353447183627], [-57.951864045136745, -37.793712632951674], [-57.95152735968104, -37.79299998849004], [-57.952649644533395, -37.7922873440284], [-57.95321078695957, -37.79246550514381], [-57.95276187301863, -37.79086205510513], [-57.95309855847434, -37.78925860506644], [-57.951078445740094, -37.787655155027764], [-57.95006838937297, -37.788100557816286], [-57.94939501846155, -37.78747699391235]]]}}, {"type": "Feature", "properties": {"id": "177", "area_ha": 49.80833827763656}, "geometry": {"type": "Polygon", "coordinates": [[[-57.95920073059245, -37.78498273829661], [-57.958302902710564, -37.78524997996973], [-57.95706838937297, -37.78640802721989], [-57.954150448756835, -37.78836779948939], [-57.95325262087494, -37.78961492729726], [-57.95302816390447, -37.79104021622053], [-57.95347707784541, -37.792287344028395], [-57.95482381966825, -37.793356310720846], [-57.95605833300584, -37.793801713509374], [-57.95863958816627, -37.79362355239396], [-57.96447546939854, -37.78952584673955], [-57.961894214238114, -37.78943676618184], [-57.9599863299891, -37.78845688004709], [-57.95920073059245, -37.78712067168153], [-57.95920073059245, -37.78542814108514], [-57.95942518756292, -37.78524997996973], [-57.95920073059245, -37.78498273829661]]]}}, {"type": "Feature", "properties": {"id": "178", "area_ha": 70.08412620000365}, "geometry": {"type": "Polygon", "coordinates": [[[-57.958068435547425, -37.83503159112194], [-57.95627161188618, -37.83512067167963], [-57.955148597097896, -37.83547699391041], [-57.95054423646596, -37.838951135660544], [-57.951330346817755, -37.839931021795195], [-57.95627161188618, -37.843672405218406], [-57.95705772223797, -37.84465229135306], [-57.957956134068596, -37.84429596912228], [-57.957956134068596, -37.8438505663338], [-57.95728232519563, -37.84393964689149], [-57.9571700237168, -37.84358332466071], [-57.95874224442039, -37.84349424410302], [-57.96053906808164, -37.84260343852606], [-57.96278509765819, -37.840910907929846], [-57.96312200209468, -37.840376424583674], [-57.96312200209468, -37.83930745789132], [-57.96256049470054, -37.838060330083586], [-57.96031446512398, -37.836635041160456], [-57.95930375181453, -37.835298832795026], [-57.958068435547425, -37.83503159112194]]]}}, {"type": "Feature", "properties": {"id": "179", "area_ha": 56.65702892745029}, "geometry": {"type": "Polygon", "coordinates": [[[-58.13373055419836, -38.00575030989253], [-58.13260713849144, -38.005572500874266], [-58.1330565047742, -38.005839214401654], [-58.13294416320351, -38.00672825949296], [-58.13069733178967, -38.0083285406573], [-58.12946157451206, -38.00752840007513], [-58.124855570113674, -38.01090677142208], [-58.12530493639644, -38.011618007495116], [-58.129124549799975, -38.0150852833512], [-58.12968625765344, -38.01499637884206], [-58.13361821262767, -38.01232924356816], [-58.13698845974843, -38.009751012803385], [-58.13687611817774, -38.00868415869382], [-58.13373055419836, -38.00575030989253]]]}}, {"type": "Feature", "properties": {"id": "180", "area_ha": 54.50679230333599}, "geometry": {"type": "Polygon", "coordinates": [[[-58.169910965720476, -38.00899497302027], [-58.16946158717699, -38.00899497302027], [-58.161934496573636, -38.01459595709545], [-58.162496219752995, -38.01530719316849], [-58.1663159373726, -38.017796519424124], [-58.1678887622748, -38.01761871040586], [-58.169910965720476, -38.01575171571414], [-58.17103441207918, -38.015396097677616], [-58.17339364943247, -38.01370691200415], [-58.172494892345505, -38.010684158693735], [-58.169910965720476, -38.00899497302027]]]}}, {"type": "Feature", "properties": {"id": "181", "area_ha": 92.8860847077826}, "geometry": {"type": "Polygon", "coordinates": [[[-58.2175710448976, -38.0775220416199], [-58.21588419404783, -38.0775220416199], [-58.21475962681465, -38.07645729175925], [-58.21093609822182, -38.07769949993001], [-58.208462050308825, -38.07938535387605], [-58.20801222341555, -38.0812486661322], [-58.20261430069627, -38.085152748954606], [-58.207449939798956, -38.089500477552285], [-58.209136790648735, -38.08861318600174], [-58.20823713686219, -38.08728224867592], [-58.20924924737205, -38.086483686280424], [-58.20902433392541, -38.08586258219504], [-58.20958661754201, -38.08541893641977], [-58.210373814605234, -38.08586258219504], [-58.209811530988645, -38.08683860290064], [-58.21048627132855, -38.08737097783097], [-58.211048554945144, -38.08728224867592], [-58.214309799921374, -38.08488656148944], [-58.21408488647474, -38.08391054078384], [-58.216671391111056, -38.08240214514791], [-58.217008761281015, -38.08036137458165], [-58.21813332851419, -38.07920789556594], [-58.21768350162092, -38.0784980623255], [-58.21813332851419, -38.07814314570528], [-58.2175710448976, -38.0775220416199]]]}}, {"type": "Feature", "properties": {"id": "182", "area_ha": 49.670067325933374}, "geometry": {"type": "Polygon", "coordinates": [[[-58.65368004915494, -37.551327884618814], [-58.65267915780474, -37.551151123590664], [-58.65056616495431, -37.55123950410474], [-58.64923164315404, -37.55176978718918], [-58.64789712135377, -37.5530071143862], [-58.6475634909037, -37.55406768055508], [-58.6475634909037, -37.55557014929432], [-58.64800833150379, -37.55654233494912], [-58.64923164315404, -37.55777966214614], [-58.65123342585444, -37.55813318420243], [-58.65434731005508, -37.55795642317429], [-58.65579304200537, -37.556807476491336], [-58.656571513055525, -37.55512824672395], [-58.65646030290551, -37.553979300041], [-58.65579304200537, -37.55274197284398], [-58.65368004915494, -37.551327884618814]]]}}, {"type": "Feature", "properties": {"id": "183", "area_ha": 47.82319163147859}, "geometry": {"type": "Polygon", "coordinates": [[[-58.56717832043296, -37.570858167702475], [-58.56606812498782, -37.57094654821655], [-58.56440283182012, -37.571565211815035], [-58.563403655919494, -37.57236063644166], [-58.56273753865241, -37.57395148569491], [-58.562848558196926, -37.575365573920024], [-58.56373671455303, -37.5768680426592], [-58.565402007720735, -37.577751847799895], [-58.5667342422549, -37.5780169893421], [-58.568954633145175, -37.577751847799895], [-58.569731769956775, -37.57739832574362], [-58.57006482859032, -37.576779662145135], [-58.571175024035455, -37.57580747649037], [-58.57150808266899, -37.57492367134967], [-58.57150808266899, -37.57350958312456], [-58.57084196540191, -37.572272255927594], [-58.56884361360066, -37.57112330924469], [-58.56862157451164, -37.571653592329106], [-58.56839953542261, -37.57130007027283], [-58.56784443770004, -37.57130007027283], [-58.56784443770004, -37.57103492873062], [-58.56717832043296, -37.570858167702475]]]}}, {"type": "Feature", "properties": {"id": "184", "area_ha": 100.11791380458821}, "geometry": {"type": "Polygon", "coordinates": [[[-58.6346197444964, -37.69372716040499], [-58.6335075897351, -37.6945225850314], [-58.63239543497381, -37.6945225850314], [-58.634508529020266, -37.694964487601624], [-58.63384123616349, -37.69522962914376], [-58.63395245163962, -37.69584829274208], [-58.633173943306716, -37.69584829274208], [-58.63406366711575, -37.696466956340394], [-58.633173943306716, -37.69620181479826], [-58.633062727830584, -37.69664371736848], [-58.63406366711575, -37.696820478396575], [-58.633173943306716, -37.69690885891062], [-58.632729081402196, -37.69761590302298], [-58.632729081402196, -37.69920675227579], [-58.6346197444964, -37.70230007026738], [-58.63384123616349, -37.70592367134323], [-58.634508529020266, -37.707249379053906], [-58.63584311473382, -37.70813318419436], [-58.63884593258931, -37.708663467278626], [-58.640291733778994, -37.7082215647084], [-58.64229361234932, -37.706542334941545], [-58.64307212068223, -37.703979300034234], [-58.64195996592093, -37.70168140666906], [-58.64262725877771, -37.70185816769715], [-58.64151510401641, -37.70088598204265], [-58.64140388854029, -37.699383513303886], [-58.640736595683514, -37.69920675227579], [-58.64140388854029, -37.69885323021961], [-58.639735656398344, -37.69779266405107], [-58.63873471711318, -37.69584829274208], [-58.63784499330415, -37.695759912228034], [-58.63828985520867, -37.69505286811567], [-58.63606554568608, -37.69505286811567], [-58.63639919211447, -37.69461096554544], [-58.636732838542855, -37.694964487601624], [-58.638067424256406, -37.69469934605949], [-58.63550946830543, -37.69443420451736], [-58.636287976638336, -37.69416906297522], [-58.63606554568608, -37.69381554091904], [-58.6346197444964, -37.69372716040499]]]}}, {"type": "Feature", "properties": {"id": "185", "area_ha": 269.93056864390604}, "geometry": {"type": "Polygon", "coordinates": [[[-58.594791648677806, -37.6700366244265], [-58.582650164278064, -37.67782941967327], [-58.58220460521753, -37.678626410096236], [-58.59356636126132, -37.689075840086225], [-58.60314588106294, -37.68261136221106], [-58.604036999184025, -37.681283044839454], [-58.60659896378213, -37.68022039094217], [-58.608492589789435, -37.68013183645073], [-58.60815842049403, -37.678980628062], [-58.61072038509214, -37.67694387475887], [-58.60916092838025, -37.67605832984446], [-58.6083812000243, -37.67428724001565], [-58.60437116847943, -37.67357880408412], [-58.60258893223727, -37.67393302204989], [-58.60136364482078, -37.67313603162692], [-58.5966852746851, -37.67269325916972], [-58.594791648677806, -37.6700366244265]]]}}, {"type": "Feature", "properties": {"id": "186", "area_ha": 264.93807642412366}, "geometry": {"type": "Polygon", "coordinates": [[[-58.60852387344501, -37.67462084050151], [-58.59707269521135, -37.673029991248605], [-58.59395975355561, -37.67055533685521], [-58.58217504585884, -37.67895148568996], [-58.59118034136297, -37.687259254010655], [-58.59395975355561, -37.689115244805706], [-58.60374328447368, -37.682133184195756], [-58.60407681393679, -37.68107261802716], [-58.605522108276965, -37.68098423751311], [-58.60796799100648, -37.67965852980236], [-58.610413873736, -37.67727225592301], [-58.610413873736, -37.676741972838705], [-58.609079755883535, -37.67621168975441], [-58.60852387344501, -37.67462084050151]]]}}, {"type": "Feature", "properties": {"id": "187", "area_ha": 40.01897323870581}, "geometry": {"type": "Polygon", "coordinates": [[[-58.53279191645526, -37.69659302615522], [-58.531454788620415, -37.69659302615522], [-58.53022908810514, -37.69694654821141], [-58.529226242229, -37.697653592323775], [-58.52855767831158, -37.698537397464236], [-58.528669105631145, -37.70074691031539], [-58.532011925218264, -37.703840228307], [-58.532680489135686, -37.703575086764864], [-58.53613473604238, -37.70118881288562], [-58.536469018001085, -37.69986310517493], [-58.53635759068152, -37.698979300034466], [-58.53591188140324, -37.69800711437996], [-58.53468618088796, -37.69703492872545], [-58.53279191645526, -37.69659302615522]]]}}, {"type": "Feature", "properties": {"id": "188", "area_ha": 69.5095404498967}, "geometry": {"type": "Polygon", "coordinates": [[[-58.5370090260089, -37.70116193221987], [-58.53622899268071, -37.70142759569418], [-58.53255169270493, -37.70408423043723], [-58.538234792667495, -37.70939749992335], [-58.538346226000094, -37.71001738136339], [-58.53912625932829, -37.71037159932913], [-58.53923769266089, -37.71090292627775], [-58.54001772598909, -37.711080035260615], [-58.53946055932609, -37.71143425322636], [-58.53979485932389, -37.71152280771779], [-58.54068632598468, -37.71116858975205], [-58.54458649262566, -37.70833484602612], [-58.54480935929086, -37.706475201705985], [-58.54402932596266, -37.70505832984302], [-58.541800659310674, -37.70373001247149], [-58.54146635931288, -37.70284446755714], [-58.540240592654285, -37.70169325916848], [-58.538903392663094, -37.70125048671131], [-58.5370090260089, -37.70116193221987]]]}}, {"type": "Feature", "properties": {"id": "189", "area_ha": 22.218279048230627}, "geometry": {"type": "Polygon", "coordinates": [[[-58.54078905090408, -37.70226731844426], [-58.540566175217776, -37.702532459986394], [-58.54067761306093, -37.70262084050044], [-58.5381145426684, -37.70430007026729], [-58.5381145426684, -37.70465359232347], [-58.54023186168831, -37.70633282209032], [-58.54257205639453, -37.70854233494144], [-58.54346355913976, -37.70907261802571], [-58.544355061884986, -37.708630715455485], [-58.544355061884986, -37.7084539544274], [-58.544800813257595, -37.70818881288526], [-58.544800813257595, -37.70633282209032], [-58.54457793757129, -37.70571415849201], [-58.54346355913976, -37.704565211809424], [-58.54190342933561, -37.70376978718302], [-58.54168055364931, -37.70306274307066], [-58.54078905090408, -37.70226731844426]]]}}, {"type": "Feature", "properties": {"id": "190", "area_ha": 36.67766284140795}, "geometry": {"type": "Polygon", "coordinates": [[[-58.57512659457285, -37.722807714253236], [-58.57312019891251, -37.7229848232361], [-58.57222846750791, -37.723339041201825], [-58.57111380325217, -37.72431314060756], [-58.57033353827315, -37.726084230436186], [-58.57055647112429, -37.726792666367636], [-58.57256286678464, -37.72856375619626], [-58.57356606461481, -37.72891797416198], [-58.575349527424, -37.72891797416198], [-58.57612979240302, -37.72874086517912], [-58.577801788786644, -37.727589656790514], [-58.57835912091452, -37.726615557384775], [-58.57835912091452, -37.72528724001331], [-58.57769032236107, -37.72404747713327], [-58.57702152380762, -37.723516150184686], [-58.57512659457285, -37.722807714253236]]]}}, {"type": "Feature", "properties": {"id": "191", "area_ha": 34.19631872472224}, "geometry": {"type": "Polygon", "coordinates": [[[-58.57506718108727, -37.61874506036001], [-58.57440062498888, -37.61918783281727], [-58.57340079084131, -37.61918783281727], [-58.57262314205986, -37.62025048671467], [-58.57195658596147, -37.620604704680474], [-58.571401122546156, -37.621224586120626], [-58.571067844496966, -37.62219868552658], [-58.57017910303245, -37.622641457983825], [-58.57006801034939, -37.622995675949625], [-58.57117893718003, -37.62441254781283], [-58.573845161573566, -37.62662641009909], [-58.57795559084693, -37.62396977535558], [-58.578288868896124, -37.62361555738978], [-58.57806668353, -37.62343844840688], [-58.57817777621306, -37.62308423044108], [-58.57851105426226, -37.623261339423976], [-58.57851105426226, -37.622995675949625], [-58.57795559084693, -37.62308423044108], [-58.57762231279774, -37.62202157654367], [-58.576289200600975, -37.621313140612074], [-58.57540045913646, -37.62042759569757], [-58.57506718108727, -37.61971915976597], [-58.57506718108727, -37.61874506036001]]]}}, {"type": "Feature", "properties": {"id": "192", "area_ha": 60.201809653488326}, "geometry": {"type": "Polygon", "coordinates": [[[-58.583844705191545, -37.62191379639101], [-58.583622507868746, -37.62217893793319], [-58.581622731963535, -37.622090557419135], [-58.57462351629528, -37.626774724664294], [-58.57517900960229, -37.62757014929083], [-58.5760677988935, -37.627746910318955], [-58.57573450290929, -37.62810043237519], [-58.5769565881847, -37.62863071545955], [-58.577623180153104, -37.62986804265638], [-58.58028954802673, -37.632165936021934], [-58.580511745349526, -37.6309286088251], [-58.58117833731793, -37.62986804265638], [-58.58628887574237, -37.625979300037756], [-58.58651107306517, -37.6245652118128], [-58.58628887574237, -37.62385816770033], [-58.583844705191545, -37.62191379639101]]]}}, {"type": "Feature", "properties": {"id": "193", "area_ha": 60.009071330868885}, "geometry": {"type": "Polygon", "coordinates": [[[-58.58284515747755, -37.62159302615823], [-58.58217858344504, -37.621681406672295], [-58.58040105269169, -37.622653592326955], [-58.57651270416874, -37.625393388262815], [-58.57595722580832, -37.62742614008619], [-58.5754017474479, -37.627602901114315], [-58.57562393879207, -37.62777966214243], [-58.576068321480406, -37.627602901114315], [-58.57595722580832, -37.62804480368461], [-58.576845991184996, -37.62848670625491], [-58.5775125652175, -37.62981241396581], [-58.58006776567544, -37.63193354630325], [-58.58028995701961, -37.631580024247015], [-58.579956670003355, -37.63140326321889], [-58.58040105269169, -37.631314882704835], [-58.58095653105212, -37.62998917499393], [-58.58628912331216, -37.625923671347174], [-58.586400218984245, -37.62397930003785], [-58.58595583629591, -37.62336063643943], [-58.58440049688673, -37.62203492872853], [-58.58351173151005, -37.62176978718635], [-58.583289540165886, -37.62203492872853], [-58.58284515747755, -37.62159302615823]]]}}, {"type": "Feature", "properties": {"id": "194", "area_ha": 113.97579695752768}, "geometry": {"type": "Polygon", "coordinates": [[[-58.59340069891021, -37.63000217690478], [-58.589067384666656, -37.633272255924936], [-58.58717850409895, -37.634244441579575], [-58.58495629166636, -37.636188812888854], [-58.587956278450356, -37.63910536985277], [-58.590511822747835, -37.64078459961988], [-58.591622928964135, -37.64219868784481], [-58.59284514580206, -37.64281735144321], [-58.594289583883246, -37.64290573195727], [-58.596289575072575, -37.642375448872926], [-58.59695623880235, -37.64122650219017], [-58.60017844682961, -37.63919375036683], [-58.60073399993776, -37.63857508676843], [-58.60028955745124, -37.63760290111378], [-58.60140066366753, -37.63716099854349], [-58.59340069891021, -37.63000217690478]]]}}, {"type": "Feature", "properties": {"id": "195", "area_ha": 25.959948952427357}, "geometry": {"type": "Polygon", "coordinates": [[[-58.605566633978746, -37.625565211812756], [-58.60423080251521, -37.62565359232682], [-58.60311760962893, -37.626095494897115], [-58.602338374608536, -37.62680253900959], [-58.601893097454024, -37.627686344150185], [-58.601893097454024, -37.62865852980484], [-58.602449693897164, -37.629719095973556], [-58.603451567494815, -37.63042614008603], [-58.60489871824698, -37.63077966214227], [-58.606011911133265, -37.63069128162821], [-58.607125104019545, -37.63024937905791], [-58.60779301975131, -37.629719095973556], [-58.60834961619445, -37.62883529083296], [-58.60834961619445, -37.62759796363613], [-58.60801565832857, -37.626890919523646], [-58.60701378473092, -37.62600711438306], [-58.605566633978746, -37.625565211812756]]]}}, {"type": "Feature", "properties": {"id": "196", "area_ha": 112.99800094254294}, "geometry": {"type": "Polygon", "coordinates": [[[-58.60495595866953, -37.625239634005084], [-58.603622702978456, -37.625593851970876], [-58.60228944728739, -37.62674506035971], [-58.601956133364624, -37.62630228790247], [-58.60162281944185, -37.62665650586826], [-58.60151171480093, -37.62639084239392], [-58.601289505519084, -37.62665650586826], [-58.60162281944185, -37.62692216934261], [-58.599067412700634, -37.627276387308406], [-58.597956366291406, -37.626833614851165], [-58.59417880850005, -37.62940169510318], [-58.59440101778189, -37.63019868552622], [-58.601400610160006, -37.63666316340198], [-58.60351159833753, -37.636751717893425], [-58.6107333999975, -37.6314384484065], [-58.61028898143381, -37.63046434900056], [-58.61040008607473, -37.62940169510318], [-58.609955667511045, -37.62887036815448], [-58.60640031900152, -37.625682406462325], [-58.60495595866953, -37.62550529747943], [-58.60495595866953, -37.625239634005084]]]}}, {"type": "Feature", "properties": {"id": "197", "area_ha": 111.01414666958475}, "geometry": {"type": "Polygon", "coordinates": [[[-58.606236506671344, -37.62570428353934], [-58.60412129788308, -37.6257926640534], [-58.60167210875984, -37.627118371764276], [-58.600447514198216, -37.62702999125022], [-58.59933424641493, -37.627383513306455], [-58.597886998296644, -37.62694161073616], [-58.59421321461178, -37.62959302615792], [-58.59621709662171, -37.63180253900938], [-58.60167210875984, -37.6366634672826], [-58.6037873175481, -37.6366634672826], [-58.6110235581395, -37.63136063643909], [-58.61057825102618, -37.63056521181256], [-58.61057825102618, -37.62932788461574], [-58.608908349351246, -37.62809055741892], [-58.607572428011295, -37.62641132765181], [-58.606236506671344, -37.62570428353934]]]}}, {"type": "Feature", "properties": {"id": "198", "area_ha": 36.981662074440266}, "geometry": {"type": "Polygon", "coordinates": [[[-58.55028936350277, -37.577123309244435], [-58.548623936142, -37.57721168975851], [-58.54718056576267, -37.57791873387105], [-58.54651439481837, -37.57853739746953], [-58.545959252364774, -37.57986310518056], [-58.546070280855496, -37.58110043237751], [-58.54651439481837, -37.58189585700413], [-58.547957765197694, -37.582956423172945], [-58.54929010708631, -37.58330994522922], [-58.55040039199349, -37.58330994522922], [-58.552065819354254, -37.58277966214481], [-58.55317610426143, -37.58189585700413], [-58.553731246715024, -37.58074691032124], [-58.553731246715024, -37.57959796363835], [-58.55295404728, -37.578272255927324], [-58.55195479086354, -37.57756521181478], [-58.55028936350277, -37.577123309244435]]]}}, {"type": "Feature", "properties": {"id": "199", "area_ha": 62.51940178887063}, "geometry": {"type": "Polygon", "coordinates": [[[-58.510125518178945, -37.572745060361775], [-58.50845687318546, -37.57256795137886], [-58.50612077019457, -37.57309927832761], [-58.50456336820064, -37.57416193222512], [-58.503673424204116, -37.57557880408846], [-58.50356218120455, -37.57726133942617], [-58.504007153202814, -37.578235438832216], [-58.506009527195005, -37.580095083152855], [-58.507566929188926, -37.58062641010161], [-58.50979178918025, -37.58062641010161], [-58.51101546217547, -37.58027219213577], [-58.5122391351707, -37.5795637562041], [-58.51357405116549, -37.57788122086638], [-58.51379653716462, -37.5765529034945], [-58.51312907916723, -37.57469325917387], [-58.51168292017287, -37.573364941801984], [-58.510125518178945, -37.572745060361775]]]}}, {"type": "Feature", "properties": {"id": "200", "area_ha": 90.74601199344207}, "geometry": {"type": "Polygon", "coordinates": [[[-58.51578940122043, -37.57739084239576], [-58.51211813569836, -37.57995892264804], [-58.50933687393921, -37.58252700290032], [-58.50933687393921, -37.58288122086615], [-58.517013156394455, -37.58934569874258], [-58.518904414390676, -37.58801738137071], [-58.5197944181536, -37.587840272387794], [-58.5204619209758, -37.587220390947586], [-58.52079567238689, -37.58730894543905], [-58.521351924738724, -37.58642340052447], [-58.52235317897201, -37.58624629154155], [-58.52201942756091, -37.586157737050094], [-58.52213067803128, -37.5857149645928], [-58.5240219360275, -37.58420953823802], [-58.516790655453725, -37.57783361485305], [-58.51578940122043, -37.57739084239576]]]}}, {"type": "Feature", "properties": {"id": "201", "area_ha": 98.55279570989805}, "geometry": {"type": "Polygon", "coordinates": [[[-58.50873414324102, -37.59606252502319], [-58.50218152558358, -37.60066735857881], [-58.502070464267355, -37.601818566967715], [-58.508623081924796, -37.6078402723866], [-58.509844756403304, -37.60863726280969], [-58.51695268064188, -37.603678211288255], [-58.51706374195811, -37.60332399332244], [-58.509622633770846, -37.59650529748047], [-58.50873414324102, -37.59606252502319]]]}}, {"type": "Feature", "properties": {"id": "202", "area_ha": 1482.997568712727}, "geometry": {"type": "Polygon", "coordinates": [[[-58.56417948336772, -37.61567994410416], [-58.551932713680216, -37.61550283512126], [-58.54447331759783, -37.62072755011666], [-58.5446959861376, -37.61550283512126], [-58.53166987656089, -37.61550283512126], [-58.53601191308646, -37.6194877872364], [-58.537793261404644, -37.627369136975226], [-58.527550508575096, -37.63055709866734], [-58.51786442709498, -37.629671553752864], [-58.52610316306657, -37.6213474315568], [-58.52454448328816, -37.61550283512126], [-58.51708508720577, -37.61691970698442], [-58.508178345614866, -37.622852857911404], [-58.508623682694406, -37.645080035264726], [-58.521315789461454, -37.63666735857721], [-58.528107179924525, -37.64295472746999], [-58.53233788218021, -37.64153785560683], [-58.532560550719985, -37.64472581729894], [-58.54124462377112, -37.64897643288842], [-58.53601191308646, -37.65101318619171], [-58.53901793837339, -37.653669820935136], [-58.53690258724555, -37.65552946525553], [-58.54647733445578, -37.650836077208815], [-58.54670000299556, -37.655440910764085], [-58.55415939907794, -37.66039996228515], [-58.56273213785919, -37.65437825686672], [-58.55271205356942, -37.64357460891012], [-58.559614778302375, -37.6442830448417], [-58.56395681482795, -37.63826133942327], [-58.56417948336772, -37.61567994410416]]]}}, {"type": "Feature", "properties": {"id": "203", "area_ha": 26.558616143158137}, "geometry": {"type": "Polygon", "coordinates": [[[-58.579123215188055, -37.61656521181314], [-58.57801015706964, -37.61656521181314], [-58.576897098951235, -37.61691873386938], [-58.57622926408019, -37.61727225592563], [-58.5754501233973, -37.6182444415803], [-58.57533881758546, -37.619481768777156], [-58.57589534664467, -37.62063071545995], [-58.576563181515716, -37.62116099854432], [-58.57767623963412, -37.621691281628685], [-58.57934582681173, -37.621691281628685], [-58.58012496749462, -37.62151452060056], [-58.58112671980119, -37.62089585700214], [-58.581794554672236, -37.62010043237559], [-58.58201716629591, -37.61957014929122], [-58.58190586048408, -37.61850958312249], [-58.58157194304855, -37.61780253901], [-58.580792802365664, -37.617095494897505], [-58.579123215188055, -37.61656521181314]]]}}, {"type": "Feature", "properties": {"id": "204", "area_ha": 178.50247449081243}, "geometry": {"type": "Polygon", "coordinates": [[[-58.54831929532136, -37.7278637106184], [-58.539065832527825, -37.73423963400125], [-58.54018070756319, -37.735479396881246], [-58.54084963258441, -37.73539084238982], [-58.54107260759148, -37.73397397052696], [-58.54218748262685, -37.73361975256125], [-58.542633432641, -37.73397397052696], [-58.54207599512331, -37.733176980104105], [-58.54241045763392, -37.73237998968125], [-58.54252194513746, -37.73299987112125], [-58.54374830767636, -37.732911316629824], [-58.544194257690506, -37.733885416035534], [-58.54475169520819, -37.73361975256125], [-58.54620103275417, -37.73494806993268], [-58.542633432641, -37.737339041201245], [-58.54274492014453, -37.73787036814982], [-58.550660532895634, -37.745043281955525], [-58.55277879546283, -37.746194490344095], [-58.555788958058315, -37.74424629153267], [-58.55545449554771, -37.74353785560124], [-58.55601193306539, -37.74300652865267], [-58.55746127061137, -37.74300652865267], [-58.55980250818563, -37.74141254780696], [-58.56069440821393, -37.7393757945041], [-58.54831929532136, -37.7278637106184]]]}}, {"type": "Feature", "properties": {"id": "205", "area_ha": 210.61982345632663}, "geometry": {"type": "Polygon", "coordinates": [[[-58.57779230263836, -37.72888104456411], [-58.56943119165567, -37.73453739746263], [-58.56853933981752, -37.73577472465919], [-58.57623156192159, -37.742668404754255], [-58.57634304340136, -37.74328706835254], [-58.580913784071896, -37.746910669428146], [-58.58057933963259, -37.747440952512385], [-58.58124822851121, -37.74885504073701], [-58.58169415443028, -37.7485898991949], [-58.58124822851121, -37.7485898991949], [-58.58169415443028, -37.74823637713874], [-58.58135970999098, -37.747264191484305], [-58.582586006268436, -37.747617713540464], [-58.583923784025664, -37.74717581097027], [-58.59161600612974, -37.74134269704367], [-58.57779230263836, -37.72888104456411]]]}}, {"type": "Feature", "properties": {"id": "206", "area_ha": 208.36435819788858}, "geometry": {"type": "Polygon", "coordinates": [[[-58.57794892290871, -37.728915511806925], [-58.56938093658477, -37.734848662732595], [-58.568824573836466, -37.73573420764687], [-58.58084200919991, -37.74671496458394], [-58.582956187643475, -37.74768906398964], [-58.58562672883536, -37.746272192126796], [-58.59196926416606, -37.74149024958969], [-58.57794892290871, -37.728915511806925]]]}}, {"type": "Feature", "properties": {"id": "207", "area_ha": 47.378135865188824}, "geometry": {"type": "Polygon", "coordinates": [[[-58.4996822900438, -37.6510733777305], [-58.49890278225638, -37.65089626874761], [-58.49723240842619, -37.65089626874761], [-58.49645290063877, -37.6510733777305], [-58.495339318085314, -37.65160470467916], [-58.494003019021164, -37.65293302205083], [-58.49366894425513, -37.65390712145672], [-58.49366894425513, -37.654881220862606], [-58.49411437727651, -37.65603242925139], [-58.49545067634066, -37.65727219213161], [-58.49656425889412, -37.657714964588834], [-58.499014140511726, -37.657803519080275], [-58.50023908132053, -37.6574493011145], [-58.50157538038468, -37.65656375620005], [-58.5023548881721, -37.655412547811274], [-58.502466246427446, -37.65399567594817], [-58.50213217166141, -37.65293302205083], [-58.50101858910795, -37.65169325917061], [-58.4996822900438, -37.6510733777305]]]}}, {"type": "Feature", "properties": {"id": "208", "area_ha": 74.91782636480315}, "geometry": {"type": "Polygon", "coordinates": [[[-58.49868494872685, -37.66094806993539], [-58.49556641353296, -37.66174506035836], [-58.49278200710985, -37.66351615018721], [-58.491890997054455, -37.664933022050285], [-58.49177962079753, -37.666792666370576], [-58.491445492026756, -37.66714688433635], [-58.491668244540605, -37.66758965679356], [-58.49077723448521, -37.66741254781067], [-58.49378439342217, -37.67024629153683], [-58.4980166911853, -37.670157737045386], [-58.50403100905922, -37.66581856696471], [-58.49868494872685, -37.66094806993539]]]}}, {"type": "Feature", "properties": {"id": "209", "area_ha": 127.65587412090558}, "geometry": {"type": "Polygon", "coordinates": [[[-58.47477660136051, -37.672250486712514], [-58.47544493995132, -37.67313603162692], [-58.474999380890786, -37.67393302204989], [-58.47611327854214, -37.67596977535302], [-58.476001888777, -37.67729809272463], [-58.480011920321864, -37.678980628062], [-58.48257388491997, -37.681371599330895], [-58.4839105621016, -37.68349690712547], [-58.485358629048356, -37.68455956102276], [-58.49337869213809, -37.67906918255344], [-58.48914588106295, -37.67499567594717], [-58.48725225505565, -37.67393302204989], [-58.48714086529052, -37.67322458611836], [-58.48569279834376, -37.67189626874675], [-58.483242223510786, -37.67198482323819], [-58.48279666445025, -37.67251615018684], [-58.48145998726862, -37.67198482323819], [-58.47477660136051, -37.672250486712514]]]}}, {"type": "Feature", "properties": {"id": "210", "area_ha": 72.26205802686266}, "geometry": {"type": "Polygon", "coordinates": [[[-58.49812073130479, -37.677364941797876], [-58.49589275582565, -37.67816193222083], [-58.494778768086086, -37.67913603162666], [-58.4942217742163, -37.68019868552394], [-58.49411037544235, -37.68196977535273], [-58.49511296440796, -37.68382941967295], [-58.49901192149644, -37.68719449034766], [-58.50046010555788, -37.686131836450386], [-58.50101709942766, -37.686043281958945], [-58.506030044255716, -37.681881220861285], [-58.50179689084536, -37.677807714255074], [-58.499457516592265, -37.677364941797876], [-58.49812073130479, -37.677364941797876]]]}}, {"type": "Feature", "properties": {"id": "211", "area_ha": 63.83035591303363}, "geometry": {"type": "Polygon", "coordinates": [[[-58.50712601574357, -37.6843649417976], [-58.50512064856615, -37.68427638730616], [-58.50300387210109, -37.68489626874623], [-58.50133273278657, -37.686313140609236], [-58.500664277060764, -37.687552903489376], [-58.500664277060764, -37.6892354388267], [-58.50133273278657, -37.69047520170683], [-58.50233541637528, -37.691449301112655], [-58.50411796497744, -37.6922462915356], [-58.50634615073013, -37.69242340051847], [-58.508351517907556, -37.691892073569846], [-58.509799838646806, -37.69091797416402], [-58.51069111294789, -37.68958965679245], [-58.510913931523156, -37.68799567594657], [-58.51024547579735, -37.6862245861178], [-58.50890856434573, -37.685073377729104], [-58.50712601574357, -37.6843649417976]]]}}, {"type": "Feature", "properties": {"id": "212", "area_ha": 130.85724918532645}, "geometry": {"type": "Polygon", "coordinates": [[[-58.18666389635974, -37.521817164020824], [-58.18365050282435, -37.52386196773291], [-58.18275764548053, -37.52617348497266], [-58.18141835946479, -37.52679581653721], [-58.181083537960866, -37.5275959571202], [-58.19202104042267, -37.53693093058842], [-58.19380675511031, -37.537108739606865], [-58.19324871927042, -37.5368420260792], [-58.19380675511031, -37.53630859902387], [-58.192467469094574, -37.535241744913215], [-58.19213264759065, -37.53373036825646], [-58.18990050423109, -37.532396800618145], [-58.19313711210244, -37.53150775552593], [-58.19525764829402, -37.52990747435995], [-58.19626211280581, -37.52786267064786], [-58.19603889846986, -37.52519553537123], [-58.19514604112604, -37.52359525420525], [-58.19302550493446, -37.52217278205771], [-58.18990050423109, -37.52137264147472], [-58.18666389635974, -37.521817164020824]]]}}, {"type": "Feature", "properties": {"id": "213", "area_ha": 54.169937977576026}, "geometry": {"type": "Polygon", "coordinates": [[[-58.481130397352345, -37.7408854160353], [-58.478231448104246, -37.74247939688098], [-58.47733946372021, -37.74380771425239], [-58.47678197348019, -37.74407337772667], [-58.47611298519217, -37.74389626874382], [-58.474552012520114, -37.74540169509808], [-58.47310253789606, -37.74619868552092], [-58.473437032040074, -37.74637579450378], [-58.47310253789606, -37.74664145797806], [-58.47756245981622, -37.75044930110943], [-58.47845444420025, -37.75027219212657], [-58.479346428584286, -37.75071496458371], [-58.48458683684047, -37.746995675943765], [-58.48458683684047, -37.74655290348663], [-58.482691370024405, -37.74522458611523], [-58.48191088368837, -37.74549024958951], [-58.481018899304345, -37.74487036814952], [-58.47800845200823, -37.74664145797806], [-58.47789695396023, -37.74628724001235], [-58.47856594224825, -37.74566735857236], [-58.47845444420025, -37.745047477132374], [-58.480461409064326, -37.74460470467523], [-58.479903918824306, -37.743719159760964], [-58.481130397352345, -37.74407337772667], [-58.48135339344835, -37.74354205077811], [-58.48191088368837, -37.743719159760964], [-58.48246837392839, -37.7431878328124], [-58.4825798719764, -37.74212517891527], [-58.481130397352345, -37.7408854160353]]]}}, {"type": "Feature", "properties": {"id": "214", "area_ha": 59.19122729968034}, "geometry": {"type": "Polygon", "coordinates": [[[-58.47367734080146, -37.76601072382865], [-58.46999676104532, -37.76849024958849], [-58.46843530296697, -37.76999567594268], [-58.4668738448886, -37.771058329839754], [-58.47222741544298, -37.775663163393745], [-58.47914244407572, -37.77088122085691], [-58.475907995199115, -37.76769325916568], [-58.47367734080146, -37.76601072382865]]]}}, {"type": "Feature", "properties": {"id": "215", "area_ha": 81.35649385846135}, "geometry": {"type": "Polygon", "coordinates": [[[-58.438346475758834, -37.750265534594966], [-58.43455502975102, -37.7528336148463], [-58.433216872336494, -37.75185951544063], [-58.43299384610074, -37.7524793968806], [-58.43254779362923, -37.75230228789775], [-58.429090886975054, -37.75469325916624], [-58.43087509686109, -37.75655290348617], [-58.43165568868622, -37.75540169509764], [-58.43310535921862, -37.75469325916624], [-58.43511259534041, -37.75460470467481], [-58.43667377899068, -37.75531314060621], [-58.4380119364052, -37.75761555738327], [-58.4361162134013, -37.75929809272035], [-58.432882332982864, -37.759829419668904], [-58.43689680522643, -37.763371599325914], [-58.443364566063295, -37.7587667657718], [-58.442583974238154, -37.75779266636612], [-58.443253052945416, -37.755490249589066], [-58.443030026709664, -37.75407337772626], [-58.438346475758834, -37.750265534594966]]]}}, {"type": "Feature", "properties": {"id": "216", "area_ha": 143.6969112595956}, "geometry": {"type": "Polygon", "coordinates": [[[-58.443558318076256, -37.75964565315468], [-58.4319593857732, -37.76770411187421], [-58.43552828802029, -37.7710691825483], [-58.4360859289964, -37.77124629153115], [-58.43720121094862, -37.77053785559976], [-58.439654831243494, -37.7725746089025], [-58.43932024665783, -37.77337159932531], [-58.44010094402439, -37.77461136220524], [-58.44054705680527, -37.77461136220524], [-58.44010094402439, -37.77425714423955], [-58.44077011319572, -37.773902926273855], [-58.44166233875749, -37.77425714423955], [-58.451811404522665, -37.76699567594282], [-58.443558318076256, -37.75964565315468]]]}}, {"type": "Feature", "properties": {"id": "217", "area_ha": 25.159657835470664}, "geometry": {"type": "Polygon", "coordinates": [[[-58.41944661741042, -37.769958922639866], [-58.418665867253544, -37.770667358571245], [-58.41799665283336, -37.77102157653693], [-58.41799665283336, -37.7712872400112], [-58.41743897414987, -37.7712872400112], [-58.415877473836105, -37.77243844839969], [-58.415877473836105, -37.7728812208568], [-58.4163236167829, -37.773323993313916], [-58.41665822399299, -37.77341254780534], [-58.41676975972968, -37.77367821127961], [-58.41755050988657, -37.77412098373672], [-58.41810818857005, -37.7748294196681], [-58.418442795780145, -37.77491797415952], [-58.41911201020033, -37.7756264100909], [-58.419892760357214, -37.775980628056594], [-58.42022736756731, -37.775892073565174], [-58.42022736756731, -37.77571496458233], [-58.42067351051409, -37.77553785559948], [-58.421119653460885, -37.77509508314237], [-58.42167733214437, -37.77491797415952], [-58.42323883245814, -37.77350110229676], [-58.423908046878324, -37.77314688433108], [-58.42022736756731, -37.77031314060555], [-58.41944661741042, -37.769958922639866]]]}}, {"type": "Feature", "properties": {"id": "218", "area_ha": 469.43732289488355}, "geometry": {"type": "Polygon", "coordinates": [[[-58.4131196297174, -37.75238838003548], [-58.39549650661524, -37.76381190942894], [-58.39426958032332, -37.76611432620591], [-58.395161890353805, -37.76753119806867], [-58.39850805296814, -37.76903662442284], [-58.39973497926006, -37.77107337772555], [-58.40542345570443, -37.77390712145106], [-58.40720807576541, -37.77355290348537], [-58.40665038199635, -37.7748812208567], [-58.40765423078065, -37.7756782112795], [-58.416131176070294, -37.778689063987855], [-58.41936579993082, -37.77603242924519], [-58.42059272622274, -37.776652310685144], [-58.423827350083265, -37.77319868551968], [-58.41936579993082, -37.769922169337065], [-58.421596575007044, -37.76744264357724], [-58.426838896436166, -37.767088425611554], [-58.42739659020522, -37.76452034536031], [-58.42828890023571, -37.76434323637747], [-58.423827350083265, -37.7600926207892], [-58.42237734628372, -37.760446838754895], [-58.416911947346975, -37.7556648962181], [-58.414904249778374, -37.75575345070952], [-58.4131196297174, -37.75238838003548]]]}}, {"type": "Feature", "properties": {"id": "219", "area_ha": 102.34454883468608}, "geometry": {"type": "Polygon", "coordinates": [[[-58.401908201946725, -37.77378104107445], [-58.399008037434385, -37.77617672826249], [-58.39588478334418, -37.7776851238994], [-58.39555014897737, -37.77821749883008], [-58.398450313489704, -37.78070191517323], [-58.40034657490162, -37.78087937348346], [-58.40201974673566, -37.78025826939767], [-58.40179665715779, -37.78274268574082], [-58.4024659258914, -37.78389616475728], [-58.404919911247994, -37.785138372928856], [-58.407039262237774, -37.785049643773746], [-58.41428967351862, -37.77999208193233], [-58.40949324759437, -37.77786258220963], [-58.407596986182455, -37.778128769674964], [-58.40614690392629, -37.77582181164204], [-58.40425064251438, -37.7741359576949], [-58.40268901546927, -37.7741359576949], [-58.401908201946725, -37.77378104107445]]]}}, {"type": "Feature", "properties": {"id": "220", "area_ha": 102.29304467596796}, "geometry": {"type": "Polygon", "coordinates": [[[-58.40210766243787, -37.773760108239976], [-58.39898423933065, -37.77632818849118], [-58.396307019524464, -37.77756795137107], [-58.39586081622343, -37.778276387302434], [-58.39887268850539, -37.78075591306221], [-58.400434400059, -37.78084446755363], [-58.40233076408838, -37.78022458611368], [-58.40199611161261, -37.782792666364884], [-58.402665416564155, -37.783855320261935], [-58.40511953471982, -37.78509508314182], [-58.40712744957447, -37.7850065286504], [-58.40824295782704, -37.7845637561933], [-58.41460135486673, -37.779870368148], [-58.412481889186836, -37.77925048670806], [-58.409693118555396, -37.77783361484533], [-58.40768520370075, -37.77809927831959], [-58.406235042972405, -37.77570830705123], [-58.40456178059354, -37.77420288069708], [-58.40210766243787, -37.773760108239976]]]}}, {"type": "Feature", "properties": {"id": "221", "area_ha": 133.2829935279307}, "geometry": {"type": "Polygon", "coordinates": [[[-58.379182382654015, -37.77688414626919], [-58.37884769847891, -37.78345010374737], [-58.37974018961252, -37.78717672826201], [-58.38096736492123, -37.788951311364215], [-58.385206697805884, -37.79063716531132], [-58.38699168007311, -37.79196810263797], [-58.390784767390954, -37.79125826939709], [-58.39558190723411, -37.7913469985522], [-58.39759001228474, -37.79019351953576], [-58.3942431705337, -37.78646689502113], [-58.3942431705337, -37.785135957694465], [-58.390784767390954, -37.78158679149005], [-58.38565294337269, -37.785135957694465], [-58.38531825919759, -37.7837162912127], [-58.379182382654015, -37.77688414626919]]]}}, {"type": "Feature", "properties": {"id": "222", "area_ha": 334.87130491982185}, "geometry": {"type": "Polygon", "coordinates": [[[-58.3104961116806, -37.68360470467781], [-58.310161232318976, -37.68643844840385], [-58.324002912599475, -37.69892463169668], [-58.32623544167697, -37.698039086782295], [-58.336058569617975, -37.70671742694327], [-58.336058569617975, -37.70547766406313], [-58.33483067862535, -37.705212000588816], [-58.335165557986976, -37.70414934669155], [-58.3395189896881, -37.70078427601689], [-58.3346074257176, -37.696356551444964], [-58.3372864606106, -37.69467401610763], [-58.33717483415673, -37.69361136221037], [-58.3386259780571, -37.69369991670181], [-58.3404120013191, -37.69237159933023], [-58.339742242595854, -37.691308945432965], [-58.343425915573725, -37.68803242924974], [-58.34387242138923, -37.68599567594666], [-58.342644530396605, -37.68617278492953], [-58.33561206380247, -37.680328188494585], [-58.33092375273972, -37.68342759569494], [-58.3310353791936, -37.684224586117885], [-58.31875646926735, -37.690866172975774], [-58.3104961116806, -37.68360470467781]]]}}, {"type": "Feature", "properties": {"id": "223", "area_ha": 184.3754229469696}, "geometry": {"type": "Polygon", "coordinates": [[[-58.24837724484984, -37.645368562615914], [-58.24558774900894, -37.64581220839159], [-58.24558774900894, -37.64820789558025], [-58.244137211171676, -37.64811916642512], [-58.243356152336226, -37.64705441656349], [-58.242351933833504, -37.647586791494305], [-58.241347715330775, -37.64714314571862], [-58.240343496828054, -37.64749806233917], [-58.2395624379926, -37.648562812200794], [-58.23710768165262, -37.649183916286745], [-58.236884521985345, -37.649982478682965], [-58.246034068343484, -37.6583230192657], [-58.24536458934167, -37.659742685747865], [-58.24558774900894, -37.661162352230036], [-58.24748460618075, -37.662848206177614], [-58.25908890887888, -37.655040040525684], [-58.24837724484984, -37.645368562615914]]]}}, {"type": "Feature", "properties": {"id": "224", "area_ha": 128.79179945056703}, "geometry": {"type": "Polygon", "coordinates": [[[-58.222849414799065, -37.6978697702325], [-58.21816009195227, -37.700620374041435], [-58.21548047889695, -37.703104790384984], [-58.22631058166218, -37.71259880998355], [-58.2336795175643, -37.707097602365685], [-58.22497077513452, -37.69928943671453], [-58.222849414799065, -37.6978697702325]]]}}, {"type": "Feature", "properties": {"id": "225", "area_ha": 65.63508762716707}, "geometry": {"type": "Polygon", "coordinates": [[[-58.20414809301098, -37.729306490270055], [-58.20202590214714, -37.73081786692617], [-58.20180251363516, -37.73126238947208], [-58.20336623321904, -37.731795816527175], [-58.203477927475035, -37.73232924358227], [-58.20816908622668, -37.7363299464955], [-58.20984450006656, -37.737396800605694], [-58.209956194322544, -37.73775241864243], [-58.21118483113845, -37.73757460962406], [-58.21163160816242, -37.737218991587326], [-58.211296525394445, -37.73650775551387], [-58.211966690930396, -37.73597432845877], [-58.21341871625829, -37.735796519440406], [-58.21487074158618, -37.73472966533021], [-58.21654615542605, -37.73250705260064], [-58.21654615542605, -37.73224033907309], [-58.21453565881821, -37.732062530054726], [-58.21286024497833, -37.73152910299963], [-58.21040297134651, -37.72948429928842], [-58.20414809301098, -37.729306490270055]]]}}, {"type": "Feature", "properties": {"id": "226", "area_ha": 71.27525389466355}, "geometry": {"type": "Polygon", "coordinates": [[[-58.2176051375731, -37.73213595769655], [-58.21525939979622, -37.73479783235016], [-58.21324876741603, -37.73621749883208], [-58.21257855662264, -37.73728224869353], [-58.21090302963915, -37.73808081108962], [-58.21883385736099, -37.74535660180949], [-58.219392366355486, -37.74535660180949], [-58.21995087534998, -37.74482422687876], [-58.21983917355109, -37.74056522743299], [-58.221179595137876, -37.73905683179594], [-58.220956191540076, -37.73799208193449], [-58.221291296936776, -37.73737097784865], [-58.220956191540076, -37.73666114460769], [-58.22140299873567, -37.7349752906604], [-58.221291296936776, -37.73462037403992], [-58.21894555915989, -37.73337816586823], [-58.2181636465676, -37.73213595769655], [-58.2176051375731, -37.73213595769655]]]}}, {"type": "Feature", "properties": {"id": "227", "area_ha": 68.30688948964803}, "geometry": {"type": "Polygon", "coordinates": [[[-58.23102704104306, -37.74186977023081], [-58.22990765992417, -37.74178104107569], [-58.22800471202207, -37.742757061781994], [-58.22699726901507, -37.74284579093711], [-58.22621370223185, -37.743200707557584], [-58.22531819733674, -37.74515274897019], [-58.223639125658416, -37.746306227986736], [-58.223639125658416, -37.74666114460721], [-58.22419881621786, -37.7471047903828], [-58.22419881621786, -37.74799208193399], [-58.225206259224855, -37.7485244568647], [-58.225206259224855, -37.748879373485174], [-58.22621370223185, -37.74941174841588], [-58.22632564034374, -37.74985539419148], [-58.22800471202207, -37.75047649827731], [-58.23035541237173, -37.75047649827731], [-58.23214642216195, -37.749944123346594], [-58.233713555728386, -37.748879373485174], [-58.234497122511605, -37.74763716531351], [-58.23483293684727, -37.74657241545209], [-58.23460906062349, -37.744620374039485], [-58.23404937006405, -37.7437330824883], [-58.23270611272139, -37.74249087431664], [-58.23102704104306, -37.74186977023081]]]}}, {"type": "Feature", "properties": {"id": "228", "area_ha": 38.95467504154614}, "geometry": {"type": "MultiPolygon", "coordinates": [[[[-58.231397739238574, -37.723272645439266], [-58.230950974281164, -37.72336137459439], [-58.22961067940894, -37.72442612445585], [-58.228270384536714, -37.725047228541705], [-58.226371633467735, -37.72540214516219], [-58.225924868510326, -37.72593452009292], [-58.22558979479227, -37.72593452009292], [-58.22558979479227, -37.72637816586853], [-58.22503133859551, -37.72673308248902], [-58.224361191159396, -37.72646689502365], [-58.2245845736381, -37.726200707558284], [-58.223914426201986, -37.72673308248902], [-58.224361191159396, -37.72726545741975], [-58.22424949992004, -37.72744291572999], [-58.22469626487745, -37.72797529066072], [-58.22514302983486, -37.72948368629779], [-58.22625994222838, -37.73063716531437], [-58.2276002371006, -37.72983860291828], [-58.23028082684505, -37.73001606122852], [-58.23240296039274, -37.72868512390169], [-58.23284972535015, -37.72673308248902], [-58.23229126915339, -37.724071207835365], [-58.231397739238574, -37.723272645439266]]], [[[-58.223914426201986, -37.72673308248902], [-58.223691043723285, -37.72655562417877], [-58.223691043723285, -37.726821811644136], [-58.223914426201986, -37.72673308248902]]]]}}, {"type": "Feature", "properties": {"id": "229", "area_ha": 78.81302144427349}, "geometry": {"type": "Polygon", "coordinates": [[[-58.188795711025584, -37.740426124455254], [-58.18342275425341, -37.74424147812535], [-58.19595965338849, -37.75506643504984], [-58.195623843590226, -37.75728466392781], [-58.19472835079487, -37.75799449716876], [-58.194840287394285, -37.75648610153174], [-58.19416866779776, -37.75728466392781], [-58.19394479459892, -37.756219914066385], [-58.19237768220704, -37.756042455756145], [-58.1921538090082, -37.75444533096401], [-58.191146379613414, -37.75515516420496], [-58.19125831621283, -37.75409041434354], [-58.19025088681805, -37.75444533096401], [-58.192713492005296, -37.757639580548286], [-58.19528803379197, -37.758260684634116], [-58.19551190699081, -37.75755085139316], [-58.19573578018965, -37.758260684634116], [-58.19629546318675, -37.75373549772306], [-58.19595965338849, -37.75054124813879], [-58.19058669661631, -37.74202324924739], [-58.188795711025584, -37.740426124455254]]]}}, {"type": "Feature", "properties": {"id": "230", "area_ha": 39.211709435444604}, "geometry": {"type": "Polygon", "coordinates": [[[-58.190386873852376, -37.73975101281551], [-58.190275164508705, -37.740373344379776], [-58.19094542057076, -37.74170691201749], [-58.19228593269488, -37.74366281121947], [-58.19306789810061, -37.74419623827456], [-58.193179607444286, -37.74490747434801], [-58.194408410224725, -37.74677446904081], [-58.19608405037987, -37.74864146373361], [-58.1968660157856, -37.74855255922443], [-58.19697772512928, -37.747396800605074], [-58.19820652790972, -37.74686337354999], [-58.20133438953266, -37.7440184292562], [-58.20144609887633, -37.74366281121947], [-58.19675430644193, -37.742684861618486], [-58.19463182891208, -37.74135129398077], [-58.193849863506344, -37.74135129398077], [-58.19161567663282, -37.74010663085224], [-58.190386873852376, -37.73975101281551]]]}}, {"type": "Feature", "properties": {"id": "231", "area_ha": 38.45760116537261}, "geometry": {"type": "Polygon", "coordinates": [[[-58.19029595886442, -37.73998247867965], [-58.19242275425341, -37.74370910319464], [-58.19320631044935, -37.744241478125346], [-58.193318247048765, -37.7449513113663], [-58.19522116923891, -37.74770191517498], [-58.19634053523312, -37.74867793588128], [-58.1967882816308, -37.74867793588128], [-58.197236028028485, -37.747968102640336], [-58.19712409142906, -37.74743572770962], [-58.19768377442617, -37.747346998554505], [-58.201265745607614, -37.744241478125346], [-58.201489618806455, -37.74370910319464], [-58.19690021823022, -37.74273308248833], [-58.194885359440654, -37.74149087431667], [-58.19410180324471, -37.74149087431667], [-58.1918630712563, -37.74015993698989], [-58.19085564186152, -37.73989374952453], [-58.19029595886442, -37.73998247867965]]]}}, {"type": "Feature", "properties": {"id": "232", "area_ha": 94.86395108252643}, "geometry": {"type": "Polygon", "coordinates": [[[-58.21007852860618, -37.73850634968698], [-58.20459393164161, -37.73397221971875], [-58.198661612475846, -37.73583921441155], [-58.19664686257049, -37.73521688284728], [-58.1961991403693, -37.73628373695745], [-58.19138612670651, -37.73850634968698], [-58.19082647395503, -37.73939539477879], [-58.19407245991365, -37.74117348496241], [-58.197990029174065, -37.740195535361416], [-58.197766168073464, -37.74135129398077], [-58.1961991403693, -37.74135129398077], [-58.19563948761782, -37.74170691201749], [-58.19664686257049, -37.74241814809094], [-58.20134794568298, -37.74330719318275], [-58.20291497338715, -37.74277376612766], [-58.2050416538428, -37.740551153398144], [-58.21007852860618, -37.73850634968698]]]}}, {"type": "Feature", "properties": {"id": "233", "area_ha": 97.69192654143019}, "geometry": {"type": "Polygon", "coordinates": [[[-58.210107320012426, -37.73850705260032], [-58.204958792903234, -37.734150731650416], [-58.20428724588899, -37.73406182714123], [-58.1991387187798, -37.73583991732487], [-58.197795624751315, -37.73592882183405], [-58.1965644552252, -37.7352175857606], [-58.196116757215705, -37.73566210830651], [-58.19622868171808, -37.736551153398324], [-58.19477366318722, -37.73664005790751], [-58.19298287114924, -37.73797362554523], [-58.19141592811601, -37.73841814809114], [-58.190744381101766, -37.73930719318296], [-58.19399019167061, -37.74117418787577], [-58.195109436694345, -37.741085283366594], [-58.1965644552252, -37.74241885100432], [-58.20115335982253, -37.74339680060532], [-58.20249645385101, -37.742952278059406], [-58.20484686840086, -37.74064076082068], [-58.20988347100768, -37.73886267063705], [-58.210107320012426, -37.73850705260032]]]}}, {"type": "Feature", "properties": {"id": "234", "area_ha": 15.436845642630441}, "geometry": {"type": "Polygon", "coordinates": [[[-58.20448167162051, -37.73364005790765], [-58.20201943234172, -37.73159525419646], [-58.20134791253842, -37.73159525419646], [-58.19989295296458, -37.73248429928828], [-58.19866183332519, -37.73346224888929], [-58.19843799339075, -37.73381786692602], [-58.19854991335797, -37.73435129398111], [-58.19843799339075, -37.73444019849029], [-58.19799031352188, -37.73426238947193], [-58.19821415345631, -37.7339067714352], [-58.19799031352188, -37.7339067714352], [-58.196759193882485, -37.7348847210362], [-58.196759193882485, -37.73506253005457], [-58.197654553620225, -37.73550705260048], [-58.19787839355466, -37.73577376612803], [-58.19877375329241, -37.73568486161884], [-58.20112407260398, -37.7348847210362], [-58.20157175247285, -37.734529102999474], [-58.202355192243374, -37.734529102999474], [-58.20403399175164, -37.733995675944385], [-58.20448167162051, -37.73364005790765]]]}}, {"type": "Feature", "properties": {"id": "235", "area_ha": 93.22148389425206}, "geometry": {"type": "Polygon", "coordinates": [[[-58.20997751006089, -37.73824033907278], [-58.20517426782958, -37.73415073165042], [-58.20439234467564, -37.733972922632056], [-58.19813695944416, -37.73592882183406], [-58.196684816444, -37.73512868125142], [-58.19634970652088, -37.73672896241669], [-58.19478586021301, -37.73664005790751], [-58.194450750289896, -37.73726238947178], [-58.191434760981856, -37.73841814809114], [-58.19087624444333, -37.7391293841646], [-58.19411564036678, -37.741085283366594], [-58.19847206936728, -37.73975171572887], [-58.19791355282875, -37.741263092384955], [-58.19579118998235, -37.74161871042168], [-58.1967965197517, -37.74232994649514], [-58.2012646520599, -37.74321899158696], [-58.20271679506006, -37.742774469041045], [-58.204950861214165, -37.740551856311505], [-58.20997751006089, -37.73868486161869], [-58.20997751006089, -37.73824033907278]]]}}, {"type": "Feature", "properties": {"id": "236", "area_ha": 26.584950920302497}, "geometry": {"type": "Polygon", "coordinates": [[[-58.268392409711986, -37.727207895577635], [-58.26492974748512, -37.730668332627346], [-58.26492974748512, -37.73093452009271], [-58.26604673530024, -37.7321767282644], [-58.26694032555233, -37.73270910319512], [-58.267387120678386, -37.73270910319512], [-58.26872750605652, -37.73324147812585], [-58.27029128899769, -37.73510479038338], [-58.27118487924979, -37.73563716531411], [-58.27151997559432, -37.73563716531411], [-58.2712965780313, -37.73545970700387], [-58.27140827681281, -37.735193519538505], [-58.27096148168676, -37.734128769677056], [-58.2704029877792, -37.73350766559121], [-58.270514686560716, -37.732087999109275], [-58.27118487924979, -37.730845790937586], [-58.2712965780313, -37.72986977023126], [-58.269174301182574, -37.72765154135324], [-58.268392409711986, -37.727207895577635]]]}}, {"type": "Feature", "properties": {"id": "237", "area_ha": 63.32502321109148}, "geometry": {"type": "Polygon", "coordinates": [[[-58.34594450502061, -37.767474083041655], [-58.34572098664835, -37.767917728817224], [-58.34460339478704, -37.768361374592786], [-58.34315052536734, -37.769603582764375], [-58.34303876618121, -37.770402145160396], [-58.343262284553475, -37.77057960347062], [-58.34460339478704, -37.770402145160396], [-58.344379876414784, -37.77075706178085], [-58.3433740437396, -37.77075706178085], [-58.343485802925734, -37.771023249246184], [-58.34303876618121, -37.77137816586664], [-58.34270348862282, -37.77120070755642], [-58.34292700699508, -37.77084579093596], [-58.34247997025056, -37.77066833262573], [-58.341474137575375, -37.77084579093596], [-58.340356545714066, -37.771821811642205], [-58.34672681932353, -37.77758920672457], [-58.34739737444032, -37.77785539418991], [-58.352314778630074, -37.774394957140494], [-58.352314778630074, -37.77359639474447], [-58.35142070514103, -37.77208799910755], [-58.34594450502061, -37.767474083041655]]]}}, {"type": "Feature", "properties": {"id": "238", "area_ha": 99.30101515618468}, "geometry": {"type": "Polygon", "coordinates": [[[-58.359862839627894, -37.79091131662794], [-58.356844361494126, -37.792505297473454], [-58.35438486079253, -37.794364941793226], [-58.35516742919758, -37.79516193221598], [-58.354943838224706, -37.795516150181655], [-58.35293151946886, -37.7952504867074], [-58.34946585938934, -37.79799567594135], [-58.35360229238748, -37.80198062805515], [-58.355838202116196, -37.802777618477904], [-58.358297702817794, -37.802866172969324], [-58.359862839627894, -37.80242340051223], [-58.36780031916486, -37.7967559130615], [-58.364222863598904, -37.79693302204434], [-58.36153977192444, -37.795693259164494], [-58.359862839627894, -37.794099278318974], [-58.35952745316859, -37.79206252501637], [-58.359862839627894, -37.79091131662794]]]}}, {"type": "Feature", "properties": {"id": "239", "area_ha": 75.45962423528847}, "geometry": {"type": "Polygon", "coordinates": [[[-58.36090488842119, -37.82112517891233], [-58.3537613809741, -37.82608423043143], [-58.35621696165904, -37.82856375619098], [-58.360235184598025, -37.83192882686465], [-58.3620210614598, -37.83104328195053], [-58.367378692045115, -37.827058329836966], [-58.36648575361423, -37.82590712144861], [-58.36481149405632, -37.824755913060244], [-58.36358370371385, -37.82316193221482], [-58.36090488842119, -37.82112517891233]]]}}, {"type": "Feature", "properties": {"id": "240", "area_ha": 35.291056823028114}, "geometry": {"type": "Polygon", "coordinates": [[[-58.367342281675334, -37.81928943670953], [-58.36600294662305, -37.81991054079526], [-58.36499844533383, -37.8207091031912], [-58.36421716655334, -37.82195131136266], [-58.36421716655334, -37.82257241544839], [-58.36477522282512, -37.82381462361985], [-58.365891335368694, -37.824790644326], [-58.36711905916662, -37.825411748411724], [-58.36857000547326, -37.825500477566834], [-58.36979772927119, -37.82523429010152], [-58.370690619306046, -37.82470191517089], [-58.37191834310397, -37.82310479037901], [-58.37191834310397, -37.82230622798308], [-58.3715835093409, -37.82115274896672], [-58.370579008051685, -37.82008799910547], [-58.36890483923633, -37.819378165864634], [-58.367342281675334, -37.81928943670953]]]}}, {"type": "Feature", "properties": {"id": "241", "area_ha": 939.1608932927314}, "geometry": {"type": "Polygon", "coordinates": [[[-58.38500740767074, -37.80250283512126], [-58.360898396734314, -37.81945010374608], [-58.36301909677039, -37.82140214515836], [-58.36101001252568, -37.820781041072635], [-58.35788477036726, -37.82291054079512], [-58.35777315457589, -37.83604245575048], [-58.3625726336049, -37.83204964377081], [-58.36469333364097, -37.83329185194226], [-58.36580949155469, -37.828411748411554], [-58.36960442846136, -37.82823429010135], [-58.371948360080175, -37.831872185460604], [-58.37496198644723, -37.83258201870144], [-58.375631681195465, -37.836663559836204], [-58.38031954443311, -37.83373549771778], [-58.38723972349819, -37.84234222576285], [-58.39181597094446, -37.83905924702401], [-58.38333317080016, -37.8316947271504], [-58.38500740767074, -37.83054124813405], [-58.384114481339765, -37.8317834563055], [-58.38567710241898, -37.830984893909566], [-58.39907099738367, -37.84243095491795], [-58.39862453421817, -37.84083383012609], [-58.40409370799542, -37.836663559836204], [-58.40041038688013, -37.83346931025247], [-58.39706191313896, -37.835864997440275], [-58.395276060477, -37.83462278926882], [-58.395945755225235, -37.83302566447695], [-58.398847765800916, -37.83355803940758], [-58.39639221839073, -37.82716954024011], [-58.39895938159229, -37.82255562417471], [-58.394383134146025, -37.817941708109316], [-58.39561090785112, -37.812529229647986], [-58.39304374464955, -37.80658437625603], [-58.390699813030736, -37.807560396962174], [-58.38500740767074, -37.80250283512126]]]}}, {"type": "Feature", "properties": {"id": "242", "area_ha": 55.15893791202337}, "geometry": {"type": "Polygon", "coordinates": [[[-58.424346806636805, -37.82189374952152], [-58.417984534100626, -37.8264189364318], [-58.421556336226196, -37.829790644325726], [-58.425462994801045, -37.83121031080738], [-58.42825346521165, -37.82863716530938], [-58.42836508402807, -37.82810479037876], [-58.427583752313105, -37.8264189364318], [-58.42747213349668, -37.82437816586442], [-58.42724889586383, -37.82402324924401], [-58.424346806636805, -37.82189374952152]]]}}, {"type": "Feature", "properties": {"id": "243", "area_ha": 52.09583226152659}, "geometry": {"type": "Polygon", "coordinates": [[[-58.43416668545869, -37.824453496283446], [-58.43293643531011, -37.825073377723335], [-58.43304827623271, -37.825604704671804], [-58.43282459438751, -37.82578181365463], [-58.43181802608412, -37.82569325916322], [-58.43002857132255, -37.82737579450005], [-58.43002857132255, -37.82764145797428], [-58.43125882147113, -37.82879266636264], [-58.43226538977452, -37.830829419665115], [-58.43494957191688, -37.83313183644183], [-58.43528509468467, -37.83313183644183], [-58.43651534483325, -37.83198062805347], [-58.43752191313664, -37.831537855596416], [-58.439199526975614, -37.83012098373382], [-58.439535049743405, -37.8292354388197], [-58.439535049743405, -37.82799567593993], [-58.438864004207815, -37.826313140603105], [-58.43752191313664, -37.825073377723335], [-58.43595614022026, -37.82454205077486], [-58.43416668545869, -37.824453496283446]]]}}, {"type": "Feature", "properties": {"id": "244", "area_ha": 66.5006380638606}, "geometry": {"type": "Polygon", "coordinates": [[[-58.436569974443074, -37.81339084238687], [-58.43534231717649, -37.813922169335356], [-58.431994160994904, -37.816224586112114], [-58.42965045166779, -37.81826133941464], [-58.4298736620799, -37.818881220854536], [-58.43478429114623, -37.82304328195099], [-58.43545392238254, -37.82286617296816], [-58.43601194841281, -37.82215773703685], [-58.437016395267285, -37.82215773703685], [-58.43913689418229, -37.82082941966564], [-58.44069936706703, -37.82038664720857], [-58.44215023474572, -37.819235438820186], [-58.441592208715456, -37.81764145797474], [-58.436569974443074, -37.81339084238687]]]}}, {"type": "Feature", "properties": {"id": "245", "area_ha": 175.43068577056866}, "geometry": {"type": "Polygon", "coordinates": [[[-58.498972660226606, -37.81181856695784], [-58.499195852498296, -37.81279266636341], [-58.50946269699609, -37.82182522448774], [-58.51158302357715, -37.82111678855642], [-58.51850198399958, -37.821205343047836], [-58.52151507966741, -37.8192571442367], [-58.51158302357715, -37.80987036814671], [-58.507119178143334, -37.80623963399869], [-58.498972660226606, -37.81181856695784]]]}}, {"type": "Feature", "properties": {"id": "246", "area_ha": 173.64082366752257}, "geometry": {"type": "Polygon", "coordinates": [[[-58.49905705319763, -37.81194806992984], [-58.49994988275095, -37.81336494179247], [-58.50965940414324, -37.82177761847681], [-58.511110252167384, -37.82115773703691], [-58.518922510758884, -37.82115773703691], [-58.52160099941883, -37.81929809271721], [-58.51367713713316, -37.8116824064556], [-58.50731572656579, -37.80628058247934], [-58.49905705319763, -37.81194806992984]]]}}, {"type": "Feature", "properties": {"id": "247", "area_ha": 88.5594807020925}, "geometry": {"type": "Polygon", "coordinates": [[[-58.49802086953425, -37.812885416032806], [-58.49032000599111, -37.81855290348328], [-58.50069943076665, -37.82785112508172], [-58.50293156512698, -37.826788471184756], [-58.50482887933326, -37.82519449033931], [-58.50248513825491, -37.82537159932214], [-58.500476217330615, -37.82475171788224], [-58.49880211656037, -37.82262641008831], [-58.4990253299964, -37.82085532026004], [-58.5003646106126, -37.81943844839742], [-58.50148067779276, -37.81890712144894], [-58.50527530620533, -37.81890712144894], [-58.49802086953425, -37.812885416032806]]]}}, {"type": "Feature", "properties": {"id": "248", "area_ha": 39.63335476638014}, "geometry": {"type": "Polygon", "coordinates": [[[-58.50412806174504, -37.81889626874075], [-58.50211905916662, -37.81889626874075], [-58.5011145578774, -37.8192504867064], [-58.499886834079476, -37.820136031620535], [-58.499217166553336, -37.821198685517494], [-58.499217166553336, -37.82279266636293], [-58.49977522282512, -37.823766765768475], [-58.50066811285998, -37.824563756191196], [-58.50234228167533, -37.825183637631085], [-58.50401645049069, -37.825183637631085], [-58.505690619306044, -37.82465231068261], [-58.506806731849615, -37.82358965678565], [-58.507141565612685, -37.82288122085434], [-58.50725317686704, -37.82181856695738], [-58.50669512059525, -37.82031314060336], [-58.505690619306044, -37.81942759568923], [-58.50412806174504, -37.81889626874075]]]}}, {"type": "Feature", "properties": {"id": "249", "area_ha": 37.484294155587506}, "geometry": {"type": "Polygon", "coordinates": [[[-58.519681728007264, -37.83112330923396], [-58.51823054572318, -37.831300070261996], [-58.51666773403262, -37.83191873386015], [-58.51555143996794, -37.8329793000284], [-58.51521655174854, -37.83386310516861], [-58.515328181155006, -37.83501205185089], [-58.51677936343909, -37.83669128161729], [-58.517560769284366, -37.837133184187394], [-58.51878869275552, -37.83739832572946], [-58.52012824563314, -37.83739832572946], [-58.52135616910429, -37.83695642315935], [-58.522584092575435, -37.835984237505116], [-58.52314223960778, -37.83492367133687], [-58.52314223960778, -37.83377472465459], [-58.522695721981904, -37.83262577797232], [-58.52124453969782, -37.83156521180406], [-58.519681728007264, -37.83112330923396]]]}}, {"type": "Feature", "properties": {"id": "250", "area_ha": 106.19584452326396}, "geometry": {"type": "Polygon", "coordinates": [[[-58.550408962559004, -37.84428525783134], [-58.54996231170539, -37.84481554091544], [-58.550297299845596, -37.84508068245749], [-58.54750573201053, -37.84631800965373], [-58.54739406929713, -37.847201814793905], [-58.54672409301671, -37.847378575821935], [-58.54672409301671, -37.84817400044809], [-58.55967696777144, -37.85975184778432], [-58.56034694405185, -37.85975184778432], [-58.56425513902095, -37.85710043236381], [-58.56302684917352, -37.854537397457314], [-58.55342385582088, -37.846052868111684], [-58.55174891511984, -37.84578772656963], [-58.550967276126016, -37.846229629139714], [-58.55107893883942, -37.84516906297151], [-58.550408962559004, -37.84490392142946], [-58.550408962559004, -37.84428525783134]]]}}, {"type": "Feature", "properties": {"id": "251", "area_ha": 103.53627408051271}, "geometry": {"type": "Polygon", "coordinates": [[[-58.481653740057986, -37.82496311781573], [-58.475625752108705, -37.82930228789486], [-58.485784028097314, -37.83842340051019], [-58.486788692755525, -37.83842340051019], [-58.49203527485953, -37.83479266636234], [-58.49237016307894, -37.834172784922465], [-58.481653740057986, -37.82496311781573]]]}}, {"type": "Feature", "properties": {"id": "252", "area_ha": 103.98615829646656}, "geometry": {"type": "Polygon", "coordinates": [[[-58.48123519426558, -37.82509927831775], [-58.477440051645196, -37.827933022042934], [-58.47565410217678, -37.828818566957054], [-58.47543085849323, -37.82934989390552], [-58.48469547136064, -37.837762570589646], [-58.4862581771455, -37.83847100652094], [-58.4913927818672, -37.835105935847295], [-58.49217413475963, -37.834220390933176], [-58.48179330347446, -37.82518783280916], [-58.48123519426558, -37.82509927831775]]]}}, {"type": "Feature", "properties": {"id": "253", "area_ha": 109.13719885241487}, "geometry": {"type": "Polygon", "coordinates": [[[-58.29944094722345, -37.83895849938215], [-58.2983223105631, -37.839668332622956], [-58.30962054083269, -37.849428539684], [-58.31622049712879, -37.84445970699838], [-58.31521372413447, -37.841620374035166], [-58.31006799549684, -37.836385353884246], [-58.30805444950819, -37.83745010374545], [-58.30738326751198, -37.83842612445155], [-58.3083900405063, -37.838869770227056], [-58.308613767838374, -37.83833739529645], [-58.30872563150441, -37.839047228537254], [-58.30894935883648, -37.83860358276175], [-58.30917308616855, -37.839313416002554], [-58.30962054083269, -37.839135957692356], [-58.30962054083269, -37.83975706177806], [-58.31085104115908, -37.84011197839846], [-58.31051545016098, -37.840466895018864], [-58.30872563150441, -37.84011197839846], [-58.30671208551577, -37.838869770227056], [-58.30425108486298, -37.83984579093316], [-58.302461266206414, -37.83833739529645], [-58.30033585655174, -37.83949087431276], [-58.29944094722345, -37.83895849938215]]]}}, {"type": "Feature", "properties": {"id": "254", "area_ha": 48.35392855874933}, "geometry": {"type": "Polygon", "coordinates": [[[-58.37629174278577, -37.84445349628264], [-58.37539677277824, -37.84445349628264], [-58.37461367402165, -37.84471915975687], [-58.36980321023118, -37.84834989390461], [-58.3695794677293, -37.84870411187024], [-58.37114566524247, -37.85047520169841], [-58.373271219010356, -37.852157737035164], [-58.37383057526506, -37.85233484601798], [-58.37483741652353, -37.852246291526576], [-58.37908852405929, -37.84914688432728], [-58.3802072365687, -37.847995675938975], [-58.380095365317764, -37.84746434899053], [-58.37886478155741, -37.84622458611081], [-58.37629174278577, -37.84445349628264]]]}}, {"type": "Feature", "properties": {"id": "255", "area_ha": 21.864848061887916}, "geometry": {"type": "Polygon", "coordinates": [[[-58.42778322121083, -37.878781041070404], [-58.42789492485062, -37.87895849938059], [-58.42767151757104, -37.87913595769077], [-58.42767151757104, -37.87957960346623], [-58.42711299937211, -37.87993452008661], [-58.427001295732325, -37.88037816586207], [-58.42655448117318, -37.88082181163754], [-58.42711299937211, -37.88286258220467], [-58.42778322121083, -37.883749873755605], [-58.42778322121083, -37.88428224868616], [-58.428900257608696, -37.88516954023709], [-58.42957047944741, -37.885435727702365], [-58.43035240492592, -37.8849920819269], [-58.430910923124856, -37.884459706996346], [-58.43180455224314, -37.88401606122088], [-58.43280988500123, -37.88304004051486], [-58.43079921948507, -37.881176728257905], [-58.43024070128614, -37.880466895017165], [-58.42990559036677, -37.88037816586207], [-58.42912366488827, -37.879757061776424], [-58.429011961248484, -37.879490874311145], [-58.42800662849041, -37.878781041070404], [-58.42778322121083, -37.878781041070404]]]}}, {"type": "Feature", "properties": {"id": "256", "area_ha": 31.409663810526474}, "geometry": {"type": "Polygon", "coordinates": [[[-58.46477722504739, -37.90313603161691], [-58.46466548801964, -37.90366735856529], [-58.46913496912965, -37.90765231067819], [-58.47259881698991, -37.907298092712594], [-58.47326923915641, -37.90756375618679], [-58.47349271321191, -37.90738664720399], [-58.47405139835066, -37.907829419660985], [-58.47416313537841, -37.90844930110077], [-58.47461008348941, -37.90836074660937], [-58.47494529457266, -37.90862641008356], [-58.47461008348941, -37.90898062804915], [-58.47494529457266, -37.90906918254055], [-58.47405139835066, -37.909246291523345], [-58.47393966132291, -37.909954727454526], [-58.47326923915641, -37.909954727454526], [-58.47449834646166, -37.91013183643732], [-58.47360445023966, -37.91030894542012], [-58.47371618726741, -37.91048605440291], [-58.47528050565591, -37.909954727454526], [-58.47539224268366, -37.90960050948893], [-58.476286138905664, -37.909246291523345], [-58.47349271321191, -37.906412547798624], [-58.46913496912965, -37.902781813651316], [-58.46801759885215, -37.90118783280616], [-58.467570650741145, -37.90118783280616], [-58.466229806408144, -37.90242759568573], [-58.46477722504739, -37.90313603161691]]]}}, {"type": "Feature", "properties": {"id": "257", "area_ha": 36.71636354999157}, "geometry": {"type": "Polygon", "coordinates": [[[-58.46910085189478, -37.90754205077151], [-58.47323545907044, -37.91152700288435], [-58.475917366427616, -37.91374086516927], [-58.47658784326691, -37.91382941966066], [-58.476476097127026, -37.914183637626245], [-58.477034827826444, -37.91471496457463], [-58.47669958940679, -37.914006528643455], [-58.477034827826444, -37.91382941966066], [-58.477481812385975, -37.913917974152056], [-58.477481812385975, -37.91444930110043], [-58.47770530466574, -37.91382941966066], [-58.477928796945505, -37.91436074660904], [-58.478487527644916, -37.91436074660904], [-58.478487527644916, -37.91382941966066], [-58.479046258344326, -37.91382941966066], [-58.479046258344326, -37.91436074660904], [-58.47960498904374, -37.91436074660904], [-58.47949324290386, -37.913917974152056], [-58.47982848132351, -37.91436074660904], [-58.480498958162805, -37.91436074660904], [-58.48038721202292, -37.914006528643455], [-58.48083419658245, -37.91436074660904], [-58.480610704302684, -37.91365231067787], [-58.481057688862215, -37.91356375618647], [-58.481057688862215, -37.91329809271228], [-58.47368244362997, -37.90665650585754], [-58.47368244362997, -37.907099278314526], [-58.471447520832314, -37.9076306052629], [-58.46965958259419, -37.9078077142457], [-58.46910085189478, -37.90754205077151]]]}}, {"type": "Feature", "properties": {"id": "258", "area_ha": 2274.9100909569966}, "geometry": {"type": "Polygon", "coordinates": [[[-58.498286816659196, -37.89650283512126], [-58.44184887838561, -37.89650283512126], [-58.44196063667923, -37.93785778260272], [-58.498063300071976, -37.93785778260272], [-58.498286816659196, -37.89650283512126]]]}}, {"type": "Feature", "properties": {"id": "259", "area_ha": 2064.26749185801}, "geometry": {"type": "Polygon", "coordinates": [[[-58.49428835535612, -37.90050283512126], [-58.43784734735275, -37.90050283512126], [-58.43784734735275, -37.93787283048964], [-58.49428835535612, -37.93796138498103], [-58.49428835535612, -37.90050283512126]]]}}, {"type": "Feature", "properties": {"id": "260", "area_ha": 1899.2440376312804}, "geometry": {"type": "Polygon", "coordinates": [[[-58.49928950957916, -37.903502835121266], [-58.4428466406532, -37.903502835121266], [-58.442958630472496, -37.93795053227341], [-58.49917751975986, -37.9380390867648], [-58.49928950957916, -37.903502835121266]]]}}, {"type": "Feature", "properties": {"id": "261", "area_ha": 2054.495811422718}, "geometry": {"type": "Polygon", "coordinates": [[[-58.50328835535612, -37.900502835121266], [-58.44684734735275, -37.900502835121266], [-58.44684734735275, -37.93769572150685], [-58.50328835535612, -37.93778427599824], [-58.50328835535612, -37.900502835121266]]]}}, {"type": "Feature", "properties": {"id": "262", "area_ha": 1911.466467991453}, "geometry": {"type": "Polygon", "coordinates": [[[-58.47228950957918, -37.903502835121266], [-58.41584619887877, -37.903502835121266], [-58.41584619887877, -37.938127641256195], [-58.47206597171502, -37.938304750238984], [-58.47228950957918, -37.903502835121266]]]}}, {"type": "Feature", "properties": {"id": "263", "area_ha": 2072.723936151157}, "geometry": {"type": "Polygon", "coordinates": [[[-58.47828835535612, -37.90050283512126], [-58.42184778910918, -37.90050283512126], [-58.421959774359664, -37.93813849396381], [-58.47806438485514, -37.938227048455204], [-58.47828835535612, -37.90050283512126]]]}}, {"type": "Feature", "properties": {"id": "264", "area_ha": 1318.040056979292}, "geometry": {"type": "Polygon", "coordinates": [[[-58.48029374320002, -37.914502835121255], [-58.42384198634514, -37.914502835121255], [-58.423730200688, -37.9383239933056], [-58.48029374320002, -37.93841254779699], [-58.48029374320002, -37.914502835121255]]]}}, {"type": "Feature", "properties": {"id": "265", "area_ha": 190.26235668364862}, "geometry": {"type": "Polygon", "coordinates": [[[-58.416895044589054, -37.871099278315945], [-58.40695450040042, -37.878095083136806], [-58.42024578982118, -37.890227048459046], [-58.42169777942176, -37.89049271193326], [-58.426835588777685, -37.88668486880292], [-58.420469172836654, -37.880928826861705], [-58.41890549172833, -37.881105935844516], [-58.419017183236065, -37.87960050949066], [-58.420357481328914, -37.87986617296487], [-58.422703002991405, -37.878449301102414], [-58.424043301084254, -37.87703242923997], [-58.424713450130675, -37.875172784920494], [-58.42225623696045, -37.87225048670419], [-58.416895044589054, -37.871099278315945]]]}}, {"type": "Feature", "properties": {"id": "266", "area_ha": 46.12914362717092}, "geometry": {"type": "Polygon", "coordinates": [[[-58.29961403040153, -37.82421373340364], [-58.2970416543206, -37.82571915975764], [-58.29502849043118, -37.82722458611164], [-58.29525217530778, -37.827933022042934], [-58.300844297222845, -37.832714964579175], [-58.30117982453775, -37.832714964579175], [-58.302633776235666, -37.831386647208], [-58.30464694012509, -37.830323993311055], [-58.305541679631496, -37.82961555737976], [-58.305541679631496, -37.82934989390553], [-58.30274561867397, -37.82660470467176], [-58.30173903672925, -37.825896268740465], [-58.30140350941435, -37.825364941791996], [-58.30062061234624, -37.825010723826345], [-58.29994955771643, -37.82421373340364], [-58.29961403040153, -37.82421373340364]]]}}, {"type": "Feature", "properties": {"id": "267", "area_ha": 177.3725760162}, "geometry": {"type": "Polygon", "coordinates": [[[-58.1323481970085, -37.787238933244545], [-58.11442646923248, -37.79959666001932], [-58.11599462041288, -37.79888542394595], [-58.11801081478768, -37.800041182565174], [-58.117562771593285, -37.801019132166054], [-58.11386641523948, -37.80137475020274], [-58.113082339649274, -37.80039680060186], [-58.111290166871676, -37.801819272748595], [-58.11364239364228, -37.80519764409709], [-58.114986523225475, -37.80519764409709], [-58.11610663121148, -37.803063935876985], [-58.121259127947084, -37.80075241863854], [-58.122827279127485, -37.79897432845512], [-58.12607559228689, -37.79861871041844], [-58.12775575426589, -37.797018429253356], [-58.1296599378421, -37.79897432845512], [-58.129771948640695, -37.7978185698359], [-58.1325722186057, -37.80128584569357], [-58.135484499369305, -37.80155255922108], [-58.137612704542704, -37.800841323147715], [-58.1385087909315, -37.79888542394595], [-58.1381727585357, -37.795951575143306], [-58.1350364561749, -37.7910618271389], [-58.1327962402029, -37.78999497302885], [-58.1341403697861, -37.789283736955475], [-58.1323481970085, -37.787238933244545]]]}}, {"type": "Feature", "properties": {"id": "268", "area_ha": 47.9904930108688}, "geometry": {"type": "Polygon", "coordinates": [[[-58.14013251847205, -37.80640214515896], [-58.13408262490991, -37.809152748967264], [-58.13453076517377, -37.80977385305302], [-58.139796413274155, -37.81429903996345], [-58.14013251847205, -37.81429903996345], [-58.14595834190226, -37.81021749882854], [-58.14495002630857, -37.80933020727748], [-58.14394171071488, -37.809507665587695], [-58.144053745780845, -37.80862037403663], [-58.142597289923295, -37.80728943671003], [-58.141140834065745, -37.80755562417535], [-58.14013251847205, -37.80640214515896]]]}}, {"type": "Feature", "properties": {"id": "269", "area_ha": 111.35072396380819}, "geometry": {"type": "Polygon", "coordinates": [[[-58.445516422862966, -37.97612517890655], [-58.44461983325202, -37.9763908423807], [-58.433524536816606, -37.984714964570735], [-58.439240295586366, -37.9896740160882], [-58.43991273779457, -37.989762570579586], [-58.44148176961372, -37.98825714422607], [-58.451232181632726, -37.98134989389817], [-58.45100803422999, -37.98081856694987], [-58.445516422862966, -37.97612517890655]]]}}, {"type": "Feature", "properties": {"id": "270", "area_ha": 111.8809045228912}, "geometry": {"type": "Polygon", "coordinates": [[[-58.44549978874936, -37.97622878128557], [-58.43353090291684, -37.9847300124583], [-58.43912384022176, -37.989866172958486], [-58.44113729765153, -37.989866172958486], [-58.44136101514373, -37.98960050948434], [-58.440689862667135, -37.98960050948434], [-58.440689862667135, -37.989157737027426], [-58.445947223733754, -37.98526133940659], [-58.44617094122595, -37.985704111863505], [-58.44695395244864, -37.98579266635489], [-58.44695395244864, -37.98650110228595], [-58.44762510492523, -37.98632399330319], [-58.44796068116352, -37.98738664719978], [-58.44851997489401, -37.98712098372563], [-58.446282799972046, -37.98508423042383], [-58.45131644354647, -37.981364941785756], [-58.44549978874936, -37.97622878128557]]]}}, {"type": "Feature", "properties": {"id": "271", "area_ha": 38.786799060740066}, "geometry": {"type": "Polygon", "coordinates": [[[-58.45412379028158, -37.95245349627831], [-58.450210280423356, -37.95661555737355], [-58.456024637927, -37.961928826856834], [-58.4590436312462, -37.95980351906352], [-58.45870818754407, -37.95927219211519], [-58.45524193595536, -37.956349893899386], [-58.455912823359625, -37.955641457968284], [-58.45714278360078, -37.955021576528566], [-58.458149114707176, -37.95413603161469], [-58.45535375052273, -37.95342759568358], [-58.45412379028158, -37.95245349627831]]]}}, {"type": "Feature", "properties": {"id": "272", "area_ha": 65.08546478535176}, "geometry": {"type": "Polygon", "coordinates": [[[-58.24721709628973, -37.90658679148607], [-58.24553419717998, -37.90658679148607], [-58.24362691152226, -37.90711916641659], [-58.24171962586455, -37.90862756205307], [-58.24115865949463, -37.90986977022429], [-58.241270852768615, -37.91173308248111], [-58.24183181913853, -37.912886561497245], [-58.24373910479625, -37.91430622797864], [-58.24519761735803, -37.914749873754076], [-58.2467683231938, -37.914838602909164], [-58.248339029029566, -37.91448368628882], [-58.25103166760516, -37.91262037403199], [-58.251480440701094, -37.911466895015856], [-58.25159263397508, -37.910224686844636], [-58.25103166760516, -37.908805020363246], [-58.249348768495416, -37.90729662472676], [-58.24721709628973, -37.90658679148607]]]}}, {"type": "Feature", "properties": {"id": "273", "area_ha": 70.68760884263689}, "geometry": {"type": "Polygon", "coordinates": [[[-58.267419499022154, -37.90936137458777], [-58.266523714459545, -37.90971629120811], [-58.25913349181803, -37.91486258220315], [-58.25935743795868, -37.91548368628876], [-58.26428425305303, -37.91974268573293], [-58.26685963367053, -37.91823429009645], [-58.27257026025716, -37.91415274896246], [-58.2718984218352, -37.91326545741159], [-58.267419499022154, -37.90936137458777]]]}}, {"type": "Feature", "properties": {"id": "274", "area_ha": 56.77863448869856}, "geometry": {"type": "Polygon", "coordinates": [[[-58.22307570491598, -37.90219483244208], [-58.22139629149107, -37.90326168655187], [-58.22139629149107, -37.903528400079324], [-58.223187665810975, -37.90530649026232], [-58.217253738376286, -37.90930719317406], [-58.22094844791109, -37.9131300870675], [-58.221844135071045, -37.9127744690309], [-58.22900963235067, -37.90788472102766], [-58.228225906085704, -37.90681786691787], [-58.22307570491598, -37.90219483244208]]]}}, {"type": "Feature", "properties": {"id": "275", "area_ha": 17.07543934518774}, "geometry": {"type": "Polygon", "coordinates": [[[-58.17075898648787, -37.83521828866878], [-58.16729168293006, -37.83201772633888], [-58.16662059191887, -37.8324622488847], [-58.16505471289277, -37.83406253004964], [-58.163488833866666, -37.83530719317794], [-58.164048076375984, -37.83575171572376], [-58.16583765240582, -37.83628514277874], [-58.16773907693752, -37.836374047287904], [-58.16941680446549, -37.83601842925125], [-58.17042344098227, -37.83557390670543], [-58.17075898648787, -37.83521828866878]]]}}, {"type": "Feature", "properties": {"id": "276", "area_ha": 66.21798734649448}, "geometry": {"type": "Polygon", "coordinates": [[[-58.076078197120616, -37.770972922630534], [-58.073834143621326, -37.77115073164889], [-58.070692468722314, -37.773462248887434], [-58.067662996498264, -37.774529102997526], [-58.0675507938233, -37.77550705259845], [-58.06878502324791, -37.77799637885535], [-58.068897225922875, -37.77941885100214], [-58.069570441972665, -37.78084132314894], [-58.06968264464763, -37.779596660020495], [-58.07024365802245, -37.779596660020495], [-58.07035586069742, -37.780041182566364], [-58.0710290767472, -37.77950775551132], [-58.07282431954664, -37.77897432845627], [-58.07473176502104, -37.77915213747462], [-58.074843967696005, -37.77861871041957], [-58.078434453294875, -37.7760404796535], [-58.07865885864481, -37.77541814808928], [-58.07921987201963, -37.775240339070926], [-58.07944427736956, -37.7746180075067], [-58.07966868271949, -37.774884721034226], [-58.08034189876928, -37.77426238947], [-58.076078197120616, -37.770972922630534]]]}}, {"type": "Feature", "properties": {"id": "277", "area_ha": 29.805886945457623}, "geometry": {"type": "Polygon", "coordinates": [[[-58.07390810310025, -37.779239636157726], [-58.0724521991611, -37.7793285406669], [-58.07099629522194, -37.78003977674029], [-58.07021234694701, -37.78101772634119], [-58.0699883617256, -37.7819956759421], [-58.07043633216842, -37.78341814808887], [-58.07077231000053, -37.78377376612556], [-58.07178024349687, -37.78439609768978], [-58.07323614743603, -37.78484062023564], [-58.07469205137518, -37.784662811217295], [-58.075587992260814, -37.7843071931806], [-58.076819910978564, -37.783240339070524], [-58.077043896199974, -37.78235129397879], [-58.07693190358927, -37.78128443986871], [-58.075811977482225, -37.77986196772194], [-58.075364007039404, -37.77950634968525], [-58.07390810310025, -37.779239636157726]]]}}, {"type": "Feature", "properties": {"id": "278", "area_ha": 81.9966629148557}, "geometry": {"type": "Polygon", "coordinates": [[[-58.039908041500695, -37.772194832446935], [-58.03722040064613, -37.77246154597446], [-58.03565261014763, -37.77317278204785], [-58.03419680468473, -37.77441744517629], [-58.033412909435484, -37.776195535359776], [-58.03352489447109, -37.777884721034084], [-58.03442077475595, -37.779485002199216], [-58.03610055029006, -37.78081856983683], [-58.03867620610902, -37.781529805910225], [-58.04125186192798, -37.78135199689188], [-58.04237171228405, -37.78090747434601], [-58.04259568235527, -37.780196238272616], [-58.04281965242648, -37.78037404729096], [-58.04281965242648, -37.78010733376344], [-58.04371553271134, -37.78010733376344], [-58.04483538306741, -37.778862670635], [-58.045395308245446, -37.77735129397904], [-58.04517133817423, -37.77557320379555], [-58.04293163746209, -37.77432854066711], [-58.0415878170348, -37.77255045048363], [-58.039908041500695, -37.772194832446935]]]}}, {"type": "Feature", "properties": {"id": "279", "area_ha": 1786.5771391373835}, "geometry": {"type": "MultiPolygon", "coordinates": [[[[-57.93221141398036, -37.69403349144398], [-57.932306122007745, -37.690571801813896], [-57.90483948377389, -37.690037318467574], [-57.917059335069766, -37.699925260374435], [-57.93221141398036, -37.69403349144398]]], [[[-57.932197564458605, -37.6945397077298], [-57.92145835551242, -37.70675400486116], [-57.91548981288498, -37.701974113201985], [-57.91033281142066, -37.70589365774164], [-57.90158833067682, -37.70188503264426], [-57.90383050522652, -37.689680996236696], [-57.89015324047334, -37.689680996236696], [-57.88992902301837, -37.69636203806566], [-57.89755241648736, -37.69796548810461], [-57.88981691429088, -37.70170687152883], [-57.88992902301837, -37.70838791335778], [-57.89923404739963, -37.70179595208654], [-57.90416683140898, -37.71043676618533], [-57.89575867684759, -37.71658332466797], [-57.89620711175753, -37.70999136339673], [-57.89396493720783, -37.7144453912827], [-57.88981691429088, -37.711416652320246], [-57.88981691429088, -37.722908044266056], [-57.90596057104874, -37.73439943621186], [-57.92939129509313, -37.73439943621186], [-57.93533305764984, -37.73074713334536], [-57.9439654296662, -37.73439943621186], [-57.94060216784165, -37.72958908609501], [-57.9462076042159, -37.73252874449975], [-57.9462076042159, -37.724867816535884], [-57.94026584165919, -37.72326436649693], [-57.9462076042159, -37.721571835900264], [-57.945871278033444, -37.70063790483619], [-57.93746312347206, -37.698767213124086], [-57.93510884019487, -37.70865515503094], [-57.92849442527325, -37.70135054929795], [-57.93712679728961, -37.69466950746899], [-57.93219401328026, -37.69466950746899], [-57.932197564458605, -37.6945397077298]], [[-57.92153587643149, -37.706816087285226], [-57.92995183873056, -37.709367799492696], [-57.92972762127559, -37.713376424590074], [-57.92153587643149, -37.706816087285226]]]]}}, {"type": "Feature", "properties": {"id": "280", "area_ha": 48.17824710201206}, "geometry": {"type": "Polygon", "coordinates": [[[-57.91396602064876, -37.77256607447066], [-57.91217072928334, -37.77256607447066], [-57.91071205504894, -37.77283331614378], [-57.90925338081454, -37.773991363393975], [-57.908692352262854, -37.77506033008647], [-57.90858014655252, -37.77648561900978], [-57.90925338081454, -37.77799998849081], [-57.910487643628265, -37.7790689551833], [-57.91217072928334, -37.77960343852954], [-57.91385381493842, -37.77960343852954], [-57.91508807775214, -37.77924711629871], [-57.91665895769688, -37.77799998849081], [-57.91721998624857, -37.77710918291373], [-57.91744439766925, -37.775772974548126], [-57.916883369117556, -37.7742586050671], [-57.91564910630383, -37.77318963837461], [-57.91396602064876, -37.77256607447066]]]}}, {"type": "Feature", "properties": {"id": "281", "area_ha": 0.49930717574197325}, "geometry": {"type": "Polygon", "coordinates": [[[-57.941180647623604, -37.802683893989155], [-57.940843907471546, -37.802683893989155], [-57.940843907471546, -37.80357469956618], [-57.941180647623604, -37.80357469956618], [-57.94151738777566, -37.80330745789307], [-57.94151738777566, -37.80295113566226], [-57.941180647623604, -37.802683893989155]]]}}, {"type": "Feature", "properties": {"id": "282", "area_ha": 1298.3687187358464}, "geometry": {"type": "Polygon", "coordinates": [[[-57.962243856833034, -37.82895403341438], [-57.962243856833034, -37.803476993911715], [-57.95451375134163, -37.797241354872604], [-57.95921903294509, -37.79483617981466], [-57.95776263625831, -37.79314364921833], [-57.96123558220372, -37.795637904833974], [-57.96213182631867, -37.78450283512127], [-57.95776263625831, -37.7861062851599], [-57.93580465544215, -37.78459191567897], [-57.93009109920938, -37.78708617129462], [-57.92650612274959, -37.78450283512127], [-57.92202490217487, -37.7861953657176], [-57.905780477591485, -37.78450283512127], [-57.90802108787885, -37.7917183602951], [-57.905780477591485, -37.79260916587212], [-57.905780477591485, -37.80614941064276], [-57.91653540697083, -37.798399402122726], [-57.94006181498814, -37.81746264147087], [-57.945215218649075, -37.8136321774897], [-57.948464103565755, -37.816126433105346], [-57.94880019510886, -37.812830452470386], [-57.94342273041919, -37.81220688856647], [-57.94140618116056, -37.808376424585305], [-57.94387085247666, -37.805169524508045], [-57.949360347680695, -37.805169524508045], [-57.95137689693932, -37.81060343852784], [-57.956082178542786, -37.81078159964325], [-57.95888294140199, -37.814790224739816], [-57.95686639214336, -37.81826436649018], [-57.95171298848243, -37.81870976927869], [-57.95641827008589, -37.822985636048365], [-57.95092877488185, -37.827885066721954], [-57.962243856833034, -37.82895403341438]]]}}, {"type": "Feature", "properties": {"id": "283", "area_ha": 63.221099806811274}, "geometry": {"type": "Polygon", "coordinates": [[[-57.947966453375294, -37.80476434945002], [-57.94572133662573, -37.80476434945002], [-57.94347621987616, -37.805476993911626], [-57.942690429013815, -37.80610055781553], [-57.94179238231399, -37.807614927296456], [-57.94168012647651, -37.80930745789278], [-57.9422414056639, -37.810732746816], [-57.943925243226076, -37.812247116296916], [-57.94572133662573, -37.812781599643124], [-57.947854197537815, -37.812781599643124], [-57.949201267587554, -37.81242527741232], [-57.95088510514973, -37.8110890690468], [-57.951334128499646, -37.809752860681286], [-57.95189540768704, -37.80912929677738], [-57.95178315184956, -37.807793088411856], [-57.95066059347477, -37.80610055781553], [-57.949201267587554, -37.80512067168082], [-57.947966453375294, -37.80476434945002]]]}}, {"type": "Feature", "properties": {"id": "284", "area_ha": 88.54380575423974}, "geometry": {"type": "Polygon", "coordinates": [[[-57.968363839134724, -37.7881321604499], [-57.966792512735594, -37.788933885469234], [-57.96645579993578, -37.78875572435383], [-57.955119802342026, -37.79686205510484], [-57.9629764343377, -37.803899419163415], [-57.966792512735594, -37.80122700243231], [-57.96522118633646, -37.791517221642636], [-57.96757817593516, -37.789468368815456], [-57.96735370073528, -37.788933885469234], [-57.968363839134724, -37.78857756323842], [-57.968363839134724, -37.7881321604499]]]}}, {"type": "Feature", "properties": {"id": "285", "area_ha": 87.34286468257869}, "geometry": {"type": "Polygon", "coordinates": [[[-57.94885447618547, -37.828105927935674], [-57.9468332139732, -37.828194832444844], [-57.94436278238042, -37.82917278204564], [-57.94312756658404, -37.8302396361556], [-57.942229227823034, -37.83228443986637], [-57.94256610485841, -37.834595957104625], [-57.94402590534505, -37.83628514277874], [-57.945597998176815, -37.837174187870374], [-57.94784384507933, -37.837618710416194], [-57.94952823025622, -37.83752980590703], [-57.951549492468494, -37.83690747434289], [-57.95357075468076, -37.83521828866878], [-57.954244508751515, -37.83370691201299], [-57.95413221640639, -37.83157320379306], [-57.95323387764538, -37.83006182713728], [-57.951212615433114, -37.828639354990656], [-57.94885447618547, -37.828105927935674]]]}}, {"type": "Feature", "properties": {"id": "286", "area_ha": 64.98170301696817}, "geometry": {"type": "Polygon", "coordinates": [[[-57.96979658648279, -37.822120671680146], [-57.96777951813619, -37.822298832795546], [-57.966322746552535, -37.82283331614173], [-57.96486597496888, -37.824080443949505], [-57.96419361885334, -37.82541665231498], [-57.96419361885334, -37.82702010235354], [-57.96509009367406, -37.8287126329498], [-57.96654686525771, -37.82978159964218], [-57.9686759929569, -37.83040516354607], [-57.97058100195091, -37.83031608298837], [-57.97214983288716, -37.82978159964218], [-57.97383072317599, -37.82835631071901], [-57.97439101993894, -37.82710918291124], [-57.97439101993894, -37.82541665231498], [-57.97360660447082, -37.82390228283411], [-57.9717015954768, -37.82256607446864], [-57.96979658648279, -37.822120671680146]]]}}, {"type": "Feature", "properties": {"id": "287", "area_ha": 86.48241844614267}, "geometry": {"type": "Polygon", "coordinates": [[[-58.10935780550954, -37.86959455127844], [-58.10599374433183, -37.87243949557142], [-58.102853953899306, -37.87341744517213], [-58.101844735545995, -37.877151434556666], [-58.101844735545995, -37.878485002194004], [-58.10599374433183, -37.880440901395424], [-58.11047915923544, -37.88186337354192], [-58.11193691907911, -37.880440901395424], [-58.112834002059834, -37.87839609768485], [-58.111712648333935, -37.8760845804468], [-58.11227332519689, -37.874484299282], [-58.11216118982429, -37.87261730458973], [-58.11103983609839, -37.870839214406615], [-58.11025488849026, -37.87030578735168], [-58.11103983609839, -37.869861264805905], [-58.11003061774508, -37.86995016931506], [-58.10935780550954, -37.86959455127844]]]}}, {"type": "Feature", "properties": {"id": "288", "area_ha": 131.55937388019643}, "geometry": {"type": "Polygon", "coordinates": [[[-58.136758740100504, -37.87403977673621], [-58.13608592786496, -37.873595254190434], [-58.132946137432434, -37.87368415869959], [-58.12958207625473, -37.87243949557141], [-58.127787910293286, -37.87315073164466], [-58.12633015044961, -37.87235059106226], [-58.1184806743683, -37.8722616865531], [-58.116125831543904, -37.875284439864394], [-58.12016270495715, -37.87697362553835], [-58.12240541240895, -37.87697362553835], [-58.123190360017084, -37.87866281121231], [-58.12251754778154, -37.87839609768484], [-58.116125831543904, -37.88301913216093], [-58.11926562197643, -37.88364146372502], [-58.124199578370394, -37.883374750197554], [-58.13631019861014, -37.87510663084608], [-58.136758740100504, -37.87403977673621]]]}}, {"type": "Feature", "properties": {"id": "289", "area_ha": 1987.5109978006653}, "geometry": {"type": "Polygon", "coordinates": [[[-58.171290279156615, -37.90550283512127], [-58.114846318457055, -37.90550283512127], [-58.114846318457055, -37.941509161325335], [-58.17106584988942, -37.94168697034363], [-58.171290279156615, -37.90550283512127]]]}}, {"type": "Feature", "properties": {"id": "290", "area_ha": 2362.3955604884018}, "geometry": {"type": "Polygon", "coordinates": [[[-58.1712875859695, -37.898502835121256], [-58.114961202097355, -37.898502835121256], [-58.114961202097355, -37.94144774618277], [-58.17106317806563, -37.94153647533785], [-58.1712875859695, -37.898502835121256]]]}}, {"type": "Feature", "properties": {"id": "291", "area_ha": 118.62211329756933}, "geometry": {"type": "Polygon", "coordinates": [[[-58.30631763207544, -37.9598529789496], [-58.30609352741974, -37.96082899965545], [-58.30575737043618, -37.96056281219022], [-58.30598147509189, -37.96020789556991], [-58.30542121345263, -37.96029662472498], [-58.299146283092966, -37.963668332617914], [-58.299034230765116, -37.964023249238224], [-58.30026680637148, -37.96562037402961], [-58.29791370748661, -37.96739495713115], [-58.30161143430569, -37.97209760235024], [-58.30519710879693, -37.975203122777934], [-58.308558678632465, -37.973960914606856], [-58.309679201910974, -37.97200887319516], [-58.31147203915659, -37.97050047755885], [-58.309567149583124, -37.96579783233977], [-58.30631763207544, -37.9598529789496]]]}}, {"type": "Feature", "properties": {"id": "292", "area_ha": 138.14073257288229}, "geometry": {"type": "Polygon", "coordinates": [[[-58.30517163970808, -37.95615752175197], [-58.30046512140715, -37.95846447978395], [-58.30091336124533, -37.959263042179636], [-58.30203396084079, -37.95944050048979], [-58.30192190088125, -37.96059397950578], [-58.30270632059807, -37.961836187676845], [-58.299120401892594, -37.96378822908852], [-58.300241001488054, -37.96582899965527], [-58.297999802297134, -37.967603582756794], [-58.30158572100261, -37.972040040510606], [-58.30561987954626, -37.97523429009335], [-58.30909373829219, -37.97363716530197], [-58.30987815800901, -37.971951311355525], [-58.3115590574022, -37.970176728254], [-58.30517163970808, -37.95615752175197]]]}}, {"type": "Feature", "properties": {"id": "293", "area_ha": 79.04579469586001}, "geometry": {"type": "Polygon", "coordinates": [[[-58.30053565302154, -38.0294740830328], [-58.29975054833322, -38.02965154134293], [-58.29492776239067, -38.0332007075455], [-58.29346971082664, -38.03479783233665], [-58.293357553014026, -38.03586258219742], [-58.29391834207711, -38.03754843614364], [-58.29593718270423, -38.03896810262466], [-58.29795602333134, -38.03958920671011], [-58.29806818114396, -38.04021031079556], [-58.297731707706106, -38.040742685725945], [-58.29717091864302, -38.040742685725945], [-58.29717091864302, -38.041186331501265], [-58.29907760145752, -38.04012158164049], [-58.30636785927765, -38.034709103181584], [-58.30558275458933, -38.03364435332082], [-58.30053565302154, -38.0294740830328]]]}}, {"type": "Feature", "properties": {"id": "294", "area_ha": 55.170817597794695}, "geometry": {"type": "Polygon", "coordinates": [[[-58.282638300905916, -38.02813595768488], [-58.28174108740437, -38.02795849937475], [-58.27927375027512, -38.02795849937475], [-58.27792793002279, -38.0285796034602], [-58.277367171584324, -38.02849087430514], [-58.275797047956615, -38.02982181163111], [-58.27568489626892, -38.03044291571656], [-58.27770362664741, -38.03479064431475], [-58.279834508713584, -38.0354117484002], [-58.281628935716675, -38.0354117484002], [-58.28375981778285, -38.03470191515968], [-58.28476918297209, -38.033725894453966], [-58.285442093098254, -38.03248368628306], [-58.285217789722864, -38.030265457406436], [-58.284432727909014, -38.029200707545655], [-58.282638300905916, -38.02813595768488]]]}}, {"type": "Feature", "properties": {"id": "295", "area_ha": 1129.0348462025825}, "geometry": {"type": "Polygon", "coordinates": [[[-58.26257450187998, -38.02694648089656], [-58.25943352552348, -38.028454876532614], [-58.259545703250495, -38.026502835121256], [-58.227799406504374, -38.026502835121256], [-58.227687228777356, -38.03990093753557], [-58.23037949422579, -38.04265154134248], [-58.227687228777356, -38.04486977021902], [-58.227799406504374, -38.051613186003706], [-58.22936989468263, -38.05063716529803], [-58.23284740422019, -38.05631583122198], [-58.23340829285528, -38.06163958052568], [-58.23037949422579, -38.06430145517753], [-58.234081359217384, -38.06811680884518], [-58.23598838057669, -38.06243814292123], [-58.23441789239844, -38.06075228897506], [-58.239241534660216, -38.05702566446247], [-58.24675744237043, -38.06314797616173], [-58.25651690462101, -38.05622710206692], [-58.26627636687158, -38.06430145517753], [-58.272782675038634, -38.05968753911432], [-58.25718997098311, -38.043893749513344], [-58.25932134779646, -38.04194170810199], [-58.25662908234803, -38.03803762527927], [-58.25909699234242, -38.03812635443433], [-58.256068193712935, -38.03502083400718], [-58.262013613244896, -38.036174313022975], [-58.263920634604204, -38.033512438371126], [-58.262686679607, -38.03031818878891], [-58.25741432643715, -38.02934216808323], [-58.260330947339625, -38.02854360568767], [-58.26717378868773, -38.03129420949459], [-58.26257450187998, -38.02694648089656]]]}}, {"type": "Feature", "properties": {"id": "296", "area_ha": 107.39854417081473}, "geometry": {"type": "Polygon", "coordinates": [[[-58.25275064409182, -38.0336515413428], [-58.25151684076549, -38.03418391627318], [-58.24422618474627, -38.039685123887104], [-58.245572152011356, -38.041637165298496], [-58.247815430786495, -38.04358920670989], [-58.247927594725255, -38.044299039950396], [-58.248712742296554, -38.04474268572571], [-58.24882490623531, -38.045452518966215], [-58.25061952925543, -38.04758201868774], [-58.25297497196933, -38.046517268826975], [-58.258919660723464, -38.04199208191875], [-58.258134513152164, -38.04030622797254], [-58.25364795560188, -38.03471629120356], [-58.25319929984685, -38.034893749513685], [-58.25297497196933, -38.034450103738365], [-58.2533114637856, -38.03427264542824], [-58.25275064409182, -38.0336515413428]]]}}, {"type": "Feature", "properties": {"id": "297", "area_ha": 157.1680134157355}, "geometry": {"type": "Polygon", "coordinates": [[[-58.25354677018733, -38.06761730458181], [-58.25141475249312, -38.06699497301798], [-58.250741483747575, -38.06735059105445], [-58.248385043138185, -38.067261686545336], [-58.24658965981675, -38.06761730458181], [-58.24423321920735, -38.069306490255066], [-58.24288668171627, -38.06841744516388], [-58.239856972361345, -38.07117348494656], [-58.24064245256447, -38.071706912001275], [-58.240979086937244, -38.07695227803929], [-58.23929591507339, -38.08068626742229], [-58.24198899005555, -38.082997784659376], [-58.25758638266057, -38.071618007492155], [-58.25747417120298, -38.07072896240097], [-58.25354677018733, -38.06761730458181]]]}}, {"type": "Feature", "properties": {"id": "298", "area_ha": 131.11325481038796}, "geometry": {"type": "Polygon", "coordinates": [[[-58.23353742276489, -38.07665872936373], [-58.228823510258586, -38.0800304372558], [-58.230507050439414, -38.08233739528722], [-58.22927245430681, -38.082248666132166], [-58.22916021829475, -38.083047228527654], [-58.22747667811393, -38.083490874302925], [-58.22747667811393, -38.084023249233255], [-58.22669102602955, -38.084466895008525], [-58.22568090192105, -38.08420070754336], [-58.22601760995722, -38.08455562416358], [-58.22534419388489, -38.08517672824896], [-58.22478301382461, -38.084910540783795], [-58.2243340697764, -38.08615274895456], [-58.22815009418626, -38.091121581637616], [-58.230507050439414, -38.09209760234321], [-58.24184288765695, -38.08375706176809], [-58.238251335271194, -38.080740270496236], [-58.23836357128325, -38.08038535387602], [-58.23679226711448, -38.07967552063558], [-58.23353742276489, -38.07665872936373]]]}}, {"type": "Feature", "properties": {"id": "299", "area_ha": 325.5806739479867}, "geometry": {"type": "Polygon", "coordinates": [[[-58.22898526363479, -38.051610770775746], [-58.2113707133657, -38.06492014403468], [-58.21316582676892, -38.067670747841525], [-58.21585849687375, -38.066783456290935], [-58.218775556153986, -38.07051008080343], [-58.221468226258814, -38.07024389333826], [-58.21529752393525, -38.07521272602159], [-58.21641946981226, -38.07627747588231], [-58.21843897239088, -38.07618874672725], [-58.21810238862778, -38.076809850812666], [-58.221019447908006, -38.07636620503737], [-58.21855116697858, -38.077608413208196], [-58.21933652909249, -38.077785871518316], [-58.218887750741686, -38.08053647532517], [-58.22920965281019, -38.072639580524864], [-58.23302426879203, -38.07547891348677], [-58.237175468536975, -38.072462122214745], [-58.22954623657329, -38.0646539565695], [-58.23190232291502, -38.06270191515819], [-58.23257549044123, -38.06074987374688], [-58.22898526363479, -38.051610770775746]]]}}, {"type": "Feature", "properties": {"id": "300", "area_ha": 87.61112023117246}, "geometry": {"type": "Polygon", "coordinates": [[[-58.199663198849265, -38.05891054078492], [-58.19696515985366, -38.06139495712659], [-58.19707757814515, -38.06183860290189], [-58.20955600849982, -38.07248610150901], [-58.2110174462891, -38.07248610150901], [-58.21180437432948, -38.07124389333818], [-58.211129864580585, -38.06982422685723], [-58.21011809995723, -38.06920312277181], [-58.211129864580585, -38.06716235220544], [-58.21011809995723, -38.06503285248402], [-58.209668426791296, -38.065476498259315], [-58.209218753625365, -38.0652990399492], [-58.2076448975446, -38.063258269382835], [-58.20460960367454, -38.06104004050635], [-58.20393509392564, -38.05926545740516], [-58.20303574759377, -38.05855562416468], [-58.201461891513006, -38.05837816585457], [-58.199663198849265, -38.05891054078492]]]}}, {"type": "Feature", "properties": {"id": "301", "area_ha": 108.63269329083361}, "geometry": {"type": "Polygon", "coordinates": [[[-58.201702186591476, -38.05768345578114], [-58.19945817216866, -38.059105927927064], [-58.19710195702471, -38.06177306320067], [-58.21034164211932, -38.07297503134981], [-58.2111270471673, -38.07270831782245], [-58.21247345582099, -38.07315284036805], [-58.21213685365757, -38.07368626742277], [-58.21314666014784, -38.07395298095013], [-58.213034459426694, -38.07448640800486], [-58.21438086808039, -38.07448640800486], [-58.214941871686094, -38.07528654858694], [-58.21471747024381, -38.07110803665829], [-58.213034459426694, -38.06924104196676], [-58.2111270471673, -38.06861871040292], [-58.211575850051865, -38.067374047275244], [-58.2105660435616, -38.06524033905636], [-58.20955623707133, -38.06417348494691], [-58.20899523346563, -38.06444019847427], [-58.20742442336966, -38.06266210829187], [-58.20787322625422, -38.06248429927363], [-58.208322029138785, -38.063106630837474], [-58.208209828417644, -38.06248429927363], [-58.206639018321674, -38.06239539476451], [-58.205180408946845, -38.06123963614595], [-58.204843806783416, -38.05946154596354], [-58.20271199308174, -38.05786126479938], [-58.201702186591476, -38.05768345578114]]]}}, {"type": "Feature", "properties": {"id": "302", "area_ha": 1589.7044746533231}, "geometry": {"type": "Polygon", "coordinates": [[[-58.235336593806416, -38.025502835121266], [-58.19618710186134, -38.025502835121266], [-58.19091482071114, -38.031815055269014], [-58.178687615490475, -38.025502835121266], [-58.178687615490475, -38.06470972364461], [-58.19528969230386, -38.05350775549508], [-58.19944021150721, -38.05839750349686], [-58.20818995469264, -38.05235199687648], [-58.21458399778969, -38.05795298095124], [-58.21469617398437, -38.06115354327968], [-58.21996845513457, -38.05724174487826], [-58.21738840265681, -38.045239636146626], [-58.22288503619638, -38.04159455127257], [-58.221763274249525, -38.04452840007364], [-58.22759643637315, -38.050307193166645], [-58.22209980283358, -38.04950705258454], [-58.22658685062098, -38.052174187858235], [-58.229166903098736, -38.050840620221386], [-58.2332052461074, -38.06177587484354], [-58.2301764888509, -38.06533205520847], [-58.233317422302086, -38.0677324769548], [-58.235336593806416, -38.025502835121266]]]}}, {"type": "Feature", "properties": {"id": "303", "area_ha": 65.98157833206284}, "geometry": {"type": "Polygon", "coordinates": [[[-58.16863870431209, -38.04533739528862], [-58.16762909097724, -38.045692311908866], [-58.16359063763786, -38.048797832336014], [-58.162244486524735, -38.049507665576506], [-58.16123487318989, -38.050572415437244], [-58.16661947764239, -38.055275060655504], [-58.168189987274374, -38.05447649825995], [-58.17402330876459, -38.05004004050688], [-58.173911129505164, -38.049507665576506], [-58.17054575172235, -38.046757061769604], [-58.17020921394407, -38.04604722852911], [-58.16863870431209, -38.04533739528862]]]}}, {"type": "Feature", "properties": {"id": "304", "area_ha": 49.982031343634475}, "geometry": {"type": "Polygon", "coordinates": [[[-58.16146162517934, -38.01499497302003], [-58.154832749018645, -38.01979581651298], [-58.155057456685114, -38.02032924356775], [-58.15752924101622, -38.021929524732066], [-58.15797865634915, -38.0220184292412], [-58.158877487015005, -38.02281856982336], [-58.16011337918056, -38.02308528335074], [-58.16123691751288, -38.02272966531423], [-58.166629901508024, -38.018728962403436], [-58.166180486175094, -38.018017726330406], [-58.16146162517934, -38.01499497302003]]]}}, {"type": "Feature", "properties": {"id": "305", "area_ha": 1252.171369300923}, "geometry": {"type": "Polygon", "coordinates": [[[-58.18780985910702, -38.02898489389763], [-58.18960761856826, -38.03413118489149], [-58.18837165893866, -38.04318155870828], [-58.19129301806318, -38.04327028786334], [-58.19151773799583, -38.04477868349947], [-58.19376493732238, -38.04318155870828], [-58.19432673715402, -38.04539978758494], [-58.23297856557069, -38.04539978758494], [-58.23432688516662, -38.044068850258945], [-58.23825948398808, -38.04522232927481], [-58.24174264294424, -38.04256045462281], [-58.244102202237116, -38.04398012110388], [-58.24421456220344, -38.017982478669374], [-58.236686444459494, -38.023217498818305], [-58.23207968584007, -38.01993452008084], [-58.225562807793075, -38.024992081919635], [-58.216574010486866, -38.01745010373898], [-58.20646161351739, -38.02463716529937], [-58.201742494931636, -38.020023249235905], [-58.20533801385412, -38.01913595768524], [-58.200843615201016, -38.01549806232752], [-58.193540217389724, -38.02091054078657], [-58.19702337634588, -38.0242822486791], [-58.19028177836623, -38.03075947699896], [-58.19207953782747, -38.03563958052762], [-58.18780985910702, -38.02898489389763]]]}}, {"type": "Feature", "properties": {"id": "306", "area_ha": 95.27052343236961}, "geometry": {"type": "Polygon", "coordinates": [[[-58.21204617941159, -38.02132060401719], [-58.21069774939255, -38.02203043725771], [-58.20238243094182, -38.02850766557749], [-58.20316901511959, -38.02948368628321], [-58.210360641887796, -38.03525108136246], [-58.21339460943063, -38.033387769106085], [-58.21732753031949, -38.0302822486788], [-58.2160914694687, -38.02886258219775], [-58.21519251612268, -38.028418936422426], [-58.21384408610364, -38.02664435332112], [-58.21170907190683, -38.024958499374875], [-58.21170907190683, -38.02451485359955], [-58.21114722606556, -38.024337395289415], [-58.211596702738575, -38.02380502035902], [-58.21114722606556, -38.02353883289383], [-58.21114722606556, -38.02247408303304], [-58.211484333570326, -38.02229662472291], [-58.21193381024334, -38.022562812188106], [-58.21204617941159, -38.02132060401719]]]}}, {"type": "Feature", "properties": {"id": "307", "area_ha": 80.33583244912602}, "geometry": {"type": "Polygon", "coordinates": [[[-58.2510496064345, -38.02110592792849], [-58.24947961139829, -38.02226168654714], [-58.24802175886467, -38.0243953947662], [-58.24790961636209, -38.026618007494385], [-58.248470328875015, -38.02759595709478], [-58.24992818140864, -38.029196238259075], [-58.25205888895778, -38.029996378841226], [-58.25441388151209, -38.03008528335035], [-58.256544589061235, -38.02955185629558], [-58.25889958161555, -38.0279515751313], [-58.25934815162589, -38.026351293967004], [-58.25934815162589, -38.02483991731184], [-58.258787439112965, -38.0234174451658], [-58.25732958657934, -38.022083877528885], [-58.25508673652761, -38.021194832437615], [-58.2510496064345, -38.02110592792849]]]}}, {"type": "Feature", "properties": {"id": "308", "area_ha": 143.35897947923587}, "geometry": {"type": "Polygon", "coordinates": [[[-58.14007699471318, -37.98503907382019], [-58.13816770880752, -37.985572500874994], [-58.13210291828366, -37.98521688283846], [-58.12761048085857, -37.98619483243893], [-58.128621279279216, -37.987439495566804], [-58.12918283395735, -37.990728962404766], [-58.13041825424925, -37.99312938415138], [-58.12996901050674, -37.996596660007604], [-58.13053056518488, -37.99624104197107], [-58.130642876120504, -37.99686337353501], [-58.13154136360552, -37.99695227804414], [-58.13154136360552, -37.99757460960808], [-58.13243985109054, -37.997663514117214], [-58.13524762448122, -38.00015284037296], [-58.13513531354559, -38.00059736291863], [-58.13468606980308, -38.000419553900365], [-58.13524762448122, -38.00139750350084], [-58.13423682606057, -38.00157531251911], [-58.13513531354559, -38.001930930555645], [-58.13389989325369, -38.00228654859218], [-58.13368074996466, -38.00215644443247], [-58.133787582318064, -38.00308668917439], [-58.14086317126257, -37.99837475019029], [-58.13940312909942, -37.98823963614901], [-58.14007699471318, -37.98503907382019]]]}}, {"type": "Feature", "properties": {"id": "309", "area_ha": 14.320283239851161}, "geometry": {"type": "Polygon", "coordinates": [[[-58.10844179998602, -37.89659525418946], [-58.107656607150076, -37.897217585753516], [-58.106871414314135, -37.897573203790124], [-58.106647073503865, -37.89801772633588], [-58.10844179998602, -37.89988472102806], [-58.109787844847624, -37.900951575137874], [-58.11012435606303, -37.90104047964702], [-58.110460867278434, -37.901307193174475], [-58.11225559376058, -37.90015143455551], [-58.11247993457085, -37.899706912009755], [-58.11191908254518, -37.89899567593655], [-58.10922699282195, -37.89659525418946], [-58.10844179998602, -37.89659525418946]]]}}, {"type": "Feature", "properties": {"id": "310", "area_ha": 33.633406139438456}, "geometry": {"type": "Polygon", "coordinates": [[[-58.10635828599134, -37.89808387753377], [-58.10590958608117, -37.89817278204292], [-58.103105211642585, -37.90021758575339], [-58.101759111912074, -37.90137334437235], [-58.10142258697944, -37.90190677142726], [-58.10187128688961, -37.90350705259197], [-58.10220781182225, -37.90404047964687], [-58.103329561597675, -37.904662811210926], [-58.104675661328194, -37.90510733375668], [-58.10748003576677, -37.903418148082814], [-58.10994788527272, -37.90155115339065], [-58.10983571029517, -37.9011066308449], [-58.10826526060957, -37.899950872225936], [-58.10635828599134, -37.89808387753377]]]}}, {"type": "Feature", "properties": {"id": "311", "area_ha": 1261.9499549710988}, "geometry": {"type": "Polygon", "coordinates": [[[-58.02596780857058, -37.889502835121256], [-57.99685288729163, -37.889591915678935], [-57.99752736423246, -37.93439943619291], [-58.02596780857058, -37.93439943619291], [-58.02596780857058, -37.889502835121256]]]}}, {"type": "Feature", "properties": {"id": "312", "area_ha": 1650.5397963261007}, "geometry": {"type": "Polygon", "coordinates": [[[-58.02584909123466, -37.89450283512127], [-57.98796339467243, -37.89450283512127], [-57.98841307653073, -37.93939961224097], [-58.02573667077009, -37.93939961224097], [-58.02584909123466, -37.89450283512127]]]}}, {"type": "Feature", "properties": {"id": "313", "area_ha": 2377.242407488895}, "geometry": {"type": "Polygon", "coordinates": [[[-58.06628797065327, -37.89950283512126], [-58.00996148875718, -37.89950283512126], [-58.010636057402635, -37.94439961224049], [-58.026263564355844, -37.94439961224049], [-58.0275002735392, -37.94244371303925], [-58.066063114438116, -37.94244371303925], [-58.06628797065327, -37.89950283512126]]]}}, {"type": "Feature", "properties": {"id": "314", "area_ha": 49.13381189212853}, "geometry": {"type": "Polygon", "coordinates": [[[-58.662733131738364, -37.54176978718958], [-58.66062458124047, -37.54176978718958], [-58.65984774684651, -37.54203492873181], [-58.658072125374595, -37.54336063644293], [-58.65751724366463, -37.5445095831259], [-58.65751724366463, -37.5455701492948], [-58.658183101716595, -37.547160998548144], [-58.65907091245255, -37.548044803688896], [-58.660069699530496, -37.54848670625927], [-58.66162336831842, -37.54884022831557], [-58.66373191881632, -37.54857508677335], [-58.66539656394623, -37.54760290111852], [-58.66650632736617, -37.545835290837026], [-58.66639535102418, -37.5441560610696], [-58.665507540288225, -37.542918733872554], [-58.664286800526284, -37.54212330924588], [-58.662733131738364, -37.54176978718958]]]}}, {"type": "Feature", "properties": {"id": "315", "area_ha": 79.17856756309784}, "geometry": {"type": "Polygon", "coordinates": [[[-58.652568649260424, -37.54170922102065], [-58.650678304988325, -37.541620840506575], [-58.64745360005356, -37.54285816770362], [-58.6471200098879, -37.543741972844366], [-58.64600804266902, -37.54462577798511], [-58.64567445250335, -37.54648176878068], [-58.64623043611279, -37.54824937906218], [-58.646564026278455, -37.54842614009033], [-58.64745360005356, -37.54824937906218], [-58.64723120660979, -37.54869128163255], [-58.646675223000344, -37.5488680426607], [-58.64700881316601, -37.549221564716994], [-58.6498999279351, -37.55081241397034], [-58.652568649260424, -37.55063565294219], [-58.65557096075141, -37.549398325745145], [-58.656571731248405, -37.54833775957625], [-58.65723891157973, -37.54701205186513], [-58.657016518135954, -37.54497930004141], [-58.65612694436085, -37.543476831302144], [-58.65423660008875, -37.542151123591026], [-58.652568649260424, -37.54170922102065]]]}}, {"type": "Feature", "properties": {"id": "316", "area_ha": 49.562654966241375}, "geometry": {"type": "Polygon", "coordinates": [[[-58.57606676405119, -37.59085816770167], [-58.57417892466703, -37.590769787187604], [-58.572846332160566, -37.5910349287298], [-58.57106954215194, -37.59236063644079], [-58.57040324589871, -37.59350958312364], [-58.57029219652317, -37.594923671348695], [-58.570625344649784, -37.59589585700342], [-58.57206898653179, -37.59730994522847], [-58.573401579038254, -37.59784022831286], [-58.57595571467565, -37.59792860882693], [-58.577066208431035, -37.5974867062566], [-58.57839880093751, -37.59651452060188], [-58.579176146566276, -37.595365573919025], [-58.579287195941816, -37.59368634415177], [-58.57884299843966, -37.59271415849705], [-58.57762145530873, -37.59156521181419], [-58.57606676405119, -37.59085816770167]]]}}, {"type": "Feature", "properties": {"id": "317", "area_ha": 48.48813887048376}, "geometry": {"type": "Polygon", "coordinates": [[[-58.573954974927595, -37.58421168975822], [-58.57240042988915, -37.58394654821602], [-58.57051276805675, -37.58403492873009], [-58.56918030088094, -37.58447683130042], [-58.56806991156776, -37.58527225592703], [-58.56729263904854, -37.58650958312397], [-58.56718160011722, -37.588100432377175], [-58.567403677979854, -37.58880747648971], [-58.56806991156776, -37.589602901116315], [-58.56918030088094, -37.59039832574292], [-58.57051276805675, -37.590840228313255], [-58.5720673130952, -37.59092860882732], [-58.57406601385891, -37.59048670625698], [-58.575398481034725, -37.58942614008818], [-58.57606471462263, -37.58818881289124], [-58.57606471462263, -37.58677472466617], [-58.57550951996604, -37.58553739746923], [-58.573954974927595, -37.58421168975822]]]}}, {"type": "Feature", "properties": {"id": "318", "area_ha": 76.52801829100795}, "geometry": {"type": "Polygon", "coordinates": [[[-58.4932374083114, -37.6826208405012], [-58.48933813582039, -37.68288598204335], [-58.486330125613044, -37.68474197283837], [-58.48599590225667, -37.685449016950756], [-58.48766701903853, -37.688630715456505], [-58.490006582533134, -37.69075184779366], [-58.48978376696222, -37.691812413962246], [-58.49045221367496, -37.692431077560585], [-58.49156629152954, -37.69278459961678], [-58.49268036938411, -37.69225431653249], [-58.49412867059506, -37.69075184779366], [-58.49579978737692, -37.690044803681275], [-58.495576971806, -37.68969128162509], [-58.49624541851875, -37.68924937905484], [-58.49646823408966, -37.68951452059699], [-58.49613401073329, -37.68986804265318], [-58.49724808858787, -37.68986804265318], [-58.4984735742279, -37.68942614008294], [-58.49825075865699, -37.68907261802674], [-58.49780512751516, -37.68924937905484], [-58.497693719729696, -37.68871909597055], [-58.49791653530061, -37.688542334942454], [-58.49825075865699, -37.6888074764846], [-58.4984735742279, -37.688453954428404], [-58.4984735742279, -37.68712824671768], [-58.49490852509326, -37.68421168975408], [-58.49412867059506, -37.682974362557395], [-58.4932374083114, -37.6826208405012]]]}}, {"type": "Feature", "properties": {"id": "319", "area_ha": 128.95715240337913}, "geometry": {"type": "Polygon", "coordinates": [[[-58.475094988615204, -37.672202880700254], [-58.475094988615204, -37.672822762140335], [-58.47565197497671, -37.67326553459753], [-58.47520638588751, -37.67406252502049], [-58.476320358610515, -37.676099278323605], [-58.47620896133821, -37.67733904120376], [-58.480776249502526, -37.67937579450687], [-58.48411816767154, -37.683537855604534], [-58.48556633221145, -37.68460050950181], [-58.49358693581708, -37.67911013103255], [-58.48935383946966, -37.675036624426326], [-58.48746008584055, -37.67397397052905], [-58.487348688568254, -37.67326553459753], [-58.485900524028345, -37.67193721722594], [-58.48333838676544, -37.67202577171738], [-58.482892797676236, -37.67255709866602], [-58.48189022222553, -37.67202577171738], [-58.475094988615204, -37.672202880700254]]]}}, {"type": "Feature", "properties": {"id": "320", "area_ha": 2063.8368296488948}, "geometry": {"type": "Polygon", "coordinates": [[[-58.64619372954512, -37.66811343428501], [-58.64074622850199, -37.67032294713627], [-58.638749873343876, -37.673893830010975], [-58.6401903610486, -37.6649317357792], [-58.62707188914882, -37.65450283512126], [-58.60305841516277, -37.65450283512126], [-58.590829331188395, -37.66342926704034], [-58.59105167816975, -37.66961590302387], [-58.5936086684553, -37.666345824004004], [-58.596388005722204, -37.66829019531311], [-58.590940504679075, -37.67244407947348], [-58.59116285166043, -37.68605467863724], [-58.598722649026406, -37.68852933303065], [-58.60316958865345, -37.68269621910333], [-58.59950086346114, -37.6880874304604], [-58.60350310912548, -37.692241314620766], [-58.598852825966645, -37.69532984248342], [-58.603391935634804, -37.69754414546379], [-58.60094611883993, -37.699400136258845], [-58.64030153453928, -37.699400136258845], [-58.64074622850199, -37.69559977415468], [-58.64185796340875, -37.699311755744795], [-58.64686077048918, -37.699400136258845], [-58.64697194397985, -37.689501518685205], [-58.64030153453928, -37.687026864291795], [-58.64686077048918, -37.68552439555294], [-58.64163561642739, -37.682342697047126], [-58.6471942909612, -37.67871909597106], [-58.64619372954512, -37.66811343428501]], [[-58.63809589922295, -37.677962575393316], [-58.64096857548334, -37.67898423751321], [-58.637633370763055, -37.68084022830827], [-58.63809589922295, -37.677962575393316]]]}}, {"type": "Feature", "properties": {"id": "321", "area_ha": 187.8721754618738}, "geometry": {"type": "Polygon", "coordinates": [[[-58.280282949623796, -38.041231874861495], [-58.278600283718525, -38.04194170810199], [-58.274225352364816, -38.04513595768421], [-58.27467406327289, -38.04620070754495], [-58.27355228600271, -38.047176728250626], [-58.27265486418656, -38.04744291571581], [-58.27186962009744, -38.04691054078544], [-58.265475489657405, -38.051613186003706], [-58.26592420056548, -38.052500477554325], [-58.27355228600271, -38.05888897671877], [-58.28824756824208, -38.048330207266424], [-58.280282949623796, -38.041231874861495]]]}}, {"type": "Feature", "properties": {"id": "322", "area_ha": 65.06964133111845}, "geometry": {"type": "Polygon", "coordinates": [[[-58.039908337317875, -37.79685343000803], [-58.037891951880205, -37.79685343000803], [-58.035763545029326, -37.79765515502735], [-58.03441928807088, -37.798902282835186], [-58.033859181004864, -37.80014941064302], [-58.033859181004864, -37.80148561900857], [-58.03475535231049, -37.803356310720325], [-58.035427480789714, -37.80397987462425], [-58.03665971633496, -37.80460343852816], [-58.03856408035943, -37.805048841316676], [-58.04024440155749, -37.804959760758976], [-58.04237280840836, -37.80406895518195], [-58.043605043953605, -37.80291090793181], [-58.04416515101963, -37.80157469956627], [-58.04416515101963, -37.80023849120073], [-58.043381001127194, -37.79863504116208], [-58.041588658515934, -37.797298832796535], [-58.039908337317875, -37.79685343000803]]]}}, {"type": "Feature", "properties": {"id": "323", "area_ha": 239.40875353014957}, "geometry": {"type": "Polygon", "coordinates": [[[-58.053853629660914, -37.753327837754846], [-58.044991296234805, -37.75990677143397], [-58.05744343560567, -37.7700418854802], [-58.057555617041444, -37.770842026062795], [-58.05677034699103, -37.770575312535264], [-58.053741448225146, -37.7727979252647], [-58.05721907273412, -37.776176296613436], [-58.06080887867888, -37.77377587486565], [-58.05979924575691, -37.7727979252647], [-58.06125760442197, -37.77226449820963], [-58.06092106011465, -37.77324244781058], [-58.064847410366724, -37.7767097236685], [-58.065520498981364, -37.776176296613436], [-58.06608140616023, -37.77662081915933], [-58.06608140616023, -37.7747538244666], [-58.06540831754559, -37.77582067857673], [-58.06294032595857, -37.77342025682894], [-58.063949958880535, -37.773153543301405], [-58.06540831754559, -37.77066421704444], [-58.06720322051797, -37.77093093057197], [-58.06709103908219, -37.76986407646184], [-58.06574486185291, -37.76897503137007], [-58.06574486185291, -37.76693022765899], [-58.06709103908219, -37.76461871042037], [-58.053853629660914, -37.753327837754846]]]}}, {"type": "Feature", "properties": {"id": "324", "area_ha": 35.6152521120532}, "geometry": {"type": "Polygon", "coordinates": [[[-58.05850741931027, -37.762417445176794], [-58.05805866323224, -37.76321758575938], [-58.05805866323224, -37.76455115339703], [-58.05861960832977, -37.76544019848879], [-58.05951712048583, -37.766151434562204], [-58.061087766758924, -37.76659595710809], [-58.06366811420759, -37.76659595710809], [-58.06378030322709, -37.76624033907138], [-58.063555925188076, -37.76606253005303], [-58.06411687028561, -37.76570691201632], [-58.06467781538315, -37.76606253005303], [-58.06411687028561, -37.76624033907138], [-58.06467781538315, -37.76650705259891], [-58.06422905930512, -37.76659595710809], [-58.065350949500186, -37.766684861617264], [-58.06568751655871, -37.766418148089734], [-58.06613627263674, -37.76659595710809], [-58.06647283969526, -37.76624033907138], [-58.066248461656244, -37.76606253005303], [-58.06680940675378, -37.76561800750714], [-58.06703378479279, -37.764640057906206], [-58.06344373616857, -37.76152840008503], [-58.06187308989547, -37.76117278204832], [-58.06052682166139, -37.761261686557496], [-58.05951712048583, -37.7616173045942], [-58.05850741931027, -37.762417445176794]]]}}, {"type": "Feature", "properties": {"id": "325", "area_ha": 36.778924530945844}, "geometry": {"type": "Polygon", "coordinates": [[[-58.28872267778488, -37.71655562417919], [-58.287382563857214, -37.717531644885554], [-58.28693585921466, -37.7177091031958], [-58.28637747841147, -37.71762037404068], [-58.285819097608275, -37.719394957143145], [-58.289281058588074, -37.7225892067276], [-58.29073284867638, -37.72356522743396], [-58.29441816197745, -37.720814623625124], [-58.29486486662, -37.72001606122901], [-58.29486486662, -37.71868512390216], [-58.2939714573349, -37.71815274897142], [-58.29374810501362, -37.71833020728167], [-58.293859781174255, -37.718507665591915], [-58.29352475269234, -37.71859639474704], [-58.290621172515735, -37.71717672826506], [-58.28872267778488, -37.71655562417919]]]}}, {"type": "Feature", "properties": {"id": "326", "area_ha": 47.93200129620221}, "geometry": {"type": "Polygon", "coordinates": [[[-58.57312419500254, -37.56485816770272], [-58.57145575165071, -37.56485816770272], [-58.57034345608282, -37.565123309244925], [-58.56834132406062, -37.56662577798413], [-58.56800763539025, -37.567332822096695], [-58.567896405833466, -37.56883529083589], [-58.56845255361741, -37.570249379061025], [-58.57000976741245, -37.57139832574394], [-58.571789440321076, -37.571928608828365], [-58.57290173588896, -37.571928608828365], [-58.57490386791117, -37.57130994522987], [-58.57546001569511, -37.57130994522987], [-58.57634985214942, -37.57007261803288], [-58.576683540819786, -37.568923671349964], [-58.576683540819786, -37.567686344152975], [-58.57623862259263, -37.56662577798413], [-58.57512632702474, -37.56653739747006], [-58.575015097467954, -37.566095494899706], [-58.575237556581534, -37.56583035335749], [-58.57468140879759, -37.56538845078714], [-58.57312419500254, -37.56485816770272]]]}}, {"type": "Feature", "properties": {"id": "327", "area_ha": 111.17622622768057}, "geometry": {"type": "Polygon", "coordinates": [[[-58.42596541590324, -37.67732818849469], [-58.42295162354732, -37.677151079511816], [-58.420719184765154, -37.67768240646045], [-58.419044855678536, -37.67865650586628], [-58.417258904652805, -37.68104747713514], [-58.417258904652805, -37.68388122086119], [-58.41826350210478, -37.68547520170709], [-58.41971458731318, -37.68671496458724], [-58.42239351385178, -37.68768906399307], [-58.42440270875573, -37.68777761848451], [-58.42596541590324, -37.68742340051875], [-58.42663514753789, -37.68760050950163], [-58.42942569601559, -37.68582941967285], [-58.42964893989381, -37.685209538232776], [-58.43065353734578, -37.68467821128414], [-58.43054191540668, -37.68140169510089], [-58.42987218377203, -37.679896268746425], [-58.42842109856362, -37.67839084239196], [-58.42596541590324, -37.67732818849469]]]}}, {"type": "Feature", "properties": {"id": "328", "area_ha": 248.94226636855745}, "geometry": {"type": "Polygon", "coordinates": [[[-58.409815013604636, -37.6684405004959], [-58.40602745529011, -37.669416521202336], [-58.40469067000263, -37.66888414627155], [-58.40157150433184, -37.670215083598514], [-58.38898344287473, -37.67899926995645], [-58.39566736931213, -37.68538776912586], [-58.39967772517458, -37.68831583124517], [-58.40079171291414, -37.687694727159254], [-58.40146010555788, -37.68618633152203], [-58.40212849820162, -37.68627506067716], [-58.40290828961932, -37.68529903997073], [-58.40368808103702, -37.68574268574638], [-58.403353884715145, -37.68538776912586], [-58.40469067000263, -37.6852103108156], [-58.411263197666074, -37.68033020728341], [-58.410594805022335, -37.6794429157321], [-58.409815013604636, -37.6684405004959]]]}}, {"type": "Feature", "properties": {"id": "329", "area_ha": 38.916769729625564}, "geometry": {"type": "Polygon", "coordinates": [[[-58.426277056560586, -37.88860470466912], [-58.42515769097241, -37.88913603161752], [-58.42426219850188, -37.88984446754872], [-58.42381445226661, -37.89099567593692], [-58.42381445226661, -37.89223543881653], [-58.42426219850188, -37.89303242923913], [-58.42616512000177, -37.89453785559294], [-58.426277056560586, -37.89489207355854], [-58.42650092967822, -37.89471496457573], [-58.428291914619294, -37.89480351906713], [-58.428291914619294, -37.895069182541334], [-58.428627724295744, -37.89515773703273], [-58.429970963001544, -37.89409508313593], [-58.43075451891327, -37.89374086517033], [-58.43131420170735, -37.89303242923913], [-58.43176194794262, -37.89214688432513], [-58.4316500113838, -37.89046434898852], [-58.42985902644273, -37.88878181365192], [-58.42817997806048, -37.888427595686316], [-58.426277056560586, -37.88860470466912]]]}}, {"type": "Feature", "properties": {"id": "330", "area_ha": 82.01922815907342}, "geometry": {"type": "Polygon", "coordinates": [[[-58.406442673459345, -37.87846854416807], [-58.40041043116987, -37.882719159755325], [-58.40867683727027, -37.89024629152443], [-58.41470907955975, -37.88626133941138], [-58.414820787750294, -37.88581856695437], [-58.40711292260262, -37.878734207642275], [-58.406442673459345, -37.87846854416807]]]}}, {"type": "Feature", "properties": {"id": "331", "area_ha": 44.74858276869118}, "geometry": {"type": "Polygon", "coordinates": [[[-58.335291770733676, -37.849361374589904], [-58.33495612511477, -37.849361374589904], [-58.328466976482595, -37.85397529065501], [-58.3288026221015, -37.854596394740696], [-58.33126402330681, -37.85672589446305], [-58.334284833876964, -37.85699208192835], [-58.33931951816054, -37.853442915724415], [-58.33887199066867, -37.85273308248363], [-58.33730564444711, -37.851757061777555], [-58.336298707590394, -37.85078104107147], [-58.33618682571743, -37.85015993698579], [-58.335291770733676, -37.849361374589904]]]}}, {"type": "Feature", "properties": {"id": "332", "area_ha": 972.2531276679548}, "geometry": {"type": "Polygon", "coordinates": [[[-58.52633964775511, -37.53950283512126], [-58.50732092545149, -37.554291435195346], [-58.51410538194576, -37.560136031631814], [-58.518554205876434, -37.5596932591745], [-58.520556176645236, -37.562084230443965], [-58.52689575074645, -37.562438448409814], [-58.530009927497915, -37.56580351908536], [-58.53412508963379, -37.56562641010243], [-58.53401386903552, -37.568991480777974], [-58.536349501599126, -37.570939679590126], [-58.53979734014539, -37.57102823408159], [-58.5431339580934, -37.56934569874382], [-58.5441349434778, -37.57049690713282], [-58.54168809031593, -37.57217944247059], [-58.541576869717666, -37.575455958654665], [-58.5441349434778, -37.57731560297536], [-58.54691545843447, -37.5772270484839], [-58.549473532194604, -37.575190295180285], [-58.54969597339114, -37.57209088797913], [-58.55536822390275, -37.57279932391082], [-58.55725897407328, -37.57049690713282], [-58.55514578270621, -37.56420953823905], [-58.55281015014261, -37.562438448409814], [-58.55025207638247, -37.56296977535858], [-58.54702667903273, -37.55933904120866], [-58.548027664417134, -37.55703662443066], [-58.55180916475821, -37.55615107951604], [-58.549028649801535, -37.54826972977596], [-58.5474715614258, -37.54782695731865], [-58.547137899631004, -37.54304501477973], [-58.54179931091419, -37.54207091537365], [-58.54090954612806, -37.53950283512126], [-58.52633964775511, -37.53950283512126]]]}}, {"type": "Feature", "properties": {"id": "333", "area_ha": 48.9696614502165}, "geometry": {"type": "Polygon", "coordinates": [[[-58.540903108962546, -37.57663060527624], [-58.53912314925336, -37.57654205078478], [-58.53723194206236, -37.577073377733534], [-58.535896972280476, -37.57804747713957], [-58.535340734871355, -37.578844467562696], [-58.5351182399077, -37.58061555739186], [-58.535563229835, -37.58167821128936], [-58.536898199616886, -37.58300652866124], [-58.53823316939877, -37.58353785560998], [-58.540346871553425, -37.583626410101445], [-58.54190433629896, -37.583183637644154], [-58.543461801044494, -37.58203242925519], [-58.544018038453615, -37.580969775357694], [-58.54412928593543, -37.57973001247728], [-58.54357304852632, -37.57831314061395], [-58.5425718211899, -37.57733904120791], [-58.540903108962546, -37.57663060527624]]]}}, {"type": "Feature", "properties": {"id": "334", "area_ha": 58.12698338774107}, "geometry": {"type": "Polygon", "coordinates": [[[-58.52490200314001, -37.585213733412544], [-58.52434569100253, -37.58530228790401], [-58.519895193902705, -37.58840169510498], [-58.51789247020779, -37.58911013103663], [-58.51700237078783, -37.59008423044265], [-58.52189791759763, -37.59468906399838], [-58.522899279445085, -37.59433484603256], [-58.52779482625489, -37.59088122086576], [-58.52868492567485, -37.58981856696828], [-58.52868492567485, -37.58919868552809], [-58.52823987596487, -37.58857880408789], [-58.525903364987464, -37.586542050784395], [-58.525903364987464, -37.586010723835656], [-58.52490200314001, -37.585833614852746], [-58.52534705284999, -37.58547939688692], [-58.52490200314001, -37.585213733412544]]]}}, {"type": "Feature", "properties": {"id": "335", "area_ha": 48.81970099804751}, "geometry": {"type": "Polygon", "coordinates": [[[-58.57801192874753, -37.714364941796404], [-58.576785930484036, -37.714364941796404], [-58.575114114670185, -37.714807714253574], [-58.5737766620191, -37.715781813659326], [-58.57310793569356, -37.717110131030815], [-58.57299648130597, -37.718704111876605], [-58.573665207631514, -37.719855320265225], [-58.575114114670185, -37.72100652865385], [-58.57712029364681, -37.72162641009388], [-58.578457746297886, -37.72162641009388], [-58.58068683404969, -37.72038664721382], [-58.581578469150415, -37.719323993316635], [-58.581912832313186, -37.717110131030815], [-58.58068683404969, -37.7154275956936], [-58.57912647262343, -37.714630605270706], [-58.57801192874753, -37.714364941796404]]]}}, {"type": "Feature", "properties": {"id": "336", "area_ha": 34.418306208025804}, "geometry": {"type": "Polygon", "coordinates": [[[-57.94542535187095, -37.791728259501255], [-57.945088643629056, -37.791817164010425], [-57.94531311579032, -37.79199497302877], [-57.94520087970969, -37.79243949557462], [-57.943854046742096, -37.79243949557462], [-57.943741810661464, -37.79199497302877], [-57.9435173385002, -37.79243949557462], [-57.94273168593577, -37.79252840008379], [-57.942394977693866, -37.792972922629644], [-57.94093590864564, -37.793950872230525], [-57.941048144726274, -37.794217585758034], [-57.94015025608121, -37.79457320379472], [-57.939925783919946, -37.79599567594145], [-57.94026249216184, -37.7970625300515], [-57.941160380806906, -37.7979515751432], [-57.94194603337134, -37.79830719317989], [-57.94419075498399, -37.798751715725736], [-57.94486417146779, -37.7985739067074], [-57.94598653227412, -37.7979515751432], [-57.94677218483855, -37.796351293978134], [-57.94733336524171, -37.79581786692311], [-57.946996656999815, -37.79475101281306], [-57.94587429619349, -37.794039776739695], [-57.94609876835475, -37.79377306321218], [-57.94643547659665, -37.79377306321218], [-57.946996656999815, -37.793061827138814], [-57.94542535187095, -37.791728259501255]]]}}, {"type": "Feature", "properties": {"id": "337", "area_ha": 79.57825666987156}, "geometry": {"type": "Polygon", "coordinates": [[[-58.09152717939887, -37.81290677143147], [-58.09085494168943, -37.81112868124812], [-58.08771783237871, -37.808194832445594], [-58.08794191161519, -37.806861264808084], [-58.08760579276046, -37.806327837753074], [-58.08659743619631, -37.80588331520724], [-58.08626131734159, -37.806772360298915], [-58.085252960777424, -37.80623893324391], [-58.08390848535854, -37.80739469186309], [-58.08390848535854, -37.80775030989976], [-58.085252960777424, -37.808639354991435], [-58.08480480230447, -37.80961730459227], [-58.083460326885586, -37.80890606851894], [-58.083236247649104, -37.808105927936424], [-58.082676049557904, -37.80792811891809], [-58.08077137604782, -37.80979511361061], [-58.07640183093646, -37.81272896241313], [-58.07606571208174, -37.813351293977306], [-58.084356643831505, -37.816640760816504], [-58.089846585125265, -37.81299567594064], [-58.089846585125265, -37.81264005790397], [-58.089286387034065, -37.8128178669223], [-58.089510466270546, -37.8122844398673], [-58.09018270397999, -37.8125511533948], [-58.090406783216466, -37.8122844398673], [-58.09152717939887, -37.81290677143147]]]}}, {"type": "Feature", "properties": {"id": "338", "area_ha": 17.43468347234046}, "geometry": {"type": "Polygon", "coordinates": [[[-58.41936147897338, -37.76621749883065], [-58.418692318850475, -37.76524147812439], [-58.417688578666116, -37.76444291572835], [-58.4156810982974, -37.764354186573236], [-58.41456583142589, -37.76453164488347], [-58.41333903786723, -37.76497529065904], [-58.41244682437002, -37.76577385305507], [-58.412112244308574, -37.766394957140875], [-58.412112244308574, -37.76692733207157], [-58.41188919093427, -37.76745970700225], [-58.412000717621424, -37.767992081932945], [-58.41222377099572, -37.76825826939829], [-58.417911632040415, -37.766661144606225], [-58.41924995228623, -37.766394957140875], [-58.41936147897338, -37.76621749883065]]]}}, {"type": "Feature", "properties": {"id": "339", "area_ha": 462.5003966254351}, "geometry": {"type": "Polygon", "coordinates": [[[-58.412595341969876, -37.75225468188638], [-58.39687092952815, -37.763235438822996], [-58.39754005346184, -37.76376676577154], [-58.39642484690569, -37.763589656788696], [-58.39397139248216, -37.76606918254858], [-58.39542116100515, -37.767840272377065], [-58.39820917739553, -37.76881437178273], [-58.3979861360843, -37.76969991669698], [-58.40512345804367, -37.773773423302494], [-58.40668474722228, -37.7734192053368], [-58.406350185255434, -37.774924631691015], [-58.41582944098271, -37.77846681134799], [-58.41895201933993, -37.77589873109668], [-58.421405473763464, -37.77731560295947], [-58.421628515074694, -37.775367404148135], [-58.42352436622015, -37.773773423302494], [-58.41906353999555, -37.76934569873128], [-58.420736349829774, -37.768725817291305], [-58.42129395310785, -37.767397499919944], [-58.42653542392176, -37.7668661729714], [-58.42698150654422, -37.76465231068578], [-58.42809671310037, -37.76429809272009], [-58.423412845564535, -37.75987036814887], [-58.421851556385924, -37.76022458611457], [-58.41661008557202, -37.7556197525605], [-58.41460271377095, -37.755708307051925], [-58.412595341969876, -37.75225468188638]]]}}, {"type": "Feature", "properties": {"id": "340", "area_ha": 57.31526078858607}, "geometry": {"type": "Polygon", "coordinates": [[[-58.11189095383517, -37.54310592794624], [-58.11066291273217, -37.543994973038416], [-58.109323231528876, -37.54586196773197], [-58.109211591428604, -37.54781786693474], [-58.11010471223079, -37.5496848616283], [-58.11144439343408, -37.550929524757336], [-58.11267243453709, -37.55146295181264], [-58.114347036041195, -37.55146295181264], [-58.11468195634202, -37.55119623828499], [-58.11568671724448, -37.55172966534029], [-58.116468197946396, -37.55172966534029], [-58.118254439550775, -37.55128514279421], [-58.12071052175679, -37.54879581653613], [-58.12093380195734, -37.54701772635179], [-58.115240156843385, -37.54719553537023], [-58.11267243453709, -37.543017023437024], [-58.11189095383517, -37.54310592794624]]]}}, {"type": "Feature", "properties": {"id": "341", "area_ha": 157.45710999744696}, "geometry": {"type": "Polygon", "coordinates": [[[-57.878971351593535, -37.77129020770061], [-57.877172418057555, -37.771112046585195], [-57.87503618448358, -37.77182469104685], [-57.86784045033965, -37.78010918291359], [-57.867952883685646, -37.78082182737525], [-57.87334968429359, -37.7853649358183], [-57.87469888444558, -37.784563210798936], [-57.87526105117557, -37.78206895518314], [-57.87683511801956, -37.782959760760214], [-57.879196218285536, -37.78554309693371], [-57.87975838501553, -37.785454016376], [-57.88729141919745, -37.77984194124047], [-57.88650438577546, -37.778951135663405], [-57.884255718855485, -37.77806033008633], [-57.88436815220148, -37.77645688004761], [-57.88155731855151, -37.774675268893475], [-57.88110758516751, -37.772804577181624], [-57.87975838501553, -37.77227009383539], [-57.878971351593535, -37.77129020770061]]]}}, {"type": "Feature", "properties": {"id": "342", "area_ha": 35.685777446455255}, "geometry": {"type": "Polygon", "coordinates": [[[-57.903385180265815, -37.77881320227834], [-57.90293632706546, -37.77881320227834], [-57.90215083396483, -37.77925860506688], [-57.89755008866118, -37.78273274681743], [-57.9014775541643, -37.786117808010275], [-57.905292806367335, -37.78353447183679], [-57.90551723296751, -37.78308906904826], [-57.90585387286778, -37.783267230163666], [-57.90652715266832, -37.783178149605966], [-57.90742485906903, -37.78246550514431], [-57.90742485906903, -37.7822873440289], [-57.903385180265815, -37.77899136339376], [-57.903385180265815, -37.77881320227834]]]}}, {"type": "Feature", "properties": {"id": "343", "area_ha": 33.90393613377146}, "geometry": {"type": "Polygon", "coordinates": [[[-57.899190432069425, -37.77354596060544], [-57.89761955212469, -37.77354596060544], [-57.895936466469614, -37.7742586050671], [-57.894926615076564, -37.77506033008647], [-57.89458999794555, -37.77604021622125], [-57.89470220365589, -37.777287344029155], [-57.895151026497246, -37.77808906904852], [-57.89571205504894, -37.778534471837055], [-57.896273083600626, -37.77871263295247], [-57.89672190644198, -37.779158035741006], [-57.89761955212469, -37.77942527741413], [-57.89963925491078, -37.77933619685642], [-57.90098572343484, -37.77871263295247], [-57.90188336911755, -37.7778218273754], [-57.90177116340721, -37.77746550514457], [-57.90210778053822, -37.77693102179832], [-57.90210778053822, -37.77595113566354], [-57.90165895769687, -37.77497124952876], [-57.90098572343484, -37.774347685624804], [-57.90020028346247, -37.77416952450939], [-57.89997587204179, -37.77390228283627], [-57.899527049200444, -37.77381320227856], [-57.899190432069425, -37.77354596060544]]]}}, {"type": "Feature", "properties": {"id": "344", "area_ha": 31.524884328560933}, "geometry": {"type": "Polygon", "coordinates": [[[-57.92691648766385, -37.77899136339376], [-57.92669206106367, -37.77925860506687], [-57.929160753665634, -37.78202010235577], [-57.933312645768936, -37.78495976076009], [-57.933649285669205, -37.78495976076009], [-57.93488363197019, -37.78397987462532], [-57.93499584527027, -37.78353447183679], [-57.935556911770725, -37.78317814960596], [-57.936230191571255, -37.78210918291348], [-57.937015684671884, -37.78246550514431], [-57.932190512768045, -37.77881320227834], [-57.93039509996662, -37.778456880047514], [-57.930282886666525, -37.779436766182286], [-57.92994624676626, -37.7796149272977], [-57.92904854036554, -37.77925860506687], [-57.92871190046528, -37.77854596060522], [-57.92815083396483, -37.77854596060522], [-57.92691648766385, -37.77899136339376]]]}}, {"type": "Feature", "properties": {"id": "345", "area_ha": 87.4374983840338}, "geometry": {"type": "Polygon", "coordinates": [[[-57.95751772612583, -37.845249979967605], [-57.948981424792535, -37.85139653844844], [-57.94987998282762, -37.85264366625615], [-57.9507785408627, -37.85299998848692], [-57.955720610055664, -37.85709769414081], [-57.964032271880185, -37.85086205510228], [-57.95751772612583, -37.845249979967605]]]}}, {"type": "Feature", "properties": {"id": "346", "area_ha": 24.045067314648094}, "geometry": {"type": "Polygon", "coordinates": [[[-57.94189044644472, -37.85604021621744], [-57.942115101189536, -37.856307457890516], [-57.942676738051595, -37.8564856190059], [-57.94323837491365, -37.85719826346744], [-57.944361648637766, -37.857109182909745], [-57.94582190447911, -37.85835631071744], [-57.94761914243769, -37.85897987462129], [-57.949191725651445, -37.85924711629437], [-57.94952870776868, -37.85897987462129], [-57.95098896361002, -37.85844539127513], [-57.951550600472075, -37.857999988486675], [-57.95098896361002, -37.85746550514052], [-57.94829310667215, -37.85586205510206], [-57.944810958127405, -37.85399136339051], [-57.94447397601017, -37.854080443948206], [-57.94189044644472, -37.85604021621744]]]}}, {"type": "Feature", "properties": {"id": "347", "area_ha": 53.63784045352111}, "geometry": {"type": "Polygon", "coordinates": [[[-57.993415976368034, -37.82975030989895], [-57.992966794810464, -37.82975030989895], [-57.98881186540299, -37.83223963615553], [-57.98746432073029, -37.834462248884606], [-57.98746432073029, -37.83588472103122], [-57.98791350228785, -37.8364181480862], [-57.98791350228785, -37.836862670632016], [-57.990159410075684, -37.83837404728779], [-57.990945477801425, -37.83864076081529], [-57.99319138558925, -37.83855185630612], [-57.994875816430124, -37.83792952474198], [-57.99577417954525, -37.83721828866867], [-57.99656024727099, -37.83561800750373], [-57.996672542660384, -37.83464005790294], [-57.99588647493464, -37.833306490265485], [-57.99364056714681, -37.83117278204556], [-57.99262990864229, -37.83117278204556], [-57.99218072708473, -37.83072825949975], [-57.99262990864229, -37.83028373695393], [-57.99352827175743, -37.83072825949975], [-57.99408974870438, -37.83063935499059], [-57.993415976368034, -37.82975030989895]]]}}, {"type": "Feature", "properties": {"id": "348", "area_ha": 90.16366216768303}, "geometry": {"type": "Polygon", "coordinates": [[[-57.981546067812246, -37.84457250088009], [-57.979752534713555, -37.845461545971695], [-57.978295289070864, -37.84688401811826], [-57.97751061834018, -37.848928821828956], [-57.97773480997752, -37.85106253004881], [-57.97919205562021, -37.85292952474118], [-57.98031301380689, -37.85381856983278], [-57.98188235526825, -37.854440901396906], [-57.985021038190965, -37.85461871041523], [-57.986814571289656, -37.85426309237859], [-57.98916858348169, -37.85301842925034], [-57.99040163748705, -37.85150705259461], [-57.99085002076172, -37.850262389466366], [-57.99051373330571, -37.84741744517323], [-57.989616966756365, -37.84617278204498], [-57.98849600856968, -37.84555045048086], [-57.98513313400963, -37.848395394773995], [-57.98412427164162, -37.84848429928315], [-57.983563792548274, -37.84812868124651], [-57.982106546905584, -37.844661405389246], [-57.981546067812246, -37.84457250088009]]]}}, {"type": "Feature", "properties": {"id": "349", "area_ha": 2351.3451938131348}, "geometry": {"type": "Polygon", "coordinates": [[[-58.024558099207916, -37.808502835121274], [-57.970883813252236, -37.808591915678974], [-57.97110839185456, -37.8533994362006], [-58.024558099207916, -37.8533994362006], [-58.024558099207916, -37.808502835121274]]]}}, {"type": "Feature", "properties": {"id": "350", "area_ha": 155.69083158011898}, "geometry": {"type": "Polygon", "coordinates": [[[-58.000785487167384, -37.84103159112171], [-57.995057645789764, -37.84085343000632], [-57.993934539637294, -37.84129883279479], [-57.98910518318166, -37.84504021621796], [-57.990902153025615, -37.847534471833406], [-57.99112677425611, -37.850117808006544], [-57.99022828933413, -37.852077580275825], [-57.98798207702918, -37.853948271987406], [-57.98809438764443, -37.85483907756435], [-57.995843820096496, -37.85474999700666], [-58.003480941933326, -37.84860343852574], [-58.004042495009564, -37.84691090792955], [-58.004716358701046, -37.84744539127571], [-58.00606408608402, -37.84664366625646], [-58.006401017929754, -37.84584194123721], [-58.000785487167384, -37.84103159112171]]]}}, {"type": "Feature", "properties": {"id": "351", "area_ha": 1640.6646429343402}, "geometry": {"type": "Polygon", "coordinates": [[[-58.02461236689976, -37.80350283512126], [-57.98699799988739, -37.80350283512126], [-57.98767169004284, -37.84839943620107], [-58.02472464859234, -37.84839943620107], [-58.02461236689976, -37.80350283512126]]]}}, {"type": "Feature", "properties": {"id": "352", "area_ha": 10.91208498702986}, "geometry": {"type": "Polygon", "coordinates": [[[-58.03459865598462, -37.83737334437531], [-58.03258125954094, -37.83737334437531], [-58.032469181960735, -37.83746224888447], [-58.031796716479505, -37.83746224888447], [-58.0316846388993, -37.83755115339363], [-58.03078801825767, -37.83755115339363], [-58.03101217341808, -37.83861800750359], [-58.032020871639915, -37.84030719317768], [-58.032020871639915, -37.840485002196004], [-58.03235710438053, -37.84084062023266], [-58.03235710438053, -37.84119623826931], [-58.032469181960735, -37.841285142778474], [-58.03280541470134, -37.841285142778474], [-58.03336580260237, -37.84101842925099], [-58.03370203534298, -37.84066281121434], [-58.03370203534298, -37.840485002196004], [-58.03381411292318, -37.84039609768684], [-58.03392619050339, -37.840485002196004], [-58.03448657840441, -37.83995157514103], [-58.03448657840441, -37.839773766122704], [-58.03482281114503, -37.83932924357689], [-58.03482281114503, -37.837640057902796], [-58.03459865598462, -37.83737334437531]]]}}, {"type": "Feature", "properties": {"id": "353", "area_ha": 193.0142071802135}, "geometry": {"type": "Polygon", "coordinates": [[[-58.03316704134463, -37.81137053272614], [-58.0273397970765, -37.81528233112938], [-58.025210611670836, -37.81359314545526], [-58.025210611670836, -37.83368556452646], [-58.02588298600947, -37.83626379529224], [-58.0265553603481, -37.836441604310565], [-58.027451859466275, -37.835463654709756], [-58.026331235568556, -37.835463654709756], [-58.026331235568556, -37.835019132163936], [-58.030029294431024, -37.83466351412728], [-58.033615290903725, -37.831374047288186], [-58.03283085417532, -37.83030719317821], [-58.033951478073035, -37.82986267063239], [-58.03473591480144, -37.82790677143076], [-58.03316704134463, -37.82275030989921], [-58.035072101970755, -37.8190163205143], [-58.03720128737642, -37.816615898766855], [-58.03720128737642, -37.815904662693534], [-58.03574447630939, -37.81537123563855], [-58.03720128737642, -37.815104522111056], [-58.03596860108893, -37.81261519585445], [-58.03496003958099, -37.812881909381936], [-58.03316704134463, -37.81137053272614]]]}}, {"type": "Feature", "properties": {"id": "354", "area_ha": 185.580380976222}, "geometry": {"type": "Polygon", "coordinates": [[[-58.03309973447508, -37.81126098364288], [-58.02759845333285, -37.815083877537035], [-58.025577574545906, -37.8157062091012], [-58.02512849037103, -37.8165063496837], [-58.02546530350219, -37.837310004828616], [-58.0267002849831, -37.837132195810284], [-58.026363471851944, -37.83659876875529], [-58.02838435063888, -37.83482067857196], [-58.03051750046954, -37.83428725151696], [-58.03164021090674, -37.83250916133363], [-58.03332427656252, -37.83135340271447], [-58.032650650300205, -37.83028654860448], [-58.03377336073739, -37.82975312154948], [-58.03467152908715, -37.82788612685699], [-58.03309973447508, -37.82255185630701], [-58.037253763092686, -37.81588401811953], [-58.0355696974369, -37.815172782046204], [-58.035008342218305, -37.81383921440871], [-58.033436547606236, -37.81401702342704], [-58.03478380013087, -37.81286126480788], [-58.03309973447508, -37.81126098364288]]]}}, {"type": "Feature", "properties": {"id": "355", "area_ha": 34.50114685500178}, "geometry": {"type": "Polygon", "coordinates": [[[-58.04062971155353, -37.809367799488506], [-58.03984388876362, -37.809545960603906], [-58.03872128477803, -37.809545960603906], [-58.037598680792435, -37.809902282834706], [-58.03658833720541, -37.810971249527114], [-58.03613929561117, -37.81177297454642], [-58.03613929561117, -37.81293102179653], [-58.03647607680685, -37.81364366625814], [-58.037598680792435, -37.814801713508245], [-58.038945805575146, -37.815425277412146], [-58.04062971155353, -37.815336196854446], [-58.04186457593768, -37.814979874623646], [-58.04287491952471, -37.81426723016204], [-58.0434362215175, -37.81346550514273], [-58.04366074231462, -37.81212929677722], [-58.043211700720384, -37.810882168969414], [-58.0420890967348, -37.809902282834706], [-58.04062971155353, -37.809367799488506]]]}}, {"type": "Feature", "properties": {"id": "356", "area_ha": 51.02410085243085}, "geometry": {"type": "Polygon", "coordinates": [[[-58.05361940380076, -37.8016173045926], [-58.051262158901814, -37.802506349684286], [-58.05036416084508, -37.803395394775976], [-58.04969066230252, -37.80464005790434], [-58.04969066230252, -37.805529102996026], [-58.0500274115738, -37.806773766124394], [-58.05058866035926, -37.80766281121608], [-58.051486658416, -37.8084629517986], [-58.05283365550111, -37.80899637885362], [-58.05485415112878, -37.80908528336279], [-58.05642564772808, -37.80855185630777], [-58.0576603950561, -37.80784062023442], [-58.05855839311284, -37.80686267063356], [-58.05867064286993, -37.80455115339517], [-58.05788489457028, -37.80312868124847], [-58.05676239699935, -37.80232854066595], [-58.05361940380076, -37.8016173045926]]]}}, {"type": "Feature", "properties": {"id": "357", "area_ha": 46.4708203697534}, "geometry": {"type": "Polygon", "coordinates": [[[-58.057781658863725, -37.81364005790392], [-58.057781658863725, -37.81444019848642], [-58.05811844918269, -37.81408458044976], [-58.05867976638097, -37.81435129397726], [-58.05867976638097, -37.81568486161477], [-58.05924108357925, -37.816129384160604], [-58.06171087925169, -37.81701842925228], [-58.06822215875175, -37.81746295179811], [-58.06867121251038, -37.81817418787145], [-58.070916481303506, -37.819241041981456], [-58.07102874474316, -37.81657390670644], [-58.07069195442419, -37.8158626706331], [-58.07136553506213, -37.81444019848642], [-58.069681583467286, -37.81364005790392], [-58.06979384690694, -37.81408458044976], [-58.07035516410522, -37.81408458044976], [-58.07080421786385, -37.81452910299559], [-58.07024290066557, -37.814795816523095], [-58.07080421786385, -37.81497362554143], [-58.07069195442419, -37.815151434559766], [-58.06900800282935, -37.814884721032264], [-58.05946561045857, -37.811950872229744], [-58.057781658863725, -37.81364005790392]]]}}, {"type": "Feature", "properties": {"id": "358", "area_ha": 112.50075937573656}, "geometry": {"type": "Polygon", "coordinates": [[[-58.03095617315864, -37.762537335508846], [-58.024785443327055, -37.766724121721154], [-58.024336662975664, -37.767436766182826], [-58.02444885806351, -37.77117814960659], [-58.02972202719233, -37.775632177492035], [-58.03039519771941, -37.77554309693432], [-58.03162934368573, -37.774652291357235], [-58.033312270003435, -37.774385049684106], [-58.039370804747186, -37.76984194124096], [-58.03095617315864, -37.762537335508846]]]}}, {"type": "Feature", "properties": {"id": "359", "area_ha": 99.51548339628285}, "geometry": {"type": "Polygon", "coordinates": [[[-58.05184743954426, -37.74677236030097], [-58.050951849934144, -37.74979511361305], [-58.06304230967077, -37.76064146373285], [-58.065169334994806, -37.761886126861356], [-58.06483348889101, -37.761263795297104], [-58.06539323239734, -37.761085986278744], [-58.06438569408595, -37.76090817726039], [-58.065169334994806, -37.76046365471449], [-58.064049847982155, -37.76064146373285], [-58.065057386293546, -37.75806323296667], [-58.06349010447583, -37.757085283365704], [-58.06281841226824, -37.755573906709664], [-58.063378155774565, -37.753351293980195], [-58.06617687330619, -37.751839917324155], [-58.06942338564288, -37.75228443987005], [-58.070766770058064, -37.75406253005362], [-58.07043092395427, -37.75744090140242], [-58.06931143694162, -37.75779651943913], [-58.06987118044794, -37.75815213747585], [-58.071886257070716, -37.75566281121884], [-58.070878718759324, -37.752462248888406], [-58.05184743954426, -37.74677236030097]]]}}, {"type": "Feature", "properties": {"id": "360", "area_ha": 930.1721786017696}, "geometry": {"type": "Polygon", "coordinates": [[[-58.24711758366713, -37.75510956316735], [-58.23828920497598, -37.7479225016031], [-58.23314863004189, -37.74943089724004], [-58.23303687841289, -37.75129420949744], [-58.230466590945845, -37.75022945963607], [-58.230578342574844, -37.7516491261179], [-58.23292512678388, -37.751471667807664], [-58.22968432954283, -37.75342370922018], [-58.22957257791383, -37.75129420949744], [-58.22174996388369, -37.74827741822355], [-58.223426238318716, -37.74650283512127], [-58.20007014785731, -37.74650283512127], [-58.196158840842244, -37.74863233484401], [-58.19761161201927, -37.75768270866566], [-58.19582358595524, -37.76691054079755], [-58.1993996380833, -37.76806401981403], [-58.202528683695355, -37.765224686850374], [-58.1992878864543, -37.76833020727937], [-58.20141116740534, -37.77054843615723], [-58.20889852654847, -37.770282248691885], [-58.20655174233943, -37.7709920819328], [-58.21001604283849, -37.771701915173715], [-58.20945728469348, -37.770370977847], [-58.21202757216052, -37.770370977847], [-58.21135706238651, -37.76691054079755], [-58.21437435636956, -37.76992733207143], [-58.2224204736577, -37.773121581655545], [-58.23471315284792, -37.764426124454346], [-58.23616592402494, -37.76513595769526], [-58.23594242076694, -37.763805020368544], [-58.24711758366713, -37.75510956316735]]]}}, {"type": "Feature", "properties": {"id": "361", "area_ha": 80.5367626510868}, "geometry": {"type": "Polygon", "coordinates": [[[-58.191058281991104, -37.6906515413545], [-58.19061170993605, -37.69127264544039], [-58.19050006692228, -37.69242612445706], [-58.18726241952312, -37.69766114460959], [-58.19206306911498, -37.702097602365974], [-58.19329114226639, -37.70289616476212], [-58.196193860624255, -37.700855394194186], [-58.198203434872006, -37.69890335278138], [-58.19876164994083, -37.69863716531599], [-58.19965479405094, -37.69872589447112], [-58.19965479405094, -37.69810479038523], [-58.19865000692707, -37.697394957144205], [-58.19842672089954, -37.69668512390319], [-58.19865000692707, -37.69624147812755], [-58.193514428293916, -37.6916275620609], [-58.19250964117004, -37.691006457975014], [-58.191058281991104, -37.6906515413545]]]}}, {"type": "Feature", "properties": {"id": "362", "area_ha": 29.207507006794337}, "geometry": {"type": "Polygon", "coordinates": [[[-58.261183854425006, -37.66675706178507], [-58.259956228213404, -37.6668457909402], [-58.25738937340733, -37.66817672826719], [-58.25705456625871, -37.66888656150826], [-58.25694296387584, -37.67012876968011], [-58.2575009757902, -37.67110479038657], [-58.25828219247031, -37.67181462362764], [-58.25973302344766, -37.67234699855843], [-58.261183854425006, -37.67234699855843], [-58.26241148063661, -37.67190335278277], [-58.263527504465344, -37.67092733207631], [-58.26386231161396, -37.67021749883525], [-58.263973913996836, -37.66870910319799], [-58.26218827587086, -37.66720070756073], [-58.261183854425006, -37.66675706178507]]]}}, {"type": "Feature", "properties": {"id": "363", "area_ha": 116.61633882497996}, "geometry": {"type": "Polygon", "coordinates": [[[-58.38098061938194, -37.69516712501073], [-58.36925699594137, -37.703241478127225], [-58.37137841351633, -37.705637165315636], [-58.37372313820445, -37.70705683179766], [-58.37383479176102, -37.707766665038676], [-58.375397941553096, -37.70909760236557], [-58.38723321855024, -37.700845790938814], [-58.38098061938194, -37.69516712501073]]]}}, {"type": "Feature", "properties": {"id": "364", "area_ha": 27.933408728780645}, "geometry": {"type": "Polygon", "coordinates": [[[-58.39452509394043, -37.72607337772742], [-58.394190020222375, -37.72598482323598], [-58.39318479906821, -37.72633904120171], [-58.39139773923858, -37.727844467556025], [-58.39128604799922, -37.72811013103032], [-58.39095097428117, -37.72811013103032], [-58.39072759180246, -37.72837579450461], [-58.38972237064829, -37.72881856696176], [-58.38894053197283, -37.72952700289321], [-58.38916391445154, -37.73014688433322], [-58.39128604799922, -37.731829419670404], [-58.39318479906821, -37.73191797416183], [-58.39430171146173, -37.73156375619611], [-58.39541862385525, -37.73094387475609], [-58.39631215377006, -37.72970411187607], [-58.39653553624877, -37.7286414579789], [-58.39631215377006, -37.72793302204746], [-58.39452509394043, -37.72607337772742]]]}}, {"type": "Feature", "properties": {"id": "365", "area_ha": 24.302891901917285}, "geometry": {"type": "Polygon", "coordinates": [[[-58.38711750862182, -37.70355562417975], [-58.38678319960314, -37.70382181164513], [-58.38678319960314, -37.70417672826563], [-58.38711750862182, -37.70488656150663], [-58.38812043567787, -37.705330207282266], [-58.38656032692402, -37.70639495714378], [-58.38678319960314, -37.70657241545403], [-58.38656032692402, -37.706927332074535], [-58.38589170888665, -37.70737097785017], [-58.38578027254709, -37.707637165315546], [-58.38600314522621, -37.707814623625794], [-58.387786126659186, -37.70799208193605], [-58.38834330835699, -37.70834699855655], [-58.389346235413036, -37.70861318602193], [-58.3900148534504, -37.70861318602193], [-58.390349162469086, -37.70879064433218], [-58.390906344166886, -37.70861318602193], [-58.39179783488338, -37.70799208193605], [-58.39235501658118, -37.70701606122966], [-58.39224358024162, -37.70515274897201], [-58.39124065318557, -37.704087999110506], [-58.390349162469086, -37.70355562417975], [-58.38968054443172, -37.703378165869495], [-58.387897562998745, -37.703378165869495], [-58.38711750862182, -37.70355562417975]]]}}, {"type": "Feature", "properties": {"id": "366", "area_ha": 69.03063172399533}, "geometry": {"type": "Polygon", "coordinates": [[[-58.409346390861465, -37.734036624424135], [-58.40812004488916, -37.73465650586413], [-58.4019883150276, -37.73899567594414], [-58.40254574501502, -37.739792666366995], [-58.40778558689671, -37.74439749992129], [-58.41503217673309, -37.73943844840128], [-58.414920690735606, -37.73899567594414], [-58.409346390861465, -37.734036624424135]]]}}, {"type": "Feature", "properties": {"id": "367", "area_ha": 20.481828635928412}, "geometry": {"type": "Polygon", "coordinates": [[[-58.436788966505105, -37.7350474771328], [-58.43511672172112, -37.73540169509852], [-58.433555959922735, -37.73664145797852], [-58.43366744290833, -37.73788122085853], [-58.43400189186513, -37.73805832984139], [-58.43433634082193, -37.73867821128139], [-58.43500523873552, -37.739209538229964], [-58.436120068591514, -37.73956375619568], [-58.4376808303899, -37.73947520170425], [-58.43868417726029, -37.73903242924711], [-58.43901862621709, -37.73876676577282], [-58.43968752413068, -37.73752700289281], [-58.43957604114508, -37.73681856696138], [-58.43924159218829, -37.736375794504234], [-58.43924159218829, -37.73602157653852], [-58.43834972830349, -37.73540169509852], [-58.436788966505105, -37.7350474771328]]]}}, {"type": "Feature", "properties": {"id": "368", "area_ha": 27.07548523856596}, "geometry": {"type": "Polygon", "coordinates": [[[-58.442073282193704, -37.73904747713262], [-58.44095618875694, -37.73931314060691], [-58.43950396728915, -37.7405529034869], [-58.43838687385238, -37.74099567594405], [-58.4373814897593, -37.7417926663669], [-58.43771661779032, -37.742766765772615], [-58.43693465238459, -37.742766765772615], [-58.43704636172827, -37.74329809272118], [-58.43883371122709, -37.74489207356689], [-58.43872200188341, -37.74453785560118], [-58.43827516450871, -37.74436074661832], [-58.438051745821355, -37.744006528652605], [-58.438051745821355, -37.74338664721261], [-58.43827516450871, -37.743209538229756], [-58.43872200188341, -37.7436523106869], [-58.43995080466385, -37.744006528652605], [-58.44151473547532, -37.744006528652605], [-58.44307866628679, -37.74338664721261], [-58.44408405037988, -37.74338664721261], [-58.4458713998787, -37.74250110229833], [-58.44620652790972, -37.742589656789754], [-58.44564798119134, -37.74170411187547], [-58.443748922348846, -37.74037579450405], [-58.44296695694311, -37.739490249589764], [-58.442073282193704, -37.73904747713262]]]}}, {"type": "Feature", "properties": {"id": "369", "area_ha": 156.96607854049114}, "geometry": {"type": "Polygon", "coordinates": [[[-58.43587954180005, -37.73539503756681], [-58.43409557303198, -37.73645769146394], [-58.43398407498398, -37.73760889985249], [-58.43409557303198, -37.738494444766765], [-58.43621403594406, -37.740708307052444], [-58.43621403594406, -37.74301072382955], [-58.434318569127996, -37.74380771425239], [-58.4317541140239, -37.74380771425239], [-58.42963565111182, -37.744516150183806], [-58.428966662823804, -37.7441619322181], [-58.42863216867979, -37.745844467555216], [-58.42807467843977, -37.74540169509808], [-58.427963180391764, -37.745844467555216], [-58.43130812183188, -37.74903242924659], [-58.43521055351202, -37.74690712145234], [-58.435433549608035, -37.74734989390948], [-58.434541565224, -37.74796977534947], [-58.43521055351202, -37.74850110229803], [-58.43420707107999, -37.748589656789456], [-58.43565654570404, -37.74867821128088], [-58.43521055351202, -37.7484125478066], [-58.43621403594406, -37.74823543882375], [-58.435545047656035, -37.74796977534947], [-58.43677152618408, -37.748058329840894], [-58.43799800471212, -37.74912098373802], [-58.43788650666412, -37.74974086517801], [-58.4430154168723, -37.75337159932652], [-58.446583354408425, -37.742656505863835], [-58.43866699300015, -37.73539503756681], [-58.43587954180005, -37.73539503756681]]]}}, {"type": "Feature", "properties": {"id": "370", "area_ha": 30.730142595219043}, "geometry": {"type": "Polygon", "coordinates": [[[-58.435983446037675, -37.743339041201], [-58.43542486158606, -37.74325048670957], [-58.4341959757925, -37.74378181365814], [-58.43196163798603, -37.74378181365814], [-58.4299507339602, -37.74422458611527], [-58.42872184816664, -37.74511013102955], [-58.42849841438599, -37.74564145797811], [-58.42849841438599, -37.74670411187524], [-58.4295038663989, -37.747855320263795], [-58.43117961975376, -37.74909508314378], [-58.432855373108616, -37.7482095382295], [-58.437547482502204, -37.74511013102955], [-58.43710061494091, -37.74422458611527], [-58.435983446037675, -37.743339041201]]]}}, {"type": "Feature", "properties": {"id": "371", "area_ha": 29.83748684047026}, "geometry": {"type": "Polygon", "coordinates": [[[-58.42633937410026, -37.74851615018363], [-58.42500132519958, -37.74913603162362], [-58.42410929259913, -37.7497559130636], [-58.42488982112452, -37.75223543882355], [-58.42611636595015, -37.75338664721209], [-58.427008398550605, -37.7537408651778], [-58.429349984126794, -37.75391797416064], [-58.43124555340276, -37.752323993314974], [-58.43124555340276, -37.75046434899502], [-58.43024201672725, -37.749047477132194], [-58.42957299227691, -37.74860470467506], [-58.428680959676456, -37.74851615018363], [-58.42801193522611, -37.74825048670935], [-58.42633937410026, -37.74851615018363]]]}}, {"type": "Feature", "properties": {"id": "372", "area_ha": 25.08810716426866}, "geometry": {"type": "Polygon", "coordinates": [[[-58.41901903589873, -37.749999269953385], [-58.417903980078655, -37.749733082488035], [-58.41600838518455, -37.74982181164315], [-58.414893329364475, -37.75026545741874], [-58.41400128470843, -37.750886561504565], [-58.41333225121638, -37.75195131136597], [-58.41333225121638, -37.753282248692734], [-58.41400128470843, -37.75461318601949], [-58.414893329364475, -37.75532301926043], [-58.41556236285652, -37.75550047757067], [-58.41578537402053, -37.75532301926043], [-58.41678892425859, -37.753282248692734], [-58.41723494658662, -37.75274987376203], [-58.41957656380876, -37.75301606122738], [-58.420914630792836, -37.75292733207226], [-58.420914630792836, -37.75230622798644], [-58.419911080554776, -37.75062037403921], [-58.41901903589873, -37.749999269953385]]]}}, {"type": "Feature", "properties": {"id": "373", "area_ha": 23.17847674289545}, "geometry": {"type": "Polygon", "coordinates": [[[-58.42495616869803, -37.773453496285484], [-58.424397350091496, -37.77363060526832], [-58.42395029520627, -37.774250486708276], [-58.422609130550576, -37.77451615018254], [-58.422273839386655, -37.77478181365681], [-58.42216207566535, -37.77549024958818], [-58.42171502078012, -37.776110131028126], [-58.42171502078012, -37.77734989390803], [-58.422609130550576, -37.77832399331367], [-58.42395029520627, -37.77894387475362], [-58.424062058927575, -37.77912098373646], [-58.426185569632416, -37.77920953822788], [-58.42652086079634, -37.77947520170215], [-58.42719144312419, -37.778855320262196], [-58.42696791568157, -37.778589656787936], [-58.426856151960266, -37.776907121450925], [-58.426632624517644, -37.77637579450239], [-58.42674438823895, -37.77566735857102], [-58.42640909707503, -37.77371915975975], [-58.42607380591111, -37.7735420507769], [-58.42495616869803, -37.773453496285484]]]}}, {"type": "Feature", "properties": {"id": "374", "area_ha": 39.7204289264446}, "geometry": {"type": "Polygon", "coordinates": [[[-58.41545815709096, -37.779922169336686], [-58.41490038787162, -37.780099278319526], [-58.40831871108344, -37.78488122085622], [-58.4115537725556, -37.787803519073094], [-58.41199998793107, -37.787714964581674], [-58.41902788009472, -37.78284446755356], [-58.41891632625085, -37.78240169509645], [-58.416796803217366, -37.78071915975947], [-58.41623903399803, -37.78054205077663], [-58.41545815709096, -37.779922169336686]]]}}, {"type": "Feature", "properties": {"id": "375", "area_ha": 18.917941153602026}, "geometry": {"type": "Polygon", "coordinates": [[[-58.42829142009354, -37.76433904120012], [-58.42762092845349, -37.76433904120012], [-58.42717393402679, -37.76699567594282], [-58.424268470253246, -37.76717278492567], [-58.42393322443322, -37.767349893908516], [-58.42438021885992, -37.76814688433133], [-58.42560945353335, -37.76912098373698], [-58.426503442386746, -37.76947520170268], [-58.42795617427352, -37.76947520170268], [-58.429073660340265, -37.76912098373698], [-58.429855900586986, -37.76858965678844], [-58.43052639222704, -37.76752700289136], [-58.43063814083371, -37.76664145797713], [-58.430079397800334, -37.765401695097204], [-58.429073660340265, -37.76460470467439], [-58.42829142009354, -37.76433904120012]]]}}, {"type": "Feature", "properties": {"id": "376", "area_ha": 45.2012773824802}, "geometry": {"type": "Polygon", "coordinates": [[[-58.40679295857977, -37.79371915975893], [-58.4056772238585, -37.79371915975893], [-58.40444991566509, -37.79451615018169], [-58.403445754415934, -37.794870368147365], [-58.402441593166785, -37.79602157653579], [-58.40177215233402, -37.79619868551863], [-58.401437431917635, -37.79673001246714], [-58.40099113802913, -37.79673001246714], [-58.40021012372423, -37.79743844839848], [-58.40121428497338, -37.79796977534699], [-58.40166057886189, -37.798589656786916], [-58.406123517747005, -37.801334846020865], [-58.40935914843871, -37.79912098373542], [-58.40947072191084, -37.798501102295496], [-58.410251736215734, -37.79734989390706], [-58.410251736215734, -37.796464348992885], [-58.40958229538297, -37.79513603162162], [-58.408243413717436, -37.79416193221602], [-58.40679295857977, -37.79371915975893]]]}}, {"type": "Feature", "properties": {"id": "377", "area_ha": 37.61613152034094}, "geometry": {"type": "Polygon", "coordinates": [[[-58.45767306260934, -37.79239084238767], [-58.45678047483232, -37.793364941793264], [-58.45678047483232, -37.793719159758936], [-58.45744991566509, -37.79433904119886], [-58.45744991566509, -37.79460470467311], [-58.45678047483232, -37.79513603162162], [-58.45599946052742, -37.795047477130204], [-58.45566474011104, -37.79557880407871], [-58.45644575441594, -37.79734989390706], [-58.45666890136019, -37.798501102295496], [-58.45956981163551, -37.80115773703803], [-58.460239252468284, -37.80071496458094], [-58.460016105524026, -37.80009508314102], [-58.460462399412535, -37.799652310683925], [-58.46235914843871, -37.79920953822684], [-58.46436747093701, -37.79770411187273], [-58.46347488315999, -37.79673001246714], [-58.462024428022325, -37.79575591306154], [-58.45878879733062, -37.79283361484475], [-58.45767306260934, -37.79239084238767]]]}}, {"type": "Feature", "properties": {"id": "378", "area_ha": 88.43854398793688}, "geometry": {"type": "Polygon", "coordinates": [[[-58.48990034977982, -37.8074167429815], [-58.48175372152258, -37.811136031620926], [-58.489342361543024, -37.818131836442696], [-58.4902351427219, -37.81786617296845], [-58.49748898980026, -37.812730012466396], [-58.49715419685818, -37.812021576535074], [-58.492578693316446, -37.80821373340424], [-58.49112792390078, -37.80839084238706], [-58.48990034977982, -37.8074167429815]]]}}, {"type": "Feature", "properties": {"id": "379", "area_ha": 77.89654993459429}, "geometry": {"type": "Polygon", "coordinates": [[[-58.43254720875094, -37.80959385196425], [-58.4304226054703, -37.809770960947084], [-58.42908075076674, -37.80915107950718], [-58.428298002189656, -37.809328188490014], [-58.42102962254535, -37.814818566957705], [-58.42102962254535, -37.81517278492337], [-58.424272438078965, -37.81800652864863], [-58.42639704135961, -37.8178294196658], [-58.42706796871139, -37.81827219212287], [-58.42762707483787, -37.81827219212287], [-58.42986349934382, -37.817298092717316], [-58.43601366673515, -37.812958922638], [-58.435342739383366, -37.81269325916376], [-58.43467181203159, -37.81154205077537], [-58.43254720875094, -37.80959385196425]]]}}, {"type": "Feature", "properties": {"id": "380", "area_ha": 37.133455737887104}, "geometry": {"type": "Polygon", "coordinates": [[[-58.367620755224614, -37.79775706177975], [-58.36627915490047, -37.79837816586551], [-58.364602154495294, -37.799620374037026], [-58.36449035446828, -37.80139495713919], [-58.36471395452231, -37.801661144604516], [-58.36471395452231, -37.802104790380056], [-58.36572015476541, -37.80334699855157], [-58.36639095492748, -37.8036131860169], [-58.36806795533266, -37.80396810263733], [-58.36963315571083, -37.80396810263733], [-58.370192155845885, -37.80343572770668], [-58.37119835608899, -37.80299208193114], [-58.37198095627807, -37.80228224869027], [-58.37231635635911, -37.801661144604516], [-58.37231635635911, -37.80024147812278], [-58.37164555619704, -37.799087999106376], [-58.3703039558729, -37.79820070755529], [-58.36918595560278, -37.79784579093486], [-58.367620755224614, -37.79775706177975]]]}}, {"type": "Feature", "properties": {"id": "381", "area_ha": 112.80482885466621}, "geometry": {"type": "Polygon", "coordinates": [[[-58.36938454242071, -37.79645769146243], [-58.36815464220863, -37.79778600883367], [-58.36670112377617, -37.798317335782166], [-58.36446494157237, -37.79999987111907], [-58.364017705131616, -37.80106252501606], [-58.364353132462185, -37.8018595154388], [-58.36368227780105, -37.80212517891305], [-58.364353132462185, -37.80336494179287], [-58.36323504136029, -37.803010723827214], [-58.36278780491953, -37.802302287895884], [-58.36334685047048, -37.80212517891305], [-58.36267599580934, -37.80203662442163], [-58.362228759368584, -37.80265650586155], [-58.36278780491953, -37.80283361484438], [-58.36267599580934, -37.803719159758536], [-58.3641295142418, -37.80425048670703], [-58.364017705131616, -37.80478181365553], [-58.37117348818374, -37.811246291528896], [-58.37665213458303, -37.80752700288942], [-58.37732298924417, -37.806375794501015], [-58.375981279921895, -37.8046047046727], [-58.37620489814228, -37.8040733777242], [-58.37173253373469, -37.79884866273066], [-58.37005539708185, -37.79787456332508], [-58.370502633522605, -37.79716612739376], [-58.36938454242071, -37.79645769146243]]]}}, {"type": "Feature", "properties": {"id": "382", "area_ha": 11.565003301791943}, "geometry": {"type": "Polygon", "coordinates": [[[-58.35283163221236, -37.81049024958662], [-58.35238436548609, -37.8109330220437], [-58.35216073212295, -37.81146434899219], [-58.35216073212295, -37.81252700288917], [-58.35271981553079, -37.81323543882049], [-58.354173432391185, -37.814386647208885], [-58.35506796584373, -37.81456375619172], [-58.35618613265942, -37.81456375619172], [-58.35708066611197, -37.81429809271747], [-58.35741611615667, -37.81394387475181], [-58.35674521606726, -37.813323993311904], [-58.35607431597785, -37.81288122085483], [-58.3551797825253, -37.81199567594068], [-58.35372616566491, -37.810844467552286], [-58.35327889893863, -37.810313140603796], [-58.35283163221236, -37.81049024958662]]]}}, {"type": "Feature", "properties": {"id": "383", "area_ha": 36.74978548430622}, "geometry": {"type": "Polygon", "coordinates": [[[-58.362067961065264, -37.80384579093462], [-58.36195615195507, -37.804111978399945], [-58.36162072462451, -37.804111978399945], [-58.359943587971664, -37.80517672826123], [-58.356589314665975, -37.80766114460423], [-58.35983177886147, -37.81076666503298], [-58.36005539708185, -37.81112158165341], [-58.35983177886147, -37.81129903996362], [-58.3606144426328, -37.81121031080852], [-58.36229157928564, -37.81050047756766], [-58.366093089032084, -37.80757241544912], [-58.363856906828296, -37.80526545741634], [-58.362067961065264, -37.80384579093462]]]}}, {"type": "Feature", "properties": {"id": "384", "area_ha": 30.526567827683962}, "geometry": {"type": "Polygon", "coordinates": [[[-58.36073890610751, -37.81325048670665], [-58.35950885596725, -37.81325048670665], [-58.358949742267136, -37.813427595689475], [-58.35693693294672, -37.814844467552106], [-58.356154173766555, -37.815198685517764], [-58.35570688280646, -37.81573001246625], [-58.35604235102653, -37.81626133941474], [-58.35984432418732, -37.81944930110565], [-58.36040343788744, -37.81927219212282], [-58.363087183648, -37.8173239933117], [-58.36342265186807, -37.81696977534605], [-58.36364629734811, -37.816084230431905], [-58.36353447460809, -37.815198685517764], [-58.362975360907974, -37.81431314060362], [-58.361968956247765, -37.81360470467231], [-58.36073890610751, -37.81325048670665]]]}}, {"type": "Feature", "properties": {"id": "385", "area_ha": 30.41012088816219}, "geometry": {"type": "Polygon", "coordinates": [[[-58.36656992790932, -37.80778104107313], [-58.363110447698105, -37.8102654574161], [-58.362887255426415, -37.81097529065695], [-58.362887255426415, -37.811862582208015], [-58.363333639969795, -37.812838602914184], [-58.36444960132825, -37.81372589446524], [-58.36601194723009, -37.814169540240776], [-58.36690471631685, -37.814169540240776], [-58.36779748540362, -37.813903352775455], [-58.36924823516961, -37.812927332069286], [-58.37047579266391, -37.8116851238978], [-58.370364196528065, -37.81115274896716], [-58.36869025449038, -37.809644353330356], [-58.36802067767531, -37.80928943670993], [-58.367909081539466, -37.80893452008951], [-58.36656992790932, -37.80778104107313]]]}}, {"type": "Feature", "properties": {"id": "386", "area_ha": 44.18521858268967}, "geometry": {"type": "Polygon", "coordinates": [[[-58.32617333192975, -37.81509518712581], [-58.32337757406021, -37.81704722853811], [-58.32270659217152, -37.81775706177895], [-58.329640071687976, -37.82396810263626], [-58.330311053576665, -37.82405683179137], [-58.330870205150575, -37.824411748411784], [-58.33400145396446, -37.82201606122396], [-58.32617333192975, -37.81509518712581]]]}}, {"type": "Feature", "properties": {"id": "387", "area_ha": 59.81206392967794}, "geometry": {"type": "Polygon", "coordinates": [[[-58.34445062729723, -37.75647408304202], [-58.34277779484643, -37.75762756205852], [-58.343223883499974, -37.75745010374829], [-58.34344692782675, -37.75762756205852], [-58.34333540566336, -37.7580712078341], [-58.34255475051965, -37.75798247867898], [-58.341774095375946, -37.75833739529944], [-58.34255475051965, -37.758248666144326], [-58.34255475051965, -37.7586923119199], [-58.342108661866106, -37.75895849938525], [-58.34222018402949, -37.759490874315944], [-58.34255475051965, -37.75940214516083], [-58.34266627268304, -37.75966833262618], [-58.342108661866106, -37.75993452009152], [-58.341774095375946, -37.761354186573364], [-58.341551051049166, -37.76055562417733], [-58.34099344023223, -37.76082181164267], [-58.34032430725191, -37.760733082487555], [-58.34032430725191, -37.76179783234894], [-58.346123459748036, -37.766855394190515], [-58.35169956791738, -37.76295131136544], [-58.35169956791738, -37.76259639474498], [-58.345231282440935, -37.75682899966248], [-58.34445062729723, -37.75647408304202]]]}}, {"type": "Feature", "properties": {"id": "388", "area_ha": 52.44627068617343}, "geometry": {"type": "Polygon", "coordinates": [[[-58.306844456682846, -37.74857960347151], [-58.304609937707454, -37.75035418657386], [-58.30293404847591, -37.75124147812503], [-58.30215196683453, -37.751862582210855], [-58.30215196683453, -37.75221749883132], [-58.304386485809914, -37.75434699855414], [-58.305280293400074, -37.75487937348485], [-58.305615471246384, -37.75541174841555], [-58.30606237504146, -37.75558920672579], [-58.306174100990226, -37.755944123346254], [-58.306956182631616, -37.756387769121844], [-58.30807344211931, -37.75754124813837], [-58.30840861996562, -37.75754124813837], [-58.313548013609015, -37.75372589446832], [-58.30784999022177, -37.74866833262663], [-58.307514812375466, -37.74884579093686], [-58.307291360477926, -37.74857960347151], [-58.306844456682846, -37.74857960347151]]]}}, {"type": "Feature", "properties": {"id": "389", "area_ha": 38.6911341425251}, "geometry": {"type": "Polygon", "coordinates": [[[-58.532736618933846, -37.743073377726716], [-58.530177246552775, -37.743073377726716], [-58.52995469243268, -37.74325048670957], [-58.53051107773291, -37.74342759569243], [-58.53039980067287, -37.743604704675285], [-58.528396813592025, -37.74395892264099], [-58.52750659711165, -37.745198685520975], [-58.5273953200516, -37.746527002892385], [-58.52806298241189, -37.74794387475522], [-58.52917575301235, -37.7488294196695], [-58.530065969492725, -37.749183637635205], [-58.53318172717403, -37.74927219212663], [-58.53418322071445, -37.748652310686644], [-58.535184714254875, -37.74741254780666], [-58.53540726837497, -37.74688122085809], [-58.53529599131492, -37.744933022046695], [-58.534517051894596, -37.744136031623846], [-58.53373811247427, -37.743870368149565], [-58.53373811247427, -37.743604704675285], [-58.532736618933846, -37.743073377726716]]]}}, {"type": "Feature", "properties": {"id": "390", "area_ha": 39.1012331996972}, "geometry": {"type": "Polygon", "coordinates": [[[-58.50510892471713, -37.75330228789772], [-58.5038822638391, -37.754187832811965], [-58.503436205338, -37.75533904120049], [-58.50499741009185, -37.75702157653757], [-58.5052204393424, -37.75764145797754], [-58.508231334224824, -37.760386647211725], [-58.50901193660175, -37.76047520170315], [-58.5105731413556, -37.76020953822887], [-58.51168828760835, -37.75941254780605], [-58.51202283148418, -37.758881220857496], [-58.51246888998528, -37.75719868552042], [-58.51202283148418, -37.75622458611474], [-58.509681024353405, -37.755250486709066], [-58.50867739272593, -37.75436494179482], [-58.50733921722263, -37.75365650586342], [-58.50711618797207, -37.75330228789772], [-58.50600104171932, -37.75294806993202], [-58.50510892471713, -37.75330228789772]]]}}, {"type": "Feature", "properties": {"id": "391", "area_ha": 26.60605988729836}, "geometry": {"type": "Polygon", "coordinates": [[[-58.52768086731978, -37.73869325916691], [-58.5260085321748, -37.738958922641196], [-58.52511662009748, -37.73940169509834], [-58.52444768603949, -37.73940169509834], [-58.5237787519815, -37.74002157653833], [-58.52355577396217, -37.74073001246976], [-58.52355577396217, -37.74223543882404], [-58.52422470802016, -37.74312098373832], [-58.525005131087816, -37.743563756195464], [-58.52656597722313, -37.744006528652605], [-58.52779235632944, -37.74382941966975], [-58.52834980137777, -37.74338664721261], [-58.529576180484085, -37.74285532026404], [-58.530022136522746, -37.74223543882404], [-58.530245114542076, -37.74152700289262], [-58.530022136522746, -37.74028724001262], [-58.529687669493754, -37.73984446755548], [-58.52879575741643, -37.73913603162405], [-58.52768086731978, -37.73869325916691]]]}}, {"type": "Feature", "properties": {"id": "392", "area_ha": 34.29287793198579}, "geometry": {"type": "Polygon", "coordinates": [[[-58.536847388238726, -37.691781813660356], [-58.53117624051906, -37.695589656792144], [-58.53117624051906, -37.695943874757894], [-58.53150983744374, -37.6962095382322], [-58.53440101079103, -37.69665231068939], [-58.53584659746467, -37.6976264100952], [-58.53662499028894, -37.699220390941065], [-58.53662499028894, -37.70054870831262], [-58.53795937798768, -37.699840272381124], [-58.539849760560905, -37.69842340051813], [-58.53918256671154, -37.69576676577502], [-58.53829297491237, -37.69408423043772], [-58.53795937798768, -37.69249024959185], [-58.53740338311321, -37.69195892264323], [-58.536847388238726, -37.691781813660356]]]}}, {"type": "Feature", "properties": {"id": "393", "area_ha": 63.31847033557331}, "geometry": {"type": "Polygon", "coordinates": [[[-58.51317957901772, -37.70145349628836], [-58.512623501637066, -37.70145349628836], [-58.5116225623519, -37.70225048671127], [-58.51017676116222, -37.701276387305484], [-58.50372626354672, -37.705615557385805], [-58.50394869449897, -37.70641254780872], [-58.506284219497694, -37.708360746620286], [-58.50606178854543, -37.70871496458603], [-58.50650665044995, -37.70871496458603], [-58.50650665044995, -37.709069182551765], [-58.50684029687834, -37.7088920735689], [-58.50784123616351, -37.709777618483244], [-58.50795245163963, -37.710308945431855], [-58.50917582187706, -37.710308945431855], [-58.508953390924795, -37.71013183644899], [-58.509954330209965, -37.7091577370432], [-58.511733777828034, -37.70791797416311], [-58.51295714806545, -37.70774086518024], [-58.516738474253856, -37.70499567594575], [-58.51629361234934, -37.70419868552284], [-58.51317957901772, -37.70145349628836]]]}}, {"type": "Feature", "properties": {"id": "394", "area_ha": 94.16711809929645}, "geometry": {"type": "Polygon", "coordinates": [[[-58.616179998198376, -37.66458808867864], [-58.61540184668878, -37.66467646919269], [-58.60417423205035, -37.67254233494327], [-58.60561937056817, -37.67333775956974], [-58.60917663461203, -37.67386804265405], [-58.60962129261751, -37.67422156471025], [-58.60973245711888, -37.67554727242103], [-58.61073293763122, -37.67590079447723], [-58.61151108914081, -37.6766962191037], [-58.612400405151774, -37.67643107756154], [-58.61306739216, -37.67537051139292], [-58.621515894264164, -37.669537397465525], [-58.616179998198376, -37.66458808867864]]]}}, {"type": "Feature", "properties": {"id": "395", "area_ha": 26.356692204099357}, "geometry": {"type": "Polygon", "coordinates": [[[-58.39584404958599, -37.94777385304651], [-58.395620002896656, -37.94777385304651], [-58.39393965272665, -37.94892733206256], [-58.39057895238664, -37.9515004775599], [-58.3906909757313, -37.9519441233353], [-58.39181120917797, -37.95292014404119], [-58.39349155934798, -37.95345251897167], [-58.395283932862654, -37.95336378981659], [-58.396292142964654, -37.95300887319627], [-58.397636423100664, -37.9519441233353], [-58.398196539824, -37.95061318600909], [-58.39808451647933, -37.94972589445828], [-58.39584404958599, -37.94777385304651]]]}}, {"type": "Feature", "properties": {"id": "396", "area_ha": 58.8768224702731}, "geometry": {"type": "Polygon", "coordinates": [[[-58.35347353778854, -37.97027638729482], [-58.35156846657172, -37.97142759568282], [-58.35123227753346, -37.97204747712251], [-58.35257703368651, -37.97302157652774], [-58.35425797887782, -37.9738185669502], [-58.356387176120144, -37.97541254779513], [-58.358852562400735, -37.97868906397636], [-58.35997319252827, -37.979397499907435], [-58.36176620073234, -37.978069182536665], [-58.36277476784712, -37.97603242923482], [-58.36266270483437, -37.97364145796743], [-58.36176620073234, -37.97213603161389], [-58.36008525554103, -37.97080771424312], [-58.35750780624768, -37.970010723820664], [-58.355490672018114, -37.96992216932928], [-58.35347353778854, -37.97027638729482]]]}}, {"type": "Feature", "properties": {"id": "397", "area_ha": 20.139392231398674}, "geometry": {"type": "Polygon", "coordinates": [[[-58.30174051963623, -37.97325048669997], [-58.300731925039855, -37.97333904119135], [-58.299611264377205, -37.97369325915689], [-58.29905093404588, -37.97413603161381], [-58.298490603714555, -37.97502157652765], [-58.298490603714555, -37.975907121441494], [-58.29882680191335, -37.97661555737257], [-58.300059528642265, -37.97767821126918], [-58.300731925039855, -37.97785532025195], [-58.30196465176876, -37.97785532025195], [-58.30252498210009, -37.97767821126918], [-58.30319737849768, -37.97732399330364], [-58.3040939070278, -37.97661555737257], [-58.304205973094064, -37.976349893898416], [-58.304205973094064, -37.97502157652765], [-58.303981840961534, -37.97457880407073], [-58.30263704816635, -37.97351615017412], [-58.30174051963623, -37.97325048669997]]]}}, {"type": "Feature", "properties": {"id": "398", "area_ha": 25.36594914524484}, "geometry": {"type": "Polygon", "coordinates": [[[-58.23744494831234, -38.079927332056045], [-58.235649368594174, -38.07824147810998], [-58.23329267021408, -38.07637816585381], [-58.23026262943967, -38.07850766557515], [-58.22846704972151, -38.079927332056045], [-58.22846704972151, -38.08010479036616], [-58.23037485317206, -38.08170191515717], [-58.230935971833986, -38.08099208191672], [-58.231945985425455, -38.08081462360661], [-58.23306822274931, -38.08170191515717], [-58.23351711767885, -38.08170191515717], [-58.23497602619986, -38.08099208191672], [-58.235761592326554, -38.08081462360661], [-58.23744494831234, -38.079927332056045]]]}}, {"type": "Feature", "properties": {"id": "399", "area_ha": 14.014664912034888}, "geometry": {"type": "Polygon", "coordinates": [[[-58.22836164811475, -38.08037816585364], [-58.22779938756985, -38.08046689500869], [-58.22341375531962, -38.08374987374574], [-58.2235262074286, -38.0840160612109], [-58.22431337219146, -38.084637165296286], [-58.225662797499226, -38.084725894451346], [-58.22622505804413, -38.08437097783112], [-58.227686935460866, -38.08392733205584], [-58.228699004441694, -38.08339495712551], [-58.22914881287761, -38.08259639473002], [-58.22982352553149, -38.08215274895474], [-58.22982352553149, -38.08179783233452], [-58.229486169204556, -38.081354186559246], [-58.22881145655067, -38.08091054078397], [-58.22836164811475, -38.08037816585364]]]}}, {"type": "Feature", "properties": {"id": "400", "area_ha": 78.51157032105274}, "geometry": {"type": "Polygon", "coordinates": [[[-58.26306818887773, -38.039781041064145], [-58.25835704610099, -38.0429752906464], [-58.2575718556382, -38.04395131135209], [-58.25813270596876, -38.044661144592595], [-58.25981525696046, -38.04492733205778], [-58.258917896431555, -38.04519351952297], [-58.25947874676212, -38.04643572769385], [-58.26149780795215, -38.04883141488053], [-58.262395168481056, -38.04874268572547], [-58.262619508613284, -38.049186331500785], [-58.26306818887773, -38.049186331500785], [-58.26396554940664, -38.05078345629191], [-58.264975080001655, -38.05140456037735], [-58.27114443363787, -38.04705683177928], [-58.27125660370398, -38.04670191515903], [-58.268340181985046, -38.04421749881728], [-58.26744282145614, -38.044040040507156], [-58.26688197112558, -38.0429752906464], [-58.26306818887773, -38.039781041064145]]]}}, {"type": "Feature", "properties": {"id": "401", "area_ha": 88.0596183828607}, "geometry": {"type": "Polygon", "coordinates": [[[-58.24518971043268, -38.02833739528926], [-58.24238587996242, -38.02842612444433], [-58.24126434777432, -38.02886977021965], [-58.238460517304055, -38.031354186561465], [-58.23823621086643, -38.03206401980198], [-58.23823621086643, -38.03392733205834], [-58.23857267052286, -38.03481462360899], [-58.24339525893172, -38.03916235220716], [-58.24485325077625, -38.0385412481217], [-58.250573064935594, -38.03410479036847], [-58.250909524592025, -38.03357241543808], [-58.25046091171678, -38.032951311352626], [-58.25001229884154, -38.03286258219756], [-58.249451532747486, -38.03046689501082], [-58.248554306997, -38.03046689501082], [-58.24833000055938, -38.0297570617703], [-58.2474327748089, -38.029047228529784], [-58.24518971043268, -38.02833739528926]]]}}, {"type": "Feature", "properties": {"id": "402", "area_ha": 61.348395123793566}, "geometry": {"type": "Polygon", "coordinates": [[[-58.195292508857975, -38.035224686839676], [-58.19327358553002, -38.03549087430487], [-58.18833843961726, -38.039306227972595], [-58.194283047194, -38.04365395657071], [-58.19585332089351, -38.042766665020075], [-58.19641413292906, -38.04303285248527], [-58.197647919407245, -38.04241174839982], [-58.19843305625701, -38.04241174839982], [-58.19899386829255, -38.04152445684919], [-58.20000332995652, -38.040725894453615], [-58.200451979584955, -38.0409920819188], [-58.200451979584955, -38.04143572769412], [-58.2010127916205, -38.041701915159315], [-58.200676304399174, -38.04037097783336], [-58.199779005142304, -38.03992733205804], [-58.20000332995652, -38.039217498817536], [-58.19865738107122, -38.03682181163082], [-58.197872244221465, -38.03602324923525], [-58.19675062015038, -38.03549087430487], [-58.195292508857975, -38.035224686839676]]]}}, {"type": "Feature", "properties": {"id": "403", "area_ha": 33.896701232526674}, "geometry": {"type": "Polygon", "coordinates": [[[-58.22147377720301, -38.06423963614582], [-58.22079921213835, -38.06423963614582], [-58.22091163964913, -38.06441744516406], [-58.2205743571168, -38.06450634967318], [-58.220237074584475, -38.06539539476437], [-58.219899792052146, -38.06566210829173], [-58.21888794445516, -38.06592882181909], [-58.21675182175042, -38.06592882181909], [-58.216189684196536, -38.06681786691029], [-58.216302111707314, -38.06806253003796], [-58.21686424926119, -38.06904047963828], [-58.21866308943361, -38.070285142765954], [-58.21956250951982, -38.070551856293314], [-58.22068678462758, -38.070551856293314], [-58.22181105973534, -38.070285142765954], [-58.22360989990776, -38.06895157512916], [-58.224172037461635, -38.0682403390562], [-58.22428446497241, -38.067084580437644], [-58.22383475492931, -38.06592882181909], [-58.2229353348431, -38.06539539476437], [-58.2229353348431, -38.06503977672789], [-58.22237319728922, -38.0645952541823], [-58.22147377720301, -38.06423963614582]]]}}, {"type": "Feature", "properties": {"id": "404", "area_ha": 61.55722859404157}, "geometry": {"type": "Polygon", "coordinates": [[[-58.22951704662431, -38.06460358275307], [-58.22659962849335, -38.06682181162952], [-58.226487420103695, -38.06744291571493], [-58.22592637815543, -38.06779783233516], [-58.22603858654508, -38.0693949571262], [-58.227160670441606, -38.07081462360713], [-58.232771089924235, -38.075428539670135], [-58.2333321318725, -38.07560599798025], [-58.23748384228965, -38.07250047755323], [-58.22951704662431, -38.06460358275307]]]}}, {"type": "Feature", "properties": {"id": "405", "area_ha": 14.24824263769174}, "geometry": {"type": "Polygon", "coordinates": [[[-58.21487595185969, -38.06902324923387], [-58.21465108146845, -38.06911197838893], [-58.21465108146845, -38.07026545740468], [-58.21532569264215, -38.07115274895525], [-58.21532569264215, -38.07221749881594], [-58.21566299822901, -38.073104790366514], [-58.21555056303339, -38.07319351952157], [-58.21566299822901, -38.07372589445191], [-58.216000303815854, -38.074346998537315], [-58.216450044598325, -38.074346998537315], [-58.21768683175011, -38.073370977831686], [-58.21802413733696, -38.07328224867663], [-58.218473878119426, -38.072927332056395], [-58.21881118370628, -38.07186258219571], [-58.21869874851066, -38.07097529064514], [-58.218473878119426, -38.07053164486985], [-58.21678735018517, -38.069289436699044], [-58.215887868620236, -38.06902324923387], [-58.21487595185969, -38.06902324923387]]]}}, {"type": "Feature", "properties": {"id": "406", "area_ha": 29.43044973823666}, "geometry": {"type": "Polygon", "coordinates": [[[-58.137573813875065, -37.9949729226213], [-58.13645059733064, -37.9949729226213], [-58.13588898905843, -37.99515073163957], [-58.13510273747733, -37.99586196771263], [-58.134316485896235, -37.99630649025829], [-58.13375487762402, -37.997551153386155], [-58.13386719927846, -37.99870691200488], [-58.13689988394841, -38.00119623826059], [-58.13779845718395, -38.00075171571493], [-58.13802310049283, -38.0003960976784], [-58.1392586386917, -37.999773766114465], [-58.140943463508336, -37.99852910298661], [-58.14105578516278, -37.998262389459214], [-58.14071882019945, -37.99764005789528], [-58.140831141853894, -37.99710663084049], [-58.14049417689057, -37.99683991731309], [-58.14049417689057, -37.996573203785694], [-58.13914631703726, -37.9955063496761], [-58.137573813875065, -37.9949729226213]]]}}, {"type": "Feature", "properties": {"id": "407", "area_ha": 29.031767305725957}, "geometry": {"type": "Polygon", "coordinates": [[[-58.21124776085088, -37.996023249236906], [-58.210349175362836, -37.99584579092676], [-58.20888897394477, -37.99584579092676], [-58.20821503482873, -37.996023249236906], [-58.20641786385264, -37.99735418656297], [-58.20619321748063, -37.99815274895861], [-58.20619321748063, -37.99921749881946], [-58.206867156596665, -38.00037097783539], [-58.20787806527071, -38.00108081107595], [-58.20888897394477, -38.001346998541166], [-58.210461498548845, -38.001346998541166], [-58.2115847304089, -38.000992081920884], [-58.21248331589695, -38.00037097783539], [-58.21248331589695, -37.99904004050932], [-58.21293260864097, -37.99850766557889], [-58.21293260864097, -37.997709103183254], [-58.21248331589695, -37.996999269942684], [-58.21124776085088, -37.996023249236906]]]}}, {"type": "Feature", "properties": {"id": "408", "area_ha": 40.11540068919436}, "geometry": {"type": "Polygon", "coordinates": [[[-58.22153471791029, -38.005402145151], [-58.21996508700884, -38.00549087430607], [-58.21884392207924, -38.005845790926344], [-58.21682582520595, -38.00779783233787], [-58.21682582520595, -38.00877385304363], [-58.217274291177795, -38.01010479036967], [-58.21906815506516, -38.011613186005846], [-58.21962873752996, -38.011879373471054], [-58.22086201895252, -38.01205683178119], [-58.22243164985397, -38.01196810262612], [-58.22422551374133, -38.01063716530008], [-58.22456186322022, -38.00966114459432], [-58.22456186322022, -38.00833020726829], [-58.224898212699095, -38.00779783233787], [-58.224673979713174, -38.007087999097315], [-58.22288011582581, -38.00566833261621], [-58.22153471791029, -38.005402145151]]]}}, {"type": "Feature", "properties": {"id": "409", "area_ha": 75.37748448235418}, "geometry": {"type": "Polygon", "coordinates": [[[-58.206573444904656, -37.947313415998245], [-58.201746705370546, -37.95050766558113], [-58.20163445561394, -37.950862582201445], [-58.21151243419536, -37.959380581089135], [-58.21555342543322, -37.95662997728165], [-58.21622692397286, -37.955831414885935], [-58.206573444904656, -37.947313415998245]]]}}, {"type": "Feature", "properties": {"id": "410", "area_ha": 2086.1898808840465}, "geometry": {"type": "Polygon", "coordinates": [[[-58.185289509579164, -37.903502835121266], [-58.128847084177245, -37.903502835121266], [-58.128847084177245, -37.94130145518739], [-58.18506508641653, -37.94147891349756], [-58.185289509579164, -37.903502835121266]]]}}, {"type": "Feature", "properties": {"id": "411", "area_ha": 1920.5978604111194}, "geometry": {"type": "Polygon", "coordinates": [[[-58.19029066397399, -37.906502835121266], [-58.13384593556848, -37.906502835121266], [-58.13395815172833, -37.94137339306937], [-58.190066231654285, -37.94146212222446], [-58.19029066397399, -37.906502835121266]]]}}, {"type": "Feature", "properties": {"id": "412", "area_ha": 40.80989172082941}, "geometry": {"type": "Polygon", "coordinates": [[[-58.207082559738495, -37.876111978396956], [-58.204620356712745, -37.87602324924186], [-58.20361309183858, -37.87628943670715], [-58.2023819903257, -37.8769105407928], [-58.20204623536764, -37.8769105407928], [-58.20148664377088, -37.87762037403355], [-58.201262807132174, -37.8797498737558], [-58.20148664377088, -37.880548436151635], [-58.20316541856116, -37.88214556094332], [-58.20417268343534, -37.88258920671879], [-58.20629913150303, -37.8824117484086], [-58.207418314696554, -37.882056831788226], [-58.209209007806194, -37.88037097784145], [-58.2094328444449, -37.878951311359955], [-58.209209007806194, -37.87806401980902], [-58.207082559738495, -37.876111978396956]]]}}, {"type": "Feature", "properties": {"id": "413", "area_ha": 38.23862275769636}, "geometry": {"type": "Polygon", "coordinates": [[[-58.20170339324595, -37.87149087431146], [-58.19912431468808, -37.871224686846176], [-58.19867577928671, -37.87157960346655], [-58.19822724388534, -37.87149087431146], [-58.19542389762678, -37.87353164487863], [-58.19531176377644, -37.87459639473976], [-58.195536031477126, -37.8755724154458], [-58.19620883457918, -37.87645970699674], [-58.197330173082605, -37.87725826939259], [-58.1989000469874, -37.87770191516807], [-58.20080632244321, -37.87761318601297], [-58.20114272399424, -37.87734699854769], [-58.20159125939561, -37.87610479037637], [-58.202151928647325, -37.8756611446009], [-58.20293686559972, -37.87583860291108], [-58.203385401001086, -37.875306227980516], [-58.20360966870177, -37.8739752906541], [-58.20327326715074, -37.87299926994806], [-58.20170339324595, -37.87149087431146]]]}}, {"type": "Feature", "properties": {"id": "414", "area_ha": 20.946455029442628}, "geometry": {"type": "Polygon", "coordinates": [[[-58.1636336875365, -37.822644353329814], [-58.16240348740116, -37.82246689501961], [-58.16139696001769, -37.822644353329814], [-58.16039043263423, -37.823176728260435], [-58.159719414378586, -37.82397529065637], [-58.159495741626706, -37.82486258220741], [-58.159719414378586, -37.82574987375845], [-58.16005492350641, -37.826193519533966], [-58.161061450889875, -37.8269920819299], [-58.161844305521456, -37.82716954024011], [-58.16341001478462, -37.827080811085004], [-58.16408103304026, -37.8268146236197], [-58.164975724047785, -37.826104790378864], [-58.16531123317561, -37.82557241544824], [-58.165423069551544, -37.82433020727679], [-58.16508756042372, -37.823797832346166], [-58.1636336875365, -37.822644353329814]]]}}, {"type": "Feature", "properties": {"id": "415", "area_ha": 17.9547980985056}, "geometry": {"type": "Polygon", "coordinates": [[[-58.167298107910575, -37.819176728260615], [-58.16562065318885, -37.819176728260615], [-58.164837840985385, -37.81944291572593], [-58.16394319846713, -37.820330207276974], [-58.163719537837565, -37.8207738530525], [-58.163719537837565, -37.82174987375865], [-58.16394319846713, -37.82228224868928], [-58.16450235004104, -37.822725894464796], [-58.16584431381842, -37.823435727705636], [-58.166738956336665, -37.823435727705636], [-58.167969089799264, -37.82308081108521], [-58.16875190200273, -37.82237097784438], [-58.16919922326186, -37.821483686293334], [-58.169087392947084, -37.8208625822076], [-58.168528241373174, -37.819797832346346], [-58.167857259484485, -37.81935418657083], [-58.167298107910575, -37.819176728260615]]]}}, {"type": "Feature", "properties": {"id": "416", "area_ha": 64.21942386660868}, "geometry": {"type": "Polygon", "coordinates": [[[-58.095788120352466, -37.79843949557437], [-58.09444384519394, -37.79941744517524], [-58.09388373054456, -37.800217585757764], [-58.09209136366654, -37.80101772634029], [-58.09097113436777, -37.80199567594116], [-58.09858869359938, -37.808841323147206], [-58.09959689996827, -37.809463654711394], [-58.103181633724326, -37.80706323296381], [-58.103517702513955, -37.80661871041797], [-58.10340567958408, -37.80528514278043], [-58.102397473215184, -37.80412938416122], [-58.10038106047741, -37.803329243578695], [-58.10038106047741, -37.802440198487], [-58.09982094582802, -37.80172896241365], [-58.09892476238901, -37.8012844398678], [-58.09814060187988, -37.8012844398678], [-58.09724441844086, -37.80048429928527], [-58.09746846430062, -37.800306490266934], [-58.09802857895, -37.800306490266934], [-58.095788120352466, -37.79843949557437]]]}}, {"type": "Feature", "properties": {"id": "417", "area_ha": 74.32823603121594}, "geometry": {"type": "Polygon", "coordinates": [[[-57.93343236365056, -37.72512067168396], [-57.93152607785512, -37.72440802722223], [-57.929171254225444, -37.72431894666451], [-57.92715283397144, -37.724942510568525], [-57.92547081709311, -37.72618963837655], [-57.92468587588321, -37.727525846742296], [-57.92457374142466, -37.72993102180064], [-57.92614362384444, -37.73206895518583], [-57.92704069951289, -37.732692519089845], [-57.930516867728116, -37.73304884132071], [-57.93186248123078, -37.73278159964756], [-57.93343236365056, -37.73206895518583], [-57.9351143805289, -37.73055458570465], [-57.935562918363125, -37.7297528606852], [-57.93567505282168, -37.72814941064631], [-57.93432943931901, -37.72583331614569], [-57.93343236365056, -37.72512067168396]]]}}, {"type": "Feature", "properties": {"id": "418", "area_ha": 71.99599645349575}, "geometry": {"type": "Polygon", "coordinates": [[[-58.47378938724935, -37.58061975256644], [-58.47312183959125, -37.580885416040815], [-58.4734556134203, -37.58185951544684], [-58.472899323705214, -37.58265650586995], [-58.47134171250298, -37.582036624429755], [-58.46666887889629, -37.58540169510512], [-58.469227811585675, -37.587792666374455], [-58.46900529569964, -37.5883239933232], [-58.4727880657622, -37.591689063998565], [-58.47378938724935, -37.59115773704982], [-58.47301058164823, -37.59142340052419], [-58.47223177604712, -37.591069182558364], [-58.472343033990136, -37.59080351908399], [-58.47378938724935, -37.590714964592536], [-58.474123161078396, -37.591069182558364], [-58.475903288166656, -37.590095083152335], [-58.477572157311904, -37.588766765780484], [-58.47812844702699, -37.58752700290008], [-58.47790593114095, -37.58575591307095], [-58.477015867596826, -37.58425048671618], [-58.47657083582476, -37.58407337773326], [-58.477015867596826, -37.583364941801605], [-58.477015867596826, -37.582213733412665], [-58.47378938724935, -37.58061975256644]]]}}, {"type": "Feature", "properties": {"id": "419", "area_ha": 50.64826231122949}, "geometry": {"type": "Polygon", "coordinates": [[[-58.53134394264609, -37.63001072383395], [-58.5296740184987, -37.631161932222774], [-58.52878339228677, -37.63151615018857], [-58.52744745296886, -37.632578804085945], [-58.527002139862894, -37.633552903491875], [-58.527002139862894, -37.635058329846494], [-58.52789276607483, -37.63665231069256], [-58.52911737711624, -37.637449301115595], [-58.53011933160467, -37.63780351908139], [-58.532123240581534, -37.637980628064284], [-58.534015821281905, -37.63736074662415], [-58.53490644749384, -37.63665231069256], [-58.535685745429284, -37.63567821128663], [-58.536019730258765, -37.63434989391491], [-58.535685745429284, -37.63293302205174], [-58.532123240581534, -37.630099278325396], [-58.53134394264609, -37.63001072383395]]]}}, {"type": "Feature", "properties": {"id": "420", "area_ha": 98.33591987699248}, "geometry": {"type": "Polygon", "coordinates": [[[-58.563815699185554, -37.63137857582824], [-58.562590989248235, -37.63190885891259], [-58.55000987807396, -37.64074691031831], [-58.55334999608483, -37.6442821308806], [-58.55457470602215, -37.6436634672822], [-58.555242729624325, -37.64419375036655], [-58.55579941595947, -37.64410536985249], [-58.56025290664063, -37.64092367134643], [-58.56069825570874, -37.64021662723397], [-58.56136627931092, -37.64021662723397], [-58.56815785259968, -37.63553245998894], [-58.563815699185554, -37.63137857582824]]]}}, {"type": "Feature", "properties": {"id": "421", "area_ha": 28.45600502009595}, "geometry": {"type": "Polygon", "coordinates": [[[-58.59235121906487, -37.61912330924272], [-58.59201728815456, -37.6189465482146], [-58.59123811603051, -37.6189465482146], [-58.590347633603024, -37.61921168975678], [-58.589345840872106, -37.61974197284114], [-58.58801011723088, -37.619830353355205], [-58.58678570389309, -37.619565211813025], [-58.58578391116217, -37.62062577798175], [-58.585895221465606, -37.6223050077489], [-58.586563083286215, -37.623100432375445], [-58.58789880692744, -37.62407261803011], [-58.589457151175544, -37.624249379058234], [-58.5905702542099, -37.62416099854417], [-58.59101549542364, -37.623542334945746], [-58.592907770582045, -37.62212824672078], [-58.59324170149235, -37.621421202608296], [-58.59324170149235, -37.620095494897384], [-58.59235121906487, -37.61912330924272]]]}}, {"type": "Feature", "properties": {"id": "422", "area_ha": 25.670171838440112}, "geometry": {"type": "Polygon", "coordinates": [[[-58.59340064631518, -37.637896268748136], [-58.59284504834062, -37.637984823239584], [-58.59206721117623, -37.63833904120537], [-58.5909560152271, -37.639224586119845], [-58.590622656442356, -37.639933022051416], [-58.590622656442356, -37.64090712145733], [-58.5909560152271, -37.64161555738891], [-58.59206721117623, -37.642589656794826], [-58.59284504834062, -37.64294387476061], [-58.594289603074486, -37.64312098374351], [-58.5952896794287, -37.64285532026916], [-58.59684535375749, -37.64161555738891], [-58.597178712542224, -37.64073001247444], [-58.59706759294731, -37.63966735857708], [-58.59662311456766, -37.6389589226455], [-58.595511918618534, -37.63816193222248], [-58.59406736388466, -37.63807337773103], [-58.59340064631518, -37.637896268748136]]]}}, {"type": "Feature", "properties": {"id": "423", "area_ha": 50.34806354194997}, "geometry": {"type": "Polygon", "coordinates": [[[-58.56051208583668, -37.587974362561084], [-58.55884638997009, -37.58832788461735], [-58.556514415756865, -37.59009549489867], [-58.55629232297465, -37.59221662723626], [-58.55795801884124, -37.59442614008791], [-58.55851325079677, -37.59442614008791], [-58.5589574363612, -37.59486804265824], [-58.561511503356634, -37.59530994522857], [-58.56351033839654, -37.59460290111604], [-58.56484289508981, -37.59354233494725], [-58.56539812704534, -37.592305007750326], [-58.56539812704534, -37.590890919525265], [-58.56484289508981, -37.58965359232834], [-58.56373243117876, -37.588681406673615], [-58.56217778170327, -37.58806274307515], [-58.56051208583668, -37.587974362561084]]]}}, {"type": "Feature", "properties": {"id": "424", "area_ha": 1443.0672652178735}, "geometry": {"type": "Polygon", "coordinates": [[[-58.57816584019534, -37.579591389612716], [-58.57294595833263, -37.58331067825379], [-58.57572249123833, -37.58649863994614], [-58.569058812264664, -37.57950283512126], [-58.54307046426736, -37.57967994410417], [-58.542515157686225, -37.583753450711065], [-58.540516053994125, -37.583753450711065], [-58.540738176626576, -37.57967994410417], [-58.53907225688316, -37.58322212376234], [-58.53885013425071, -37.580034162069985], [-58.53818376635334, -37.582159469864884], [-58.53629572397747, -37.57967994410417], [-58.52185775286785, -37.57967994410417], [-58.52274624339768, -37.593317335788115], [-58.52507853103846, -37.58933238367268], [-58.5316311486959, -37.58950949265559], [-58.52185775286785, -37.59632818849756], [-58.52607808288451, -37.6014643490019], [-58.528965677106434, -37.60040169510445], [-58.53940544083184, -37.60660050950625], [-58.545735935856825, -37.60252700289936], [-58.55217749219804, -37.608194490352425], [-58.55262173746295, -37.61341920534822], [-58.555731454317325, -37.61147100653623], [-58.56095133618003, -37.61581017661749], [-58.56872562831598, -37.61076257060459], [-58.57616673650324, -37.61253366043368], [-58.57816584019534, -37.579591389612716]], [[-58.540516053994125, -37.583753450711065], [-58.53818376635334, -37.583753450711065], [-58.534962988182734, -37.58924382918122], [-58.53740633713974, -37.58384200520252], [-58.529965228952484, -37.58091970698453], [-58.540516053994125, -37.583753450711065]]]}}, {"type": "Feature", "properties": {"id": "425", "area_ha": 34.750716256115815}, "geometry": {"type": "Polygon", "coordinates": [[[-58.54995627250629, -37.587123309244035], [-58.54917896865751, -37.58836063644096], [-58.547957491180846, -37.58942120260976], [-58.54584766644844, -37.59030500775042], [-58.54584766644844, -37.59048176877856], [-58.546513926890256, -37.590835290834825], [-58.54662497029722, -37.591542334947356], [-58.546291840076314, -37.59145395443329], [-58.54584766644844, -37.59180747648956], [-58.545958709855405, -37.59198423751769], [-58.54640288348328, -37.59198423751769], [-58.54640288348328, -37.59171909597549], [-58.54673601370419, -37.59163071546143], [-58.54684705711116, -37.59251452060209], [-58.5470691439251, -37.59269128163022], [-58.547957491180846, -37.59277966214429], [-58.548956881843566, -37.59330994522869], [-58.55117774998295, -37.59348670625682], [-58.55295444449445, -37.59269128163022], [-58.5538427917502, -37.59171909597549], [-58.55417592197111, -37.59092367134889], [-58.55417592197111, -37.58950958312383], [-58.5538427917502, -37.58889091952536], [-58.55251027086658, -37.5877419728425], [-58.55173296701779, -37.58738845078623], [-58.54995627250629, -37.587123309244035]]]}}, {"type": "Feature", "properties": {"id": "426", "area_ha": 53.376592442805496}, "geometry": {"type": "Polygon", "coordinates": [[[-58.54513141965077, -37.59037579451095], [-58.54379625258114, -37.59028724001949], [-58.54234982158903, -37.58975591307075], [-58.5413484462868, -37.58895892264765], [-58.540347070984566, -37.587453496292895], [-58.539011903914925, -37.58727638730998], [-58.53778800076776, -37.587453496292895], [-58.53645283369812, -37.58798482324163], [-58.532781124256616, -37.59081856696823], [-58.53634156977565, -37.59400652866066], [-58.53812179253517, -37.59436074662648], [-58.540235807062096, -37.59436074662648], [-58.54323993296879, -37.59276676578027], [-58.54346246081373, -37.592323993322985], [-58.54513141965077, -37.592323993322985], [-58.54513141965077, -37.59037579451095]]]}}, {"type": "Feature", "properties": {"id": "427", "area_ha": 57.08692837501119}, "geometry": {"type": "Polygon", "coordinates": [[[-58.530345709723214, -37.58965650586968], [-58.523113263213766, -37.594615557391194], [-58.52433721569998, -37.59576676578012], [-58.52544989977836, -37.595678211288664], [-58.526451315448895, -37.59700652866049], [-58.52856541519781, -37.59815773704942], [-58.52878795201349, -37.598600509506696], [-58.52834287838214, -37.599131836455435], [-58.52689638908025, -37.59895472747252], [-58.52767526793511, -37.59957460891271], [-58.53112458857808, -37.59753785560923], [-58.53557532489159, -37.59426133942537], [-58.532348541064295, -37.59107337773297], [-58.530345709723214, -37.58965650586968]]]}}, {"type": "Feature", "properties": {"id": "428", "area_ha": 27.573553666145106}, "geometry": {"type": "Polygon", "coordinates": [[[-58.456129474354604, -37.91133904119396], [-58.455123718081914, -37.91125048670256], [-58.4535592083244, -37.91160470466814], [-58.45266520274867, -37.91222458610792], [-58.452106449263844, -37.912933022039084], [-58.45199469856688, -37.91452700288421], [-58.45244170135474, -37.91541254779817], [-58.453112205536534, -37.916032429237944], [-58.45445321390012, -37.91656375618632], [-58.456129474354604, -37.91656375618632], [-58.4571352306273, -37.916209538220734], [-58.45791748550606, -37.91567821127236], [-58.45858798968785, -37.914704111867], [-58.458699740384816, -37.91346434898746], [-58.45847623899088, -37.91284446754769], [-58.45735873202123, -37.91178181365094], [-58.456129474354604, -37.91133904119396]]]}}, {"type": "Feature", "properties": {"id": "429", "area_ha": 2319.15838808816}, "geometry": {"type": "Polygon", "coordinates": [[[-58.49028643203267, -37.89550283512127], [-58.433961017870516, -37.89550283512127], [-58.433961017870516, -37.937654773025386], [-58.48983940493614, -37.93792043649957], [-58.49028643203267, -37.89550283512127]]]}}, {"type": "Feature", "properties": {"id": "430", "area_ha": 2067.4940813879684}, "geometry": {"type": "Polygon", "coordinates": [[[-58.48528835535613, -37.900502835121266], [-58.42884734735275, -37.900502835121266], [-58.428959111725035, -37.93804993947243], [-58.48517659098385, -37.93804993947243], [-58.48528835535613, -37.900502835121266]]]}}, {"type": "Feature", "properties": {"id": "431", "area_ha": 1851.7334434779852}, "geometry": {"type": "Polygon", "coordinates": [[[-58.490289894358376, -37.90450283512126], [-58.433845816016145, -37.90450283512126], [-58.433845816016145, -37.9380649873594], [-58.490289894358376, -37.9380649873594], [-58.490289894358376, -37.90450283512126]]]}}, {"type": "Feature", "properties": {"id": "432", "area_ha": 43.07763074637314}, "geometry": {"type": "Polygon", "coordinates": [[[-58.43689452038256, -37.90725048670272], [-58.43588881879351, -37.90751615017691], [-58.434659627962446, -37.90831314059948], [-58.433989160236415, -37.909021576530655], [-58.433653926373395, -37.910261339410205], [-58.433989160236415, -37.91158965678116], [-58.43544184030949, -37.91300652864351], [-58.43655928651954, -37.91362641008328], [-58.43711800962457, -37.91460050948864], [-58.4377884773506, -37.91504328194563], [-58.43857068969764, -37.914423400505854], [-58.43901766818166, -37.914334846014455], [-58.440917326738756, -37.91282941966071], [-58.441699539085796, -37.91158965678116], [-58.441811283706805, -37.90973001246183], [-58.44158779446479, -37.909198685513445], [-58.439911625149705, -37.9076932591597], [-58.43845894507663, -37.90725048670272], [-58.43689452038256, -37.90725048670272]]]}}, {"type": "Feature", "properties": {"id": "433", "area_ha": 39.241214893325235}, "geometry": {"type": "Polygon", "coordinates": [[[-58.2982838648761, -37.95157960346333], [-58.29637928654452, -37.952289436703964], [-58.295370980368986, -37.953265457409834], [-58.29503487831047, -37.95441893642587], [-58.295146912329976, -37.955749873752055], [-58.2957070824275, -37.95663716530285], [-58.29682742262254, -37.957346998543485], [-58.29861996693461, -37.957790644318884], [-58.299964375168656, -37.957879373473965], [-58.30142081742222, -37.957346998543485], [-58.30231708957825, -37.95672589445793], [-58.30321336173429, -37.95521749882158], [-58.30310132771478, -37.95424147811571], [-58.302765225656266, -37.953354186564916], [-58.30231708957825, -37.952821811634436], [-58.3010847153637, -37.95193452008365], [-58.29974030712965, -37.95157960346333], [-58.2982838648761, -37.95157960346333]]]}}, {"type": "Feature", "properties": {"id": "434", "area_ha": 2296.757214194643}, "geometry": {"type": "Polygon", "coordinates": [[[-58.2832875859695, -37.89850283512126], [-58.22696053685654, -37.89850283512126], [-58.22696053685654, -37.94029426716665], [-58.28295163935451, -37.94038299632174], [-58.2832875859695, -37.89850283512126]]]}}, {"type": "Feature", "properties": {"id": "435", "area_ha": 44.72430120637031}, "geometry": {"type": "Polygon", "coordinates": [[[-58.254916725770045, -38.060958499373456], [-58.25469232126066, -38.06140214514875], [-58.25974142272175, -38.065749873746626], [-58.26198546781557, -38.06716954022756], [-58.26220987232495, -38.06770191515791], [-58.262658681343716, -38.0670808110725], [-58.26355629938124, -38.06699208191744], [-58.264005108400006, -38.06628224867698], [-58.26434171516408, -38.06628224867698], [-58.26613695123913, -38.064951311351095], [-58.26591254672975, -38.064330207265684], [-58.260078029485825, -38.0593613745824], [-58.25895600693892, -38.06007120782287], [-58.257497377627935, -38.06007120782287], [-58.254916725770045, -38.060958499373456]]]}}, {"type": "Feature", "properties": {"id": "436", "area_ha": 39.37213265460747}, "geometry": {"type": "Polygon", "coordinates": [[[-58.42457140039692, -37.9974534962765], [-58.4225575037368, -37.997542050767876], [-58.420655490224455, -37.99878181364719], [-58.41998419133775, -37.99993302203513], [-58.419872308189966, -38.00090712144031], [-58.420096074485535, -38.00188122084548], [-58.420543607076674, -38.002589656776514], [-58.42132678911116, -38.00329809270755], [-58.42233373744123, -38.00374086516445], [-58.424011984657994, -38.003917974147214], [-58.42535458243141, -38.00374086516445], [-58.426585297057045, -38.003032429233414], [-58.42770412853489, -38.00196977533686], [-58.42792789483046, -38.00046434898341], [-58.427368479091534, -37.99904747712133], [-58.42647341390926, -37.998250486698915], [-58.42457140039692, -37.9974534962765]]]}}, {"type": "Feature", "properties": {"id": "437", "area_ha": 1762.998982244895}, "geometry": {"type": "Polygon", "coordinates": [[[-58.02546242322496, -37.87250283512127], [-57.98497110744235, -37.87250283512127], [-57.98553192899058, -37.91739961224305], [-58.02535025891532, -37.91739961224305], [-58.02546242322496, -37.87250283512127]]]}}, {"type": "Feature", "properties": {"id": "438", "area_ha": 2380.2218240724724}, "geometry": {"type": "Polygon", "coordinates": [[[-58.05128835535614, -37.900502835121266], [-57.994961107517405, -37.900502835121266], [-57.99586054460864, -37.945310355634184], [-58.02599168716509, -37.94539943619186], [-58.02677869461993, -37.94263793890379], [-58.05106349608333, -37.94272701946147], [-58.05128835535614, -37.900502835121266]]]}}, {"type": "Feature", "properties": {"id": "439", "area_ha": 38.058844607446886}, "geometry": {"type": "Polygon", "coordinates": [[[-58.404729677434005, -37.60221373341192], [-58.40383761512518, -37.603099278326454], [-58.40294555281634, -37.60487036815552], [-58.40205349050751, -37.605844467561504], [-58.40104992041008, -37.60752700289912], [-58.40104992041008, -37.60779266637348], [-58.40283404502774, -37.60903242925382], [-58.40316856839355, -37.60903242925382], [-58.403280076182156, -37.60938664721964], [-58.40428364627959, -37.61009508315126], [-58.406736817628875, -37.609652310693996], [-58.40796340330352, -37.60912098374528], [-58.408297926669334, -37.608501102305105], [-58.40885546561235, -37.60823543883074], [-58.40907848118956, -37.606907121458946], [-58.40941300455537, -37.60655290349313], [-58.40796340330352, -37.60495892264697], [-58.404729677434005, -37.60221373341192]]]}}, {"type": "Feature", "properties": {"id": "440", "area_ha": 2056.785008000047}, "geometry": {"type": "Polygon", "coordinates": [[[-58.06329181854057, -37.909502835121266], [-58.00673256604973, -37.909502835121266], [-58.00673256604973, -37.95270690559512], [-58.01088473339529, -37.954399436191004], [-58.026146753908684, -37.954399436191004], [-58.02648341612589, -37.94272988313518], [-58.06329181854057, -37.94272988313518], [-58.06329181854057, -37.909502835121266]]]}}, {"type": "Feature", "properties": {"id": "441", "area_ha": 163.39506788732746}, "geometry": {"type": "Polygon", "coordinates": [[[-58.48401191601811, -37.64865650586743], [-58.4798917160573, -37.652198685525214], [-58.47888950525603, -37.652198685525214], [-58.476105586363595, -37.654323993319885], [-58.492252315939716, -37.66902403889971], [-58.49191824567263, -37.66778427601948], [-58.49236367269542, -37.667430058053704], [-58.49147281864984, -37.66654451313926], [-58.49136146189414, -37.66495053229325], [-58.49258638620681, -37.663179442464354], [-58.49358859700809, -37.663356551447244], [-58.49336588349669, -37.66264811551569], [-58.49436809429797, -37.662559561024246], [-58.49369995376379, -37.66185112509268], [-58.49492487807646, -37.65963726280657], [-58.49459080780937, -37.65768906399479], [-58.49336588349669, -37.656537855606004], [-58.49125010513844, -37.65591797416589], [-58.487686688956124, -37.656360746623115], [-58.49047060784856, -37.653969775354106], [-58.48468005655229, -37.64865650586743], [-58.48401191601811, -37.64865650586743]]]}}, {"type": "Feature", "properties": {"id": "442", "area_ha": 36.78892387130059}, "geometry": {"type": "Polygon", "coordinates": [[[-58.58440000642494, -37.59594654821553], [-58.582623097018306, -37.595858167701465], [-58.58129041496333, -37.59612330924366], [-58.58017984658418, -37.59683035335618], [-58.579735619232515, -37.5975373974687], [-58.57918033504294, -37.59797930003902], [-58.579069278205026, -37.59939338826406], [-58.57929139188086, -37.600012051862514], [-58.57995773290835, -37.600984237517224], [-58.581068301287495, -37.60195642317194], [-58.583400494883705, -37.602044803686006], [-58.584955290614516, -37.60160290111568], [-58.58584374531783, -37.60107261803129], [-58.58684325685907, -37.599481768778126], [-58.58739854104864, -37.599039866207804], [-58.58684325685907, -37.59797930003902], [-58.5848442337766, -37.59665359232805], [-58.58440000642494, -37.59594654821553]]]}}, {"type": "Feature", "properties": {"id": "443", "area_ha": 75.03911094553303}, "geometry": {"type": "Polygon", "coordinates": [[[-58.278789292716134, -38.0072726454292], [-58.27845292488344, -38.00762756204947], [-58.27867717010523, -38.008692311910295], [-58.27778018921804, -38.00904722853057], [-58.27688320833085, -38.00886977022043], [-58.276322595276355, -38.009135957685636], [-58.27621047266546, -38.009668332616044], [-58.279686273603325, -38.01277385304344], [-58.28013476404692, -38.01392733205933], [-58.281255990155906, -38.01516954023029], [-58.284619668482875, -38.01747649826207], [-58.290225799027816, -38.01321749881878], [-58.28316207454119, -38.00709518711906], [-58.28148023537771, -38.00691772880893], [-58.278789292716134, -38.0072726454292]]]}}, {"type": "Feature", "properties": {"id": "444", "area_ha": 60.75372690352496}, "geometry": {"type": "Polygon", "coordinates": [[[-58.500563598764344, -37.56393721722921], [-58.50078606982557, -37.56499987112673], [-58.50034112770311, -37.567213733413226], [-58.50022989217249, -37.57500652866168], [-58.50134224747866, -37.576600509507955], [-58.50334448702976, -37.57784027238839], [-58.50312201596852, -37.57668906399942], [-58.503455722560375, -37.5751836376446], [-58.5043456068053, -37.57394387476416], [-58.50545796211147, -37.57314688434103], [-58.5076826727238, -37.57243844840935], [-58.511130974172914, -37.57288122086665], [-58.500563598764344, -37.56393721722921]]]}}, {"type": "Feature", "properties": {"id": "445", "area_ha": 39.38180548962195}, "geometry": {"type": "Polygon", "coordinates": [[[-58.5437912102405, -37.62947939688525], [-58.541564644710654, -37.63098482323987], [-58.540451361945735, -37.63151615018856], [-58.539560735733794, -37.632224586120145], [-58.539338079180816, -37.63284446756028], [-58.539449407457305, -37.63443844840636], [-58.539894720563275, -37.63523543882939], [-58.541341988157676, -37.63638664721822], [-58.54278925575207, -37.63682941967546], [-58.54367988196401, -37.63682941967546], [-58.54423652334647, -37.63656375620111], [-58.54724238681176, -37.63434989391491], [-58.547353715088256, -37.633198685526075], [-58.547019730258775, -37.63231314061159], [-58.547576371641235, -37.63249024959449], [-58.54612910404684, -37.63133904120566], [-58.5452384778349, -37.630276387308285], [-58.5437912102405, -37.62947939688525]]]}}, {"type": "Feature", "properties": {"id": "446", "area_ha": 1247.1517808314445}, "geometry": {"type": "Polygon", "coordinates": [[[-58.57695342871991, -37.6134100854543], [-58.56893833209768, -37.61190465909966], [-58.562815688844594, -37.6181034735011], [-58.55602512087298, -37.612435986048354], [-58.539104361337166, -37.62704747713747], [-58.539104361337166, -37.62447939688544], [-58.53698926639519, -37.62518783281703], [-58.544893042230996, -37.617572146552405], [-58.538659078191486, -37.616775156129364], [-58.545115683803836, -37.61615527468922], [-58.542110022570505, -37.61376430342009], [-58.53687794560877, -37.61447273935168], [-58.53632134167667, -37.626250486714426], [-58.52908549055938, -37.63005832984674], [-58.521181714723575, -37.629438448406596], [-58.520959073150735, -37.636345698739625], [-58.528083603481605, -37.64254451314107], [-58.5325364349384, -37.64121619576933], [-58.5330930388705, -37.6449354844102], [-58.540996814706304, -37.64918609999975], [-58.53621002089025, -37.651399962285986], [-58.559810027611256, -37.651399962285986], [-58.549457194474215, -37.64059631432919], [-58.558919461319896, -37.6341318364534], [-58.56058927311619, -37.6393565514489], [-58.56370625513595, -37.63793967958571], [-58.56036663154335, -37.63678847119687], [-58.56381757592237, -37.636611362213976], [-58.55992134839768, -37.63608003526528], [-58.56481946300015, -37.635902926282384], [-58.56404021749521, -37.63802823407716], [-58.568827011311264, -37.637496907128465], [-58.566711916369286, -37.64086197780353], [-58.572055314117435, -37.6393565514489], [-58.572055314117435, -37.63253785560732], [-58.577064749506334, -37.63200652865862], [-58.57717607029275, -37.62244264358211], [-58.57417040905941, -37.61854624595835], [-58.57695342871991, -37.6134100854543]]]}}, {"type": "Feature", "properties": {"id": "447", "area_ha": 72.93804269146254}, "geometry": {"type": "Polygon", "coordinates": [[[-58.44671959955789, -37.81226553459291], [-58.44504219028809, -37.81332818848987], [-58.444035744726214, -37.81332818848987], [-58.442693817310385, -37.8141251789126], [-58.44314112644899, -37.815099278318144], [-58.442693817310385, -37.815542050775214], [-58.442134680887115, -37.81563060526663], [-58.441128235325245, -37.81518783280956], [-58.44101640804059, -37.81633904119794], [-58.44873249068164, -37.823157737036794], [-58.45454750948359, -37.81890712144894], [-58.44850883611233, -37.81341674298129], [-58.44671959955789, -37.81226553459291]]]}}, {"type": "Feature", "properties": {"id": "448", "area_ha": 55.4282165455826}, "geometry": {"type": "Polygon", "coordinates": [[[-58.2235166847943, -38.01360358275503], [-58.22228325193397, -38.0136923119101], [-58.220713428293564, -38.01422468684051], [-58.216900999452555, -38.01697529064759], [-58.22037703751347, -38.020258269385096], [-58.223068163754185, -38.02221031079658], [-58.22318029401421, -38.02256522741685], [-58.22374094531436, -38.02141174840097], [-58.22418946635448, -38.021056831780704], [-58.225422899214806, -38.020879373470564], [-58.22575928999489, -38.02043572769523], [-58.225871420254926, -38.02061318600536], [-58.22620781103501, -38.020524456850296], [-58.22800189519548, -38.01697529064759], [-58.22475011765463, -38.013781041065165], [-58.2235166847943, -38.01360358275503]]]}}, {"type": "Feature", "properties": {"id": "449", "area_ha": 46.13271083291707}, "geometry": {"type": "Polygon", "coordinates": [[[-58.22950753250579, -38.01264435332172], [-58.22726501909933, -38.012555624166644], [-58.226592265077386, -38.012733082476785], [-58.22535888270382, -38.01362037402746], [-58.22558313404447, -38.01424147811294], [-58.228274150132236, -38.016725894454844], [-58.226704390747706, -38.0201863315025], [-58.2256952597148, -38.021073623053184], [-58.229171155494825, -38.021339810518384], [-58.23331980529679, -38.01876666502141], [-58.233431930967114, -38.0162822486795], [-58.23309555395614, -38.014951311353485], [-58.23219854859356, -38.01388656149267], [-58.23130154323097, -38.01326545740719], [-58.22950753250579, -38.01264435332172]]]}}, {"type": "Feature", "properties": {"id": "450", "area_ha": 50.20144158200278}, "geometry": {"type": "Polygon", "coordinates": [[[-58.08746824527098, -37.78539469186387], [-58.086460189015476, -37.785928118918896], [-58.0828759889959, -37.788950872230735], [-58.082651976494674, -37.78939539477659], [-58.081867932740394, -37.789839917322446], [-58.08231595774284, -37.790551153395825], [-58.08410805775263, -37.79206253005174], [-58.08433207025385, -37.79179581652422], [-58.08466808900569, -37.79197362554257], [-58.08455608275508, -37.79259595710677], [-58.0866842015167, -37.794462951799375], [-58.088476301526484, -37.79348500219849], [-58.09105244529056, -37.791262389469196], [-58.092620532799124, -37.790551153395825], [-58.092620532799124, -37.79001772634079], [-58.08746824527098, -37.78539469186387]]]}}, {"type": "Feature", "properties": {"id": "451", "area_ha": 61.01814678241439}, "geometry": {"type": "Polygon", "coordinates": [[[-58.306033312749165, -37.976498062328744], [-58.30143810313228, -37.98066833261722], [-58.30536084304913, -37.984483686285394], [-58.31040436579937, -37.98865395657387], [-58.31074060064939, -37.98865395657387], [-58.313654636016196, -37.9861695402318], [-58.308611113265954, -37.98173308247811], [-58.308611113265954, -37.981200707547664], [-58.309619817816, -37.980402145152], [-58.309395661249326, -37.97951485360126], [-58.30704201729921, -37.97703043725919], [-58.306033312749165, -37.976498062328744]]]}}, {"type": "Feature", "properties": {"id": "452", "area_ha": 87.77308022813072}, "geometry": {"type": "Polygon", "coordinates": [[[-58.33442448971621, -38.06036137458237], [-58.33296584046809, -38.060982478667775], [-58.32679463211065, -38.06568512388588], [-58.32746785484055, -38.06639495712634], [-58.32769226241718, -38.067459706987044], [-58.3271312434756, -38.06870191515786], [-58.32758005862887, -38.07269472713549], [-58.32870209651204, -38.0733158312209], [-58.33161939500828, -38.07171870642985], [-58.339810271555436, -38.065241478110586], [-58.339137048825535, -38.06426545740494], [-58.33621975032929, -38.061869770218365], [-58.3349855086578, -38.06195849937342], [-58.33476110108116, -38.061426124443074], [-58.335097712446114, -38.060982478667775], [-58.33442448971621, -38.06036137458237]]]}}, {"type": "Feature", "properties": {"id": "453", "area_ha": 33.45216394163133}, "geometry": {"type": "Polygon", "coordinates": [[[-58.37036834031373, -37.864862582205525], [-58.37059213442111, -37.86521749882591], [-58.37148731085064, -37.86574987375649], [-58.372830075494925, -37.867080811082936], [-58.374060943085524, -37.867968102633895], [-58.37495611951505, -37.86770191516861], [-58.37708216353517, -37.86876666502976], [-58.37775354585732, -37.86885539418486], [-58.378089237018386, -37.86858920671957], [-58.378089237018386, -37.86805683178899], [-58.37898441344791, -37.86645970699726], [-58.37898441344791, -37.86530622798101], [-58.37741785469624, -37.86370910318927], [-58.37540370772981, -37.86220070755264], [-58.37540370772981, -37.86246689501793], [-58.37361335487076, -37.86264435332812], [-58.37305386960231, -37.86291054079341], [-58.37036834031373, -37.864862582205525]]]}}]}