{
  "type": "FeatureCollection",
  "features": [
    {
      "type": "Feature",
      "properties": {
        "id": 1,
        "localidad": "Tandil",
        "cultivo": "Maiz",
        "area_ha": 42.74,
        "error_pct": 10.0,
        "sam_score": 0.959
      },
      "geometry": {
        "type": "Polygon",
        "coordinates": [
          [
            [
              -58.50568043317271,
              -37.5683649418022
            ],
            [
              -58.505235491050236,
              -37.56827638731074
            ],
            [
              -58.5043456068053,
              -37.56854205078512
            ],
            [
              -58.50078606982557,
              -37.56845349629366
            ],
            [
              -58.50034112770311,
              -37.5688077142595
            ],
            [
              -58.500118656641874,
              -37.570490249597235
            ],
            [
              -58.500118656641874,
              -37.574829419678764
            ],
            [
              -58.500563598764344,
              -37.57536074662752
            ],
            [
              -58.50123101194804,
              -37.57527219213606
            ],
            [
              -58.50167595407051,
              -37.57491797417022
            ],
            [
              -58.50289954490729,
              -37.5756264101019
            ],
            [
              -58.50423437127469,
              -37.57394387476416
            ],
            [
              -58.505235491050236,
              -37.573235438832484
            ],
            [
              -58.50657031741763,
              -37.57270411188373
            ],
            [
              -58.50868379249935,
              -37.572261339426426
            ],
            [
              -58.50857255696874,
              -37.57208423044351
            ],
            [
              -58.50890626356058,
              -37.57173001247767
            ],
            [
              -58.50857255696874,
              -37.570755913071615
            ],
            [
              -58.507571437193185,
              -37.569693259174095
            ],
            [
              -58.50568043317271,
              -37.5683649418022
            ]
          ]
        ]
      }
    },
    {
      "type": "Feature",
      "properties": {
        "id": 2,
        "localidad": "Balcarce",
        "cultivo": "Soja",
        "area_ha": 33.21,
        "error_pct": 0.0,
        "sam_score": 0.966
      },
      "geometry": {
        "type": "Polygon",
        "coordinates": [
          [
            [
              -58.541008003328194,
              -37.63107337773132
            ],
            [
              -58.53911542262783,
              -37.63249024959449
            ],
            [
              -58.538892766074845,
              -37.63284446756028
            ],
            [
              -58.53922675090432,
              -37.63346434900042
            ],
            [
              -58.53911542262783,
              -37.633641457983316
            ],
            [
              -58.539449407457305,
              -37.634084230440564
            ],
            [
              -58.539449407457305,
              -37.634527002897805
            ],
            [
              -58.54011737711626,
              -37.635501102303735
            ],
            [
              -58.541341988157676,
              -37.63656375620111
            ],
            [
              -58.54278925575207,
              -37.637006528658354
            ],
            [
              -58.543457225411025,
              -37.637006528658354
            ],
            [
              -58.54612910404684,
              -37.63523543882939
            ],
            [
              -58.5466857454293,
              -37.6347041118807
            ],
            [
              -58.54713105853527,
              -37.63381856696621
            ],
            [
              -58.5466857454293,
              -37.633198685526075
            ],
            [
              -58.544347851622966,
              -37.63116193222277
            ],
            [
              -58.541008003328194,
              -37.63107337773132
            ]
          ]
        ]
      }
    },
    {
      "type": "Feature",
      "properties": {
        "id": 3,
        "localidad": "Balcarce",
        "cultivo": "Trigo",
        "area_ha": 39.63,
        "error_pct": 7.6,
        "sam_score": 0.966
      },
      "geometry": {
        "type": "Polygon",
        "coordinates": [
          [
            [
              -58.54979115683347,
              -37.62580771425718
            ],
            [
              -58.54845530739643,
              -37.62580771425718
            ],
            [
              -58.545338325376676,
              -37.627933022051955
            ],
            [
              -58.54478172144458,
              -37.628730012475
            ],
            [
              -58.54478172144458,
              -37.62961555738949
            ],
            [
              -58.54500436301742,
              -37.62996977535529
            ],
            [
              -58.54678549560013,
              -37.631475201709925
            ],
            [
              -58.54678549560013,
              -37.63174086518427
            ],
            [
              -58.54778738267792,
              -37.632272192132966
            ],
            [
              -58.55023643997915,
              -37.632272192132966
            ],
            [
              -58.55068172312483,
              -37.63174086518427
            ],
            [
              -58.55112700627051,
              -37.63174086518427
            ],
            [
              -58.552240214134706,
              -37.63094387476123
            ],
            [
              -58.55379870514459,
              -37.629527002898044
            ],
            [
              -58.553130780426066,
              -37.628287240017755
            ],
            [
              -58.55190625177545,
              -37.62678181366312
            ],
            [
              -58.55090436469767,
              -37.62616193222298
            ],
            [
              -58.54979115683347,
              -37.62580771425718
            ]
          ]
        ]
      }
    },
    {
      "type": "Feature",
      "properties": {
        "id": 4,
        "localidad": "Balcarce",
        "cultivo": "Maiz",
        "area_ha": 44.01,
        "error_pct": 13.6,
        "sam_score": 0.969
      },
      "geometry": {
        "type": "Polygon",
        "coordinates": [
          [
            [
              -58.44940345438956,
              -37.815542050775214
            ],
            [
              -58.44839700882768,
              -37.815542050775214
            ],
            [
              -58.44660777227323,
              -37.8160733777237
            ],
            [
              -58.4452658448574,
              -37.817490249586314
            ],
            [
              -58.44381209015691,
              -37.81855290348328
            ],
            [
              -58.444259399295525,
              -37.81908423043176
            ],
            [
              -58.444594881149484,
              -37.81899567594035
            ],
            [
              -58.444594881149484,
              -37.81943844839742
            ],
            [
              -58.44548949942671,
              -37.82041254780297
            ],
            [
              -58.44862066339699,
              -37.823157737036794
            ],
            [
              -58.45108086365935,
              -37.82165231068276
            ],
            [
              -58.45298192749845,
              -37.82014688432873
            ],
            [
              -58.453093754783104,
              -37.817933022043384
            ],
            [
              -58.4528701002138,
              -37.817490249586314
            ],
            [
              -58.451528172797964,
              -37.81625048670652
            ],
            [
              -58.45063355452074,
              -37.81580771424946
            ],
            [
              -58.44940345438956,
              -37.815542050775214
            ]
          ]
        ]
      }
    },
    {
      "type": "Feature",
      "properties": {
        "id": 5,
        "localidad": "Ayacucho",
        "cultivo": "Soja",
        "area_ha": 51.28,
        "error_pct": 1.8,
        "sam_score": 0.895
      },
      "geometry": {
        "type": "Polygon",
        "coordinates": [
          [
            [
              -58.22699272285522,
              -38.01546689501145
            ],
            [
              -58.22631994129504,
              -38.015289436701316
            ],
            [
              -58.225983550514954,
              -38.01475706177091
            ],
            [
              -58.220152776993416,
              -38.01466833261584
            ],
            [
              -58.21903147439312,
              -38.014845790925975
            ],
            [
              -58.218807213873056,
              -38.015023249236116
            ],
            [
              -58.21903147439312,
              -38.01520070754625
            ],
            [
              -58.21813443231288,
              -38.01564435332158
            ],
            [
              -58.218358692832936,
              -38.015910540786784
            ],
            [
              -58.21802230205285,
              -38.01626545740706
            ],
            [
              -58.21824656257291,
              -38.016620374027326
            ],
            [
              -58.21802230205285,
              -38.017685123888135
            ],
            [
              -58.21813443231288,
              -38.01945970698949
            ],
            [
              -58.21869508361303,
              -38.01990335276482
            ],
            [
              -58.21869508361303,
              -38.02016954023003
            ],
            [
              -58.219255734913176,
              -38.020524456850296
            ],
            [
              -58.219816386213324,
              -38.020524456850296
            ],
            [
              -58.22004064673338,
              -38.02096810262563
            ],
            [
              -58.2204891677735,
              -38.0207906443155
            ],
            [
              -58.22104981907365,
              -38.021056831780704
            ],
            [
              -58.22284390323412,
              -38.02114556093577
            ],
            [
              -58.225086508434714,
              -38.021056831780704
            ],
            [
              -58.22531076895478,
              -38.020879373470564
            ],
            [
              -58.225871420254926,
              -38.021056831780704
            ],
            [
              -58.22620781103501,
              -38.02043572769523
            ],
            [
              -58.22688059259519,
              -38.020258269385096
            ],
            [
              -58.22699272285522,
              -38.01546689501145
            ]
          ]
        ]
      }
    },
    {
      "type": "Feature",
      "properties": {
        "id": 6,
        "localidad": "Ayacucho",
        "cultivo": "Trigo",
        "area_ha": 31.21,
        "error_pct": 6.5,
        "sam_score": 0.888
      },
      "geometry": {
        "type": "Polygon",
        "coordinates": [
          [
            [
              -58.23309555395614,
              -38.01264435332172
            ],
            [
              -58.232534925604526,
              -38.01237816585651
            ],
            [
              -58.23231067426388,
              -38.01246689501158
            ],
            [
              -58.23130154323097,
              -38.012289436701444
            ],
            [
              -58.22782564745094,
              -38.012289436701444
            ],
            [
              -58.226704390747706,
              -38.01246689501158
            ],
            [
              -58.22648013940706,
              -38.012733082476785
            ],
            [
              -58.226704390747706,
              -38.01291054078692
            ],
            [
              -58.22614376239609,
              -38.01326545740719
            ],
            [
              -58.22636801373674,
              -38.013709103182535
            ],
            [
              -58.22614376239609,
              -38.01415274895787
            ],
            [
              -58.22636801373674,
              -38.01433020726801
            ],
            [
              -58.22614376239609,
              -38.014507665578144
            ],
            [
              -58.22625588806641,
              -38.01539495712883
            ],
            [
              -58.22648013940706,
              -38.01557241543896
            ],
            [
              -58.22636801373674,
              -38.01583860290417
            ],
            [
              -58.226704390747706,
              -38.0162822486795
            ],
            [
              -58.226592265077386,
              -38.01645970698964
            ],
            [
              -58.227152893429,
              -38.01681462360991
            ],
            [
              -58.22748927043997,
              -38.016725894454844
            ],
            [
              -58.22894690415418,
              -38.01734699854032
            ],
            [
              -58.23163792024194,
              -38.01734699854032
            ],
            [
              -58.23231067426388,
              -38.01681462360991
            ],
            [
              -58.23287130261549,
              -38.016725894454844
            ],
            [
              -58.23309555395614,
              -38.01654843614471
            ],
            [
              -58.23320767962647,
              -38.015749873749094
            ],
            [
              -58.23309555395614,
              -38.01264435332172
            ]
          ]
        ]
      }
    },
    {
      "type": "Feature",
      "properties": {
        "id": 9,
        "localidad": "Ayacucho",
        "cultivo": "Maiz",
        "area_ha": 49.86,
        "error_pct": 4.1,
        "sam_score": 0.989
      },
      "geometry": {
        "type": "Polygon",
        "coordinates": [
          [
            [
              -58.33285363667977,
              -38.06275706176895
            ],
            [
              -58.33161939500828,
              -38.06275706176895
            ],
            [
              -58.33016074576016,
              -38.06320070754424
            ],
            [
              -58.32825328135877,
              -38.064620374025175
            ],
            [
              -58.32769226241718,
              -38.06595131135105
            ],
            [
              -58.3278044662055,
              -38.067282248676925
            ],
            [
              -58.3284776889354,
              -38.06843572769269
            ],
            [
              -58.32993633818353,
              -38.06950047755339
            ],
            [
              -58.33161939500828,
              -38.07003285248374
            ],
            [
              -58.33296584046809,
              -38.07003285248374
            ],
            [
              -58.33397567456294,
              -38.0696779358635
            ],
            [
              -58.33655636169424,
              -38.067814623607276
            ],
            [
              -58.33689297305919,
              -38.06710479036681
            ],
            [
              -58.33689297305919,
              -38.06577385304093
            ],
            [
              -58.33610754654097,
              -38.06426545740494
            ],
            [
              -58.33453669350453,
              -38.06320070754424
            ],
            [
              -58.33285363667977,
              -38.06275706176895
            ]
          ]
        ]
      }
    },
    {
      "type": "Feature",
      "properties": {
        "id": 11,
        "localidad": "Ayacucho",
        "cultivo": "Soja",
        "area_ha": 47.83,
        "error_pct": 4.0,
        "sam_score": 0.903
      },
      "geometry": {
        "type": "Polygon",
        "coordinates": [
          [
            [
              -58.29387232273926,
              -38.03775706176997
            ],
            [
              -58.28759105639226,
              -38.03775706176997
            ],
            [
              -58.28658156715792,
              -38.03855562416554
            ],
            [
              -58.2866937326284,
              -38.03908799909592
            ],
            [
              -58.286469401687434,
              -38.039354186561106
            ],
            [
              -58.2866937326284,
              -38.039797832336426
            ],
            [
              -58.286469401687434,
              -38.04006401980161
            ],
            [
              -58.2866937326284,
              -38.040418936421865
            ],
            [
              -58.28635723621695,
              -38.04068512388705
            ],
            [
              -58.28658156715792,
              -38.04086258219718
            ],
            [
              -58.286469401687434,
              -38.04139495712756
            ],
            [
              -58.2866937326284,
              -38.041572415437685
            ],
            [
              -58.28658156715792,
              -38.042104790368064
            ],
            [
              -58.28691806356937,
              -38.043169540228824
            ],
            [
              -58.28725455998081,
              -38.04343572769401
            ],
            [
              -58.28759105639226,
              -38.04343572769401
            ],
            [
              -58.28815188374467,
              -38.04396810262439
            ],
            [
              -58.28848838015612,
              -38.043701915159204
            ],
            [
              -58.289049207508526,
              -38.04405683177945
            ],
            [
              -58.29263850256395,
              -38.04414556093452
            ],
            [
              -58.293311495386845,
              -38.043790644314264
            ],
            [
              -58.293647991798295,
              -38.04396810262439
            ],
            [
              -58.29409665368022,
              -38.04361318600414
            ],
            [
              -58.294208819150704,
              -38.0429920819187
            ],
            [
              -58.294881811973596,
              -38.042637165298444
            ],
            [
              -58.29465748103264,
              -38.04228224867819
            ],
            [
              -58.294881811973596,
              -38.042104790368064
            ],
            [
              -58.29499397744408,
              -38.04059639473199
            ],
            [
              -58.29476964650312,
              -38.0403302072668
            ],
            [
              -58.29499397744408,
              -38.039886561491485
            ],
            [
              -58.29476964650312,
              -38.0396203740263
            ],
            [
              -58.29499397744408,
              -38.03917672825098
            ],
            [
              -58.29476964650312,
              -38.03891054078579
            ],
            [
              -58.29499397744408,
              -38.0386443533206
            ],
            [
              -58.29409665368022,
              -38.038289436700346
            ],
            [
              -58.29387232273926,
              -38.03775706176997
            ]
          ]
        ]
      }
    },
    {
      "type": "Feature",
      "properties": {
        "id": 12,
        "localidad": "Balcarce",
        "cultivo": "Trigo",
        "area_ha": 63.29,
        "error_pct": 4.4,
        "sam_score": 0.952
      },
      "geometry": {
        "type": "Polygon",
        "coordinates": [
          [
            [
              -57.96213268762318,
              -37.816728259500294
            ],
            [
              -57.960003704165146,
              -37.81690606851863
            ],
            [
              -57.9583229277509,
              -37.81752840008279
            ],
            [
              -57.9578747207071,
              -37.81797292262862
            ],
            [
              -57.957986772468054,
              -37.818328540665284
            ],
            [
              -57.95731446190236,
              -37.81841744517445
            ],
            [
              -57.95686625485856,
              -37.81877306321111
            ],
            [
              -57.95619394429286,
              -37.82019553535777
            ],
            [
              -57.956305996053814,
              -37.82188472103192
            ],
            [
              -57.95675420309761,
              -37.82268486161442
            ],
            [
              -57.958883186555646,
              -37.824462951797734
            ],
            [
              -57.96045191120894,
              -37.82490747434357
            ],
            [
              -57.96235679114508,
              -37.82490747434357
            ],
            [
              -57.96381346403742,
              -37.824462951797734
            ],
            [
              -57.96482192988597,
              -37.82375171572441
            ],
            [
              -57.96459782636407,
              -37.82312938416025
            ],
            [
              -57.965830395734514,
              -37.82259595710525
            ],
            [
              -57.96639065453926,
              -37.82197362554109
            ],
            [
              -57.96650270630021,
              -37.820106630848606
            ],
            [
              -57.965830395734514,
              -37.81868415870195
            ],
            [
              -57.96437372284217,
              -37.81743949557362
            ],
            [
              -57.96213268762318,
              -37.816728259500294
            ]
          ]
        ]
      }
    },
    {
      "type": "Feature",
      "properties": {
        "id": 13,
        "localidad": "Balcarce",
        "cultivo": "Maiz",
        "area_ha": 66.32,
        "error_pct": 7.3,
        "sam_score": 0.96
      },
      "geometry": {
        "type": "Polygon",
        "coordinates": [
          [
            [
              -57.96391678992882,
              -37.807439495574016
            ],
            [
              -57.961451985095884,
              -37.807350591064846
            ],
            [
              -57.95898718026295,
              -37.80806182713819
            ],
            [
              -57.95831496076306,
              -37.80841744517486
            ],
            [
              -57.957530704679854,
              -37.80992882183072
            ],
            [
              -57.95730663151322,
              -37.812062530050746
            ],
            [
              -57.95797885101312,
              -37.81348500219743
            ],
            [
              -57.95965939976284,
              -37.81499637885329
            ],
            [
              -57.960779765595994,
              -37.81499637885329
            ],
            [
              -57.960107546096104,
              -37.81535199688996
            ],
            [
              -57.96033161926273,
              -37.81552980590829
            ],
            [
              -57.960891802179304,
              -37.81535199688996
            ],
            [
              -57.96201216801246,
              -37.81570761492663
            ],
            [
              -57.960779765595994,
              -37.81579651943579
            ],
            [
              -57.96055569242936,
              -37.8160632329633
            ],
            [
              -57.960891802179304,
              -37.816329946490804
            ],
            [
              -57.96223624117909,
              -37.816152137472464
            ],
            [
              -57.9623482777624,
              -37.81570761492663
            ],
            [
              -57.9630204972623,
              -37.81570761492663
            ],
            [
              -57.96492511917865,
              -37.81499637885329
            ],
            [
              -57.966717704511694,
              -37.81375171572493
            ],
            [
              -57.967389924011584,
              -37.81268486161492
            ],
            [
              -57.9675019605949,
              -37.81046224888573
            ],
            [
              -57.96682974109501,
              -37.809128681248204
            ],
            [
              -57.96548530209523,
              -37.80806182713819
            ],
            [
              -57.96391678992882,
              -37.807439495574016
            ]
          ]
        ]
      }
    },
    {
      "type": "Feature",
      "properties": {
        "id": 14,
        "localidad": "Balcarce",
        "cultivo": "Soja",
        "area_ha": 66.89,
        "error_pct": 3.8,
        "sam_score": 0.97
      },
      "geometry": {
        "type": "Polygon",
        "coordinates": [
          [
            [
              -57.95713242624668,
              -37.79990606851929
            ],
            [
              -57.954219751197044,
              -37.79999497302846
            ],
            [
              -57.95130707614741,
              -37.80186196772101
            ],
            [
              -57.95063492036672,
              -37.80310663084938
            ],
            [
              -57.95052289440327,
              -37.804795816523594
            ],
            [
              -57.951419102110854,
              -37.80648500219781
            ],
            [
              -57.95265138770878,
              -37.80755185630784
            ],
            [
              -57.95477988101428,
              -37.80835199689036
            ],
            [
              -57.95690837431979,
              -37.80835199689036
            ],
            [
              -57.95870078973495,
              -37.80772966532618
            ],
            [
              -57.960605231113554,
              -37.80595157514279
            ],
            [
              -57.9609413090039,
              -37.804884721032764
            ],
            [
              -57.96049320515011,
              -37.80408458045024
            ],
            [
              -57.9609413090039,
              -37.80337334437689
            ],
            [
              -57.960605231113554,
              -37.80239539477603
            ],
            [
              -57.958252685881156,
              -37.80035059106513
            ],
            [
              -57.95713242624668,
              -37.79990606851929
            ]
          ]
        ]
      }
    },
    {
      "type": "Feature",
      "properties": {
        "id": 15,
        "localidad": "Balcarce",
        "cultivo": "Trigo",
        "area_ha": 38.82,
        "error_pct": 1.8,
        "sam_score": 0.965
      },
      "geometry": {
        "type": "Polygon",
        "coordinates": [
          [
            [
              -57.95129287433852,
              -37.79465515502748
            ],
            [
              -57.949384809310104,
              -37.79465515502748
            ],
            [
              -57.948037939878276,
              -37.79510055781599
            ],
            [
              -57.94736450516237,
              -37.79599136339303
            ],
            [
              -57.94714002692373,
              -37.796971249527765
            ],
            [
              -57.94680330956577,
              -37.79732757175858
            ],
            [
              -57.94680330956577,
              -37.79857469956642
            ],
            [
              -57.94702778780441,
              -37.79928734402805
            ],
            [
              -57.948374657236236,
              -37.800534471835896
            ],
            [
              -57.95005824402602,
              -37.80106895518212
            ],
            [
              -57.9517418308158,
              -37.80097987462441
            ],
            [
              -57.952303026412395,
              -37.800801713509
            ],
            [
              -57.953986613202176,
              -37.79964366625886
            ],
            [
              -57.95443556967945,
              -37.79884194123953
            ],
            [
              -57.954547808798765,
              -37.79688216897006
            ],
            [
              -57.95432333056013,
              -37.79652584673924
            ],
            [
              -57.952751982889666,
              -37.79510055781599
            ],
            [
              -57.95129287433852,
              -37.79465515502748
            ]
          ]
        ]
      }
    },
    {
      "type": "Feature",
      "properties": {
        "id": 16,
        "localidad": "Balcarce",
        "cultivo": "Maiz",
        "area_ha": 46.71,
        "error_pct": 6.6,
        "sam_score": 0.89
      },
      "geometry": {
        "type": "Polygon",
        "coordinates": [
          [
            [
              -58.022932542563694,
              -37.79141744517558
            ],
            [
              -58.02192444537629,
              -37.79070620910221
            ],
            [
              -58.017556024230885,
              -37.79070620910221
            ],
            [
              -58.01587586225188,
              -37.79088401812056
            ],
            [
              -58.015651840654684,
              -37.791239636157236
            ],
            [
              -58.014419721870084,
              -37.79150634968475
            ],
            [
              -58.014195700272886,
              -37.79168415870309
            ],
            [
              -58.01486776506449,
              -37.79195087223061
            ],
            [
              -58.014195700272886,
              -37.792217585758124
            ],
            [
              -58.014755754265884,
              -37.79275101281315
            ],
            [
              -58.014195700272886,
              -37.79292882183149
            ],
            [
              -58.014419721870084,
              -37.79346224888651
            ],
            [
              -58.014195700272886,
              -37.7938178669232
            ],
            [
              -58.01464374346728,
              -37.793995675941545
            ],
            [
              -58.01430771107148,
              -37.794351293978224
            ],
            [
              -58.014755754265884,
              -37.79461800750574
            ],
            [
              -58.014755754265884,
              -37.79541814808828
            ],
            [
              -58.01531580825888,
              -37.795862670634136
            ],
            [
              -58.015091786661685,
              -37.796129384161645
            ],
            [
              -58.01621189464768,
              -37.79648500219833
            ],
            [
              -58.01811607822389,
              -37.79648500219833
            ],
            [
              -58.01867613221689,
              -37.796929524744186
            ],
            [
              -58.01901216461269,
              -37.79675171572585
            ],
            [
              -58.01923618620989,
              -37.796929524744186
            ],
            [
              -58.02024428339729,
              -37.79684062023502
            ],
            [
              -58.02080433739029,
              -37.79648500219833
            ],
            [
              -58.02158841298049,
              -37.79648500219833
            ],
            [
              -58.02192444537629,
              -37.79684062023502
            ],
            [
              -58.02270852096649,
              -37.79639609768916
            ],
            [
              -58.02304455336229,
              -37.795329243579104
            ],
            [
              -58.022932542563694,
              -37.79141744517558
            ]
          ]
        ]
      }
    },
    {
      "type": "Feature",
      "properties": {
        "id": 17,
        "localidad": "Balcarce",
        "cultivo": "Soja",
        "area_ha": 35.53,
        "error_pct": 22.5,
        "sam_score": 0.924
      },
      "geometry": {
        "type": "Polygon",
        "coordinates": [
          [
            [
              -58.0280881625979,
              -37.775439495575306
            ],
            [
              -58.025619536790714,
              -37.77526168655696
            ],
            [
              -58.02472185467901,
              -37.775439495575306
            ],
            [
              -58.024385223887116,
              -37.77570620910283
            ],
            [
              -58.024385223887116,
              -37.7815739067083
            ],
            [
              -58.02483406494297,
              -37.781929524744996
            ],
            [
              -58.026629429166384,
              -37.78210733376334
            ],
            [
              -58.02831258312583,
              -37.78175171572665
            ],
            [
              -58.02999573708528,
              -37.78059595710739
            ],
            [
              -58.03010794734924,
              -37.78015143456152
            ],
            [
              -58.03055678840509,
              -37.77970691201565
            ],
            [
              -58.03066899866906,
              -37.77819553535969
            ],
            [
              -58.03044457814113,
              -37.777306490267954
            ],
            [
              -58.02977131655735,
              -37.776417445176214
            ],
            [
              -58.02898584470961,
              -37.775795113612
            ],
            [
              -58.0280881625979,
              -37.775439495575306
            ]
          ]
        ]
      }
    },
    {
      "type": "Feature",
      "properties": {
        "id": 18,
        "localidad": "Balcarce",
        "cultivo": "Trigo",
        "area_ha": 117.37,
        "error_pct": 3.7,
        "sam_score": 0.949
      },
      "geometry": {
        "type": "Polygon",
        "coordinates": [
          [
            [
              -58.081818980490944,
              -37.75839469186482
            ],
            [
              -58.07924377746074,
              -37.75795016931894
            ],
            [
              -58.07756429722365,
              -37.75839469186482
            ],
            [
              -58.07498909419344,
              -37.758305787355646
            ],
            [
              -58.07297371790894,
              -37.75990606852083
            ],
            [
              -58.07308568325808,
              -37.760528400085065
            ],
            [
              -58.07241389116324,
              -37.760528400085065
            ],
            [
              -58.07118227232271,
              -37.76168415870436
            ],
            [
              -58.07185406441754,
              -37.762395394777776
            ],
            [
              -58.07129423767184,
              -37.76426238947048
            ],
            [
              -58.07218996046496,
              -37.76755185631002
            ],
            [
              -58.073421579305496,
              -37.768529805910966
            ],
            [
              -58.07901984676246,
              -37.7691521374752
            ],
            [
              -58.0817070151418,
              -37.768529805910966
            ],
            [
              -58.08293863398234,
              -37.7676407608192
            ],
            [
              -58.08204291118923,
              -37.76657390670908
            ],
            [
              -58.08461811421943,
              -37.76479581652554
            ],
            [
              -58.08484204491771,
              -37.761595254195186
            ],
            [
              -58.08372239142631,
              -37.75990606852083
            ],
            [
              -58.081818980490944,
              -37.75839469186482
            ]
          ]
        ]
      }
    },
    {
      "type": "Feature",
      "properties": {
        "id": 19,
        "localidad": "Balcarce",
        "cultivo": "Maiz",
        "area_ha": 95.28,
        "error_pct": 1.0,
        "sam_score": 1.004
      },
      "geometry": {
        "type": "Polygon",
        "coordinates": [
          [
            [
              -58.226738384461854,
              -37.75907120783407
            ],
            [
              -58.224503502986934,
              -37.759248666144295
            ],
            [
              -58.22238036558577,
              -37.76004722854034
            ],
            [
              -58.22048071633209,
              -37.76191054079775
            ],
            [
              -58.21992199596336,
              -37.763330207279594
            ],
            [
              -58.2200337400371,
              -37.76537097784724
            ],
            [
              -58.22103943670082,
              -37.76696810263932
            ],
            [
              -58.222715597807,
              -37.768299039966045
            ],
            [
              -58.22550919965065,
              -37.76909760236208
            ],
            [
              -58.227744081125564,
              -37.769008873206964
            ],
            [
              -58.229420242231754,
              -37.768387769121155
            ],
            [
              -58.231319891485434,
              -37.76696810263932
            ],
            [
              -58.23243733222289,
              -37.764927332071665
            ],
            [
              -58.23243733222289,
              -37.76315274896936
            ],
            [
              -58.231319891485434,
              -37.761111978401715
            ],
            [
              -58.229643730379244,
              -37.75995849938522
            ],
            [
              -58.226738384461854,
              -37.75907120783407
            ]
          ]
        ]
      }
    },
    {
      "type": "Feature",
      "properties": {
        "id": 20,
        "localidad": "Balcarce",
        "cultivo": "Soja",
        "area_ha": 96.19,
        "error_pct": 2.5,
        "sam_score": 0.96
      },
      "geometry": {
        "type": "Polygon",
        "coordinates": [
          [
            [
              -58.233213288373584,
              -37.7519824786792
            ],
            [
              -58.23186983132573,
              -37.7525148536099
            ],
            [
              -58.23164592181776,
              -37.75331341600595
            ],
            [
              -58.23075028378586,
              -37.75393452009177
            ],
            [
              -58.22974269099998,
              -37.75535418657363
            ],
            [
              -58.22907096247605,
              -37.75712876967596
            ],
            [
              -58.22907096247605,
              -37.75899208193341
            ],
            [
              -58.232205695587695,
              -37.761653956586905
            ],
            [
              -58.23332524312757,
              -37.761653956586905
            ],
            [
              -58.2338850168975,
              -37.761920144052254
            ],
            [
              -58.23444479066744,
              -37.76174268574202
            ],
            [
              -58.23489260968339,
              -37.762186331517604
            ],
            [
              -58.23545238345333,
              -37.76227506067272
            ],
            [
              -58.23724365951712,
              -37.762186331517604
            ],
            [
              -58.240714256890726,
              -37.75996810263969
            ],
            [
              -58.241609894922625,
              -37.75837097784759
            ],
            [
              -58.241497940168635,
              -37.75588656150433
            ],
            [
              -58.24060230213674,
              -37.754555624177584
            ],
            [
              -58.23847516181098,
              -37.7530472285406
            ],
            [
              -58.23489260968339,
              -37.75180502036897
            ],
            [
              -58.233213288373584,
              -37.7519824786792
            ]
          ]
        ]
      }
    },
    {
      "type": "Feature",
      "properties": {
        "id": 21,
        "localidad": "Balcarce",
        "cultivo": "Trigo",
        "area_ha": 59.91,
        "error_pct": 35.5,
        "sam_score": 0.983
      },
      "geometry": {
        "type": "Polygon",
        "coordinates": [
          [
            [
              -58.206258536539615,
              -37.74715073164988
            ],
            [
              -58.20525103907702,
              -37.746884018122344
            ],
            [
              -58.19763883602627,
              -37.75230719318228
            ],
            [
              -58.19797466851381,
              -37.753107333764895
            ],
            [
              -58.19920605430143,
              -37.754174187875044
            ],
            [
              -58.20133299338913,
              -37.75506323296684
            ],
            [
              -58.203683820801864,
              -37.7552410419852
            ],
            [
              -58.20592270405208,
              -37.75470761493012
            ],
            [
              -58.20782575481477,
              -37.75364076081997
            ],
            [
              -58.20872130811485,
              -37.752662811219
            ],
            [
              -58.20928102892741,
              -37.75141814809049
            ],
            [
              -58.20939297308992,
              -37.74990677143444
            ],
            [
              -58.206258536539615,
              -37.74715073164988
            ]
          ]
        ]
      }
    },
    {
      "type": "Feature",
      "properties": {
        "id": 22,
        "localidad": "Balcarce",
        "cultivo": "Maiz",
        "area_ha": 93.16,
        "error_pct": 6.1,
        "sam_score": 0.988
      },
      "geometry": {
        "type": "Polygon",
        "coordinates": [
          [
            [
              -58.21724315450783,
              -37.722283736957976
            ],
            [
              -58.21511687613945,
              -37.722283736957976
            ],
            [
              -58.21287868838326,
              -37.72308387754063
            ],
            [
              -58.2109762287905,
              -37.724506349687566
            ],
            [
              -58.209969044300216,
              -37.72664005790797
            ],
            [
              -58.21019286307583,
              -37.72832924358246
            ],
            [
              -58.211200047566116,
              -37.730107333766135
            ],
            [
              -58.21299059777107,
              -37.731440901403886
            ],
            [
              -58.21511687613945,
              -37.73206323296817
            ],
            [
              -58.21724315450783,
              -37.73206323296817
            ],
            [
              -58.219705161039634,
              -37.7313519968947
            ],
            [
              -58.22138380185678,
              -37.73001842925695
            ],
            [
              -58.222390986347065,
              -37.72824033907328
            ],
            [
              -58.22250289573487,
              -37.72664005790797
            ],
            [
              -58.22171953002021,
              -37.725662108306956
            ],
            [
              -58.221943348795826,
              -37.72512868125185
            ],
            [
              -58.221495711244586,
              -37.72441744517838
            ],
            [
              -58.21948134226402,
              -37.72290606852226
            ],
            [
              -58.21724315450783,
              -37.722283736957976
            ]
          ]
        ]
      }
    },
    {
      "type": "Feature",
      "properties": {
        "id": 23,
        "localidad": "Balcarce",
        "cultivo": "Soja",
        "area_ha": 73.23,
        "error_pct": 23.3,
        "sam_score": 0.948
      },
      "geometry": {
        "type": "Polygon",
        "coordinates": [
          [
            [
              -58.20468947284729,
              -37.741176728264016
            ],
            [
              -58.205694884106286,
              -37.74233020728057
            ],
            [
              -58.20603002119262,
              -37.74215274897033
            ],
            [
              -58.20625344591684,
              -37.74250766559081
            ],
            [
              -58.20625344591684,
              -37.745169540244376
            ],
            [
              -58.20826426843484,
              -37.74676666503652
            ],
            [
              -58.21038680331494,
              -37.74685539419164
            ],
            [
              -58.21172735166027,
              -37.747387769122355
            ],
            [
              -58.215190434885706,
              -37.747387769122355
            ],
            [
              -58.2161958461447,
              -37.74765395658771
            ],
            [
              -58.21887694283536,
              -37.74579064433021
            ],
            [
              -58.210610228039165,
              -37.73851485361045
            ],
            [
              -58.2058065964684,
              -37.74020070755771
            ],
            [
              -58.20468947284729,
              -37.741176728264016
            ]
          ]
        ]
      }
    },
    {
      "type": "Feature",
      "properties": {
        "id": 24,
        "localidad": "Balcarce",
        "cultivo": "Trigo",
        "area_ha": 154.88,
        "error_pct": 8.9,
        "sam_score": 0.952
      },
      "geometry": {
        "type": "Polygon",
        "coordinates": [
          [
            [
              -58.24118960584672,
              -37.70847408304365
            ],
            [
              -58.24063125519049,
              -37.70891772881927
            ],
            [
              -58.23973789414053,
              -37.70847408304365
            ],
            [
              -58.235271088890705,
              -37.7086515413539
            ],
            [
              -58.233037686265796,
              -37.70953883290514
            ],
            [
              -58.232591005740815,
              -37.7090064579744
            ],
            [
              -58.23069261350964,
              -37.71033739530126
            ],
            [
              -58.231250964165866,
              -37.712023249248624
            ],
            [
              -58.23247933560957,
              -37.713620374040865
            ],
            [
              -58.232591005740815,
              -37.71317672826524
            ],
            [
              -58.23314935639704,
              -37.71353164488574
            ],
            [
              -58.234042717447004,
              -37.71530622798822
            ],
            [
              -58.233931047315764,
              -37.716193519539466
            ],
            [
              -58.23236766547832,
              -37.71787937348683
            ],
            [
              -58.23147430442836,
              -37.71761318602146
            ],
            [
              -58.23158597455961,
              -37.7181455609522
            ],
            [
              -58.23370770705327,
              -37.72018633152006
            ],
            [
              -58.23582943954693,
              -37.721073623071305
            ],
            [
              -58.23951455387804,
              -37.72142853969181
            ],
            [
              -58.24174795650295,
              -37.72098489391618
            ],
            [
              -58.24498639030907,
              -37.71912158165857
            ],
            [
              -58.24643810201526,
              -37.71708081109071
            ],
            [
              -58.246773112409,
              -37.715394957143346
            ],
            [
              -58.24453970978409,
              -37.71397529066136
            ],
            [
              -58.244874720177826,
              -37.71370910319599
            ],
            [
              -58.246214761752775,
              -37.714685123902356
            ],
            [
              -58.246773112409,
              -37.71459639474723
            ],
            [
              -58.246773112409,
              -37.711047228542256
            ],
            [
              -58.244874720177826,
              -37.71060358276664
            ],
            [
              -58.24118960584672,
              -37.70847408304365
            ]
          ]
        ]
      }
    },
    {
      "type": "Feature",
      "properties": {
        "id": 25,
        "localidad": "Balcarce",
        "cultivo": "Maiz",
        "area_ha": 76.88,
        "error_pct": 1.1,
        "sam_score": 0.989
      },
      "geometry": {
        "type": "Polygon",
        "coordinates": [
          [
            [
              -58.24472800308738,
              -37.70069231192213
            ],
            [
              -58.242048281575585,
              -37.70166833262852
            ],
            [
              -58.24115504107166,
              -37.702466895024656
            ],
            [
              -58.24015014550473,
              -37.70406401981693
            ],
            [
              -58.24003849044174,
              -37.70601606122971
            ],
            [
              -58.24104338600866,
              -37.70787937348736
            ],
            [
              -58.24238324676456,
              -37.70885539419375
            ],
            [
              -58.24394641764644,
              -37.70947649827963
            ],
            [
              -58.245621243591316,
              -37.709742685745006
            ],
            [
              -58.24785434485114,
              -37.70929903996938
            ],
            [
              -58.25019910117397,
              -37.70787937348736
            ],
            [
              -58.2510923416779,
              -37.70637097785021
            ],
            [
              -58.25131565180388,
              -37.70459639474769
            ],
            [
              -58.25042241129995,
              -37.70264435333491
            ],
            [
              -58.248747585355076,
              -37.701402145163144
            ],
            [
              -58.24662613915824,
              -37.70078104107726
            ],
            [
              -58.24472800308738,
              -37.70069231192213
            ]
          ]
        ]
      }
    },
    {
      "type": "Feature",
      "properties": {
        "id": 26,
        "localidad": "Balcarce",
        "cultivo": "Soja",
        "area_ha": 69.17,
        "error_pct": 9.5,
        "sam_score": 0.968
      },
      "geometry": {
        "type": "Polygon",
        "coordinates": [
          [
            [
              -58.25194176942224,
              -37.69490606852335
            ],
            [
              -58.25071366314038,
              -37.69543949557849
            ],
            [
              -58.24903897275603,
              -37.697039776743885
            ],
            [
              -58.24859238865354,
              -37.698106630854156
            ],
            [
              -58.24881568070479,
              -37.70050705260225
            ],
            [
              -58.25037872506351,
              -37.70219623827684
            ],
            [
              -58.25060201711476,
              -37.701929524749275
            ],
            [
              -58.25026707903789,
              -37.7016628112217
            ],
            [
              -58.25149518531974,
              -37.700773766129814
            ],
            [
              -58.25205341544786,
              -37.70112938416657
            ],
            [
              -58.25227670749911,
              -37.700951575148196
            ],
            [
              -58.25205341544786,
              -37.70068486162063
            ],
            [
              -58.25238835352473,
              -37.70059595711144
            ],
            [
              -58.253058229678466,
              -37.70157390671252
            ],
            [
              -58.2537281058322,
              -37.7016628112217
            ],
            [
              -58.25350481378096,
              -37.701840620240084
            ],
            [
              -58.254397981985946,
              -37.70219623827684
            ],
            [
              -58.25484456608844,
              -37.70175171573089
            ],
            [
              -58.255961026344664,
              -37.70317418787791
            ],
            [
              -58.25674254852403,
              -37.70344090140548
            ],
            [
              -58.25875217698525,
              -37.70201842925846
            ],
            [
              -58.25964534519023,
              -37.70059595711144
            ],
            [
              -58.259868637241475,
              -37.69828443987253
            ],
            [
              -58.259533699164606,
              -37.69721758576227
            ],
            [
              -58.25785900878026,
              -37.695617304596865
            ],
            [
              -58.25540279621655,
              -37.6945504504866
            ],
            [
              -58.254732920062814,
              -37.69481716401417
            ],
            [
              -58.25350481378096,
              -37.6945504504866
            ],
            [
              -58.25194176942224,
              -37.69490606852335
            ]
          ]
        ]
      }
    },
    {
      "type": "Feature",
      "properties": {
        "id": 27,
        "localidad": "Balcarce",
        "cultivo": "Trigo",
        "area_ha": 89.23,
        "error_pct": 3.8,
        "sam_score": 0.984
      },
      "geometry": {
        "type": "Polygon",
        "coordinates": [
          [
            [
              -58.28988814926455,
              -37.6420712078384
            ],
            [
              -58.28854668437744,
              -37.64295849938977
            ],
            [
              -58.28787595193388,
              -37.64295849938977
            ],
            [
              -58.28675806452795,
              -37.64393452009628
            ],
            [
              -58.2859755433438,
              -37.645797832354155
            ],
            [
              -58.286534487046765,
              -37.64899208193909
            ],
            [
              -58.28586375460321,
              -37.649346998559636
            ],
            [
              -58.28586375460321,
              -37.649790644335326
            ],
            [
              -58.28821131815565,
              -37.65183141490348
            ],
            [
              -58.288658473118026,
              -37.650944123352104
            ],
            [
              -58.29044709296751,
              -37.65156522743806
            ],
            [
              -58.291117825411064,
              -37.65227506067916
            ],
            [
              -58.29268286777936,
              -37.6523637898343
            ],
            [
              -58.29670726244069,
              -37.649346998559636
            ],
            [
              -58.29748978362484,
              -37.64739495714662
            ],
            [
              -58.297266206143654,
              -37.6451767282682
            ],
            [
              -58.296371896218915,
              -37.64384579094114
            ],
            [
              -58.2951422200724,
              -37.64286977023463
            ],
            [
              -58.2935771777041,
              -37.642692311924364
            ],
            [
              -58.29223571281699,
              -37.64215993699354
            ],
            [
              -58.28988814926455,
              -37.6420712078384
            ]
          ]
        ]
      }
    },
    {
      "type": "Feature",
      "properties": {
        "id": 28,
        "localidad": "Balcarce",
        "cultivo": "Maiz",
        "area_ha": 44.63,
        "error_pct": 12.4,
        "sam_score": 0.898
      },
      "geometry": {
        "type": "Polygon",
        "coordinates": [
          [
            [
              -58.518551860260544,
              -37.82180771424922
            ],
            [
              -58.51765893392956,
              -37.823401695094645
            ],
            [
              -58.51810539709505,
              -37.8244643489916
            ],
            [
              -58.51698923918133,
              -37.825969775345605
            ],
            [
              -58.51732408655545,
              -37.826323993311256
            ],
            [
              -58.51765893392956,
              -37.82605832983702
            ],
            [
              -58.51810539709505,
              -37.82650110229408
            ],
            [
              -58.51955640238289,
              -37.82641254780267
            ],
            [
              -58.52134225504485,
              -37.82738664720821
            ],
            [
              -58.52167710241897,
              -37.82782941966527
            ],
            [
              -58.52223518137583,
              -37.827298092716795
            ],
            [
              -58.522570028749946,
              -37.82782941966527
            ],
            [
              -58.52312810770681,
              -37.82774086517386
            ],
            [
              -58.52413264982916,
              -37.82844930110516
            ],
            [
              -58.52435588141191,
              -37.82782941966527
            ],
            [
              -58.52547203932563,
              -37.827652310682446
            ],
            [
              -58.52569527090837,
              -37.82809508313951
            ],
            [
              -58.52614173407386,
              -37.828272192122334
            ],
            [
              -58.526364965656605,
              -37.82782941966527
            ],
            [
              -58.52603011828249,
              -37.826943874751144
            ],
            [
              -58.526364965656605,
              -37.826678211276906
            ],
            [
              -58.526364965656605,
              -37.82588122085419
            ],
            [
              -58.52603011828249,
              -37.825261339414304
            ],
            [
              -58.52614173407386,
              -37.82464145797442
            ],
            [
              -58.525583655117,
              -37.82393302204312
            ],
            [
              -58.52569527090837,
              -37.82366735856888
            ],
            [
              -58.52469072878602,
              -37.823047477128995
            ],
            [
              -58.52457911299465,
              -37.82278181365476
            ],
            [
              -58.525248807742884,
              -37.82251615018052
            ],
            [
              -58.52469072878602,
              -37.82189626874063
            ],
            [
              -58.52435588141191,
              -37.822073377723456
            ],
            [
              -58.52368618666367,
              -37.82145349628357
            ],
            [
              -58.523351339289555,
              -37.821719159757805
            ],
            [
              -58.523016491915435,
              -37.82145349628357
            ],
            [
              -58.520002865548385,
              -37.821364941792154
            ],
            [
              -58.518551860260544,
              -37.82180771424922
            ]
          ]
        ]
      }
    },
    {
      "type": "Feature",
      "properties": {
        "id": 29,
        "localidad": "Balcarce",
        "cultivo": "Soja",
        "area_ha": 63.82,
        "error_pct": 2.9,
        "sam_score": 0.992
      },
      "geometry": {
        "type": "Polygon",
        "coordinates": [
          [
            [
              -58.52134650879494,
              -37.76036494179457
            ],
            [
              -58.519562130055206,
              -37.760453496286
            ],
            [
              -58.51733165663054,
              -37.76142759569166
            ],
            [
              -58.515993372575736,
              -37.7626673585716
            ],
            [
              -58.51543575421957,
              -37.764615557382925
            ],
            [
              -58.51577032523327,
              -37.76576676577143
            ],
            [
              -58.51710860928807,
              -37.76744930110849
            ],
            [
              -58.51866994068534,
              -37.768246291531305
            ],
            [
              -58.52034279575384,
              -37.768600509497006
            ],
            [
              -58.52190412715111,
              -37.76851195500558
            ],
            [
              -58.523576982219616,
              -37.767803519074185
            ],
            [
              -58.525249837288115,
              -37.766475201702825
            ],
            [
              -58.52580745564428,
              -37.76488122085719
            ],
            [
              -58.52547288463058,
              -37.76275591306302
            ],
            [
              -58.524134600575785,
              -37.76142759569166
            ],
            [
              -58.52279631652098,
              -37.760719159760264
            ],
            [
              -58.52134650879494,
              -37.76036494179457
            ]
          ]
        ]
      }
    },
    {
      "type": "Feature",
      "properties": {
        "id": 30,
        "localidad": "Balcarce",
        "cultivo": "Trigo",
        "area_ha": 38.59,
        "error_pct": 0.4,
        "sam_score": 0.947
      },
      "geometry": {
        "type": "Polygon",
        "coordinates": [
          [
            [
              -58.53945223450856,
              -37.683123309240074
            ],
            [
              -58.53822676539166,
              -37.68374197283842
            ],
            [
              -58.53700129627476,
              -37.68471415849295
            ],
            [
              -58.536667077424696,
              -37.68559796363344
            ],
            [
              -58.536667077424696,
              -37.68701205185822
            ],
            [
              -58.53733551512482,
              -37.68816099854085
            ],
            [
              -58.53844957795837,
              -37.68895642316729
            ],
            [
              -58.53889520309179,
              -37.689133184195384
            ],
            [
              -58.53967504707527,
              -37.689133184195384
            ],
            [
              -58.539897859641975,
              -37.689309945223485
            ],
            [
              -58.541568953892295,
              -37.689309945223485
            ],
            [
              -58.54335145442597,
              -37.68860290111109
            ],
            [
              -58.544019892126094,
              -37.68798423751275
            ],
            [
              -58.54435411097616,
              -37.68701205185822
            ],
            [
              -58.544911142392934,
              -37.686570149287974
            ],
            [
              -58.54457692354287,
              -37.685686344147484
            ],
            [
              -58.544911142392934,
              -37.68533282209129
            ],
            [
              -58.543240048142614,
              -37.68383035335246
            ],
            [
              -58.54190317274236,
              -37.683300070268174
            ],
            [
              -58.54067770362546,
              -37.68347683129627
            ],
            [
              -58.54012067220869,
              -37.683123309240074
            ],
            [
              -58.53945223450856,
              -37.683123309240074
            ]
          ]
        ]
      }
    },
    {
      "type": "Feature",
      "properties": {
        "id": 31,
        "localidad": "Balcarce",
        "cultivo": "Maiz",
        "area_ha": 157.78,
        "error_pct": 35.9,
        "sam_score": 0.898
      },
      "geometry": {
        "type": "Polygon",
        "coordinates": [
          [
            [
              -58.53480542393322,
              -37.618453496291664
            ],
            [
              -58.53280183847138,
              -37.61668240646266
            ],
            [
              -58.52957383967175,
              -37.6149998711251
            ],
            [
              -58.52467618632058,
              -37.614557098667845
            ],
            [
              -58.520669015396905,
              -37.61544264358235
            ],
            [
              -58.51810887841789,
              -37.61730228790281
            ],
            [
              -58.51621660325949,
              -37.62057880408648
            ],
            [
              -58.51621660325949,
              -37.62394387476159
            ],
            [
              -58.517441016597274,
              -37.62642340052221
            ],
            [
              -58.51822018872132,
              -37.62722039094526
            ],
            [
              -58.51933329175568,
              -37.62704328196236
            ],
            [
              -58.52256129055531,
              -37.624563756201745
            ],
            [
              -58.52289522146562,
              -37.62367821128724
            ],
            [
              -58.52356308328623,
              -37.623855320270145
            ],
            [
              -58.52578928935494,
              -37.622349893915484
            ],
            [
              -58.53491673423665,
              -37.6248294196761
            ],
            [
              -58.53558459605727,
              -37.624209538235945
            ],
            [
              -58.53580721666414,
              -37.62155290349243
            ],
            [
              -58.53480542393322,
              -37.618453496291664
            ]
          ]
        ]
      }
    },
    {
      "type": "Feature",
      "properties": {
        "id": 33,
        "localidad": "Tandil",
        "cultivo": "Soja",
        "area_ha": 33.55,
        "error_pct": 12.5,
        "sam_score": 0.971
      },
      "geometry": {
        "type": "Polygon",
        "coordinates": [
          [
            [
              -58.59189850967676,
              -37.56598482324253
            ],
            [
              -58.5901188128746,
              -37.567224586122975
            ],
            [
              -58.58956265762393,
              -37.56811013103758
            ],
            [
              -58.58934019552366,
              -37.56793302205466
            ],
            [
              -58.58900650237325,
              -37.56819868552904
            ],
            [
              -58.58900650237325,
              -37.5687300124778
            ],
            [
              -58.58934019552366,
              -37.56899567595218
            ],
            [
              -58.589673888674064,
              -37.568907121460725
            ],
            [
              -58.5901188128746,
              -37.57005832984971
            ],
            [
              -58.59056373707514,
              -37.57032399332409
            ],
            [
              -58.59056373707514,
              -37.57076676578139
            ],
            [
              -58.59145358547622,
              -37.57156375620453
            ],
            [
              -58.59301082017811,
              -37.57227219213622
            ],
            [
              -58.59334451332851,
              -37.57227219213622
            ],
            [
              -58.593789437529054,
              -37.57289207357644
            ],
            [
              -58.594123130679456,
              -37.572714964593516
            ],
            [
              -58.594679285930134,
              -37.57280351908498
            ],
            [
              -58.595012979080536,
              -37.5725378556106
            ],
            [
              -58.59479051698027,
              -37.57236074662767
            ],
            [
              -58.59568036538135,
              -37.57209508315329
            ],
            [
              -58.597571293233635,
              -37.57058965679847
            ],
            [
              -58.59779375533391,
              -37.57014688434117
            ],
            [
              -58.59278835807784,
              -37.56598482324253
            ],
            [
              -58.59189850967676,
              -37.56598482324253
            ]
          ]
        ]
      }
    },
    {
      "type": "Feature",
      "properties": {
        "id": 34,
        "localidad": "Balcarce",
        "cultivo": "Trigo",
        "area_ha": 77.45,
        "error_pct": 2.2,
        "sam_score": 0.998
      },
      "geometry": {
        "type": "Polygon",
        "coordinates": [
          [
            [
              -58.32364078813214,
              -37.83704722853733
            ],
            [
              -58.32129171484754,
              -37.83678104107202
            ],
            [
              -58.31916636282814,
              -37.83704722853733
            ],
            [
              -58.317488453339145,
              -37.83784579093324
            ],
            [
              -58.31603426511535,
              -37.83944291572505
            ],
            [
              -58.31569868321755,
              -37.840330207276054
            ],
            [
              -58.31592240448275,
              -37.84281462361888
            ],
            [
              -58.31681728954355,
              -37.84405683179029
            ],
            [
              -58.31894264156295,
              -37.8453877691168
            ],
            [
              -58.32151543611274,
              -37.8458314148923
            ],
            [
              -58.32352892749954,
              -37.8454764982719
            ],
            [
              -58.32587800078414,
              -37.84405683179029
            ],
            [
              -58.32666102521233,
              -37.84290335277398
            ],
            [
              -58.32688474647753,
              -37.840685123896456
            ],
            [
              -58.32643730394713,
              -37.83944291572505
            ],
            [
              -58.325766140151536,
              -37.83846689501894
            ],
            [
              -58.32364078813214,
              -37.83704722853733
            ]
          ]
        ]
      }
    },
    {
      "type": "Feature",
      "properties": {
        "id": 35,
        "localidad": "Balcarce",
        "cultivo": "Maiz",
        "area_ha": 52.42,
        "error_pct": 5.2,
        "sam_score": 0.953
      },
      "geometry": {
        "type": "Polygon",
        "coordinates": [
          [
            [
              -58.367851725074964,
              -37.89840214515529
            ],
            [
              -58.36650828562059,
              -37.89840214515529
            ],
            [
              -58.36482898630263,
              -37.898845790930736
            ],
            [
              -58.36281382712107,
              -37.90017672825707
            ],
            [
              -58.36236601396962,
              -37.90106401980797
            ],
            [
              -58.36236601396962,
              -37.90266114459958
            ],
            [
              -58.36281382712107,
              -37.903637165305554
            ],
            [
              -58.36415726657545,
              -37.9049681026319
            ],
            [
              -58.36449312643904,
              -37.9049681026319
            ],
            [
              -58.36583656589341,
              -37.9057666650277
            ],
            [
              -58.36852344480215,
              -37.9057666650277
            ],
            [
              -58.37109837042303,
              -37.903903352770826
            ],
            [
              -58.371658136862344,
              -37.90257241544449
            ],
            [
              -58.371658136862344,
              -37.90133020727323
            ],
            [
              -58.370986417135164,
              -37.899999269946896
            ],
            [
              -58.369419071105064,
              -37.898845790930736
            ],
            [
              -58.367851725074964,
              -37.89840214515529
            ]
          ]
        ]
      }
    },
    {
      "type": "Feature",
      "properties": {
        "id": 36,
        "localidad": "Balcarce",
        "cultivo": "Soja",
        "area_ha": 34.31,
        "error_pct": 21.1,
        "sam_score": 0.96
      },
      "geometry": {
        "type": "Polygon",
        "coordinates": [
          [
            [
              -58.52901471620406,
              -37.692416265127285
            ],
            [
              -58.52656344743392,
              -37.692416265127285
            ],
            [
              -58.52422359997151,
              -37.69330007026775
            ],
            [
              -58.52322080820191,
              -37.69409549489417
            ],
            [
              -58.52411217866378,
              -37.694890919520596
            ],
            [
              -58.52355507212511,
              -37.69568634414701
            ],
            [
              -58.52366649343284,
              -37.69639338825939
            ],
            [
              -58.526117762202986,
              -37.698779662138655
            ],
            [
              -58.52645202612619,
              -37.698779662138655
            ],
            [
              -58.53068603582007,
              -37.69595148568916
            ],
            [
              -58.53202309151287,
              -37.694802539006545
            ],
            [
              -58.53001750797367,
              -37.692858167697516
            ],
            [
              -58.52901471620406,
              -37.692416265127285
            ]
          ]
        ]
      }
    },
    {
      "type": "Feature",
      "properties": {
        "id": 37,
        "localidad": "Balcarce",
        "cultivo": "Trigo",
        "area_ha": 40.76,
        "error_pct": 2.5,
        "sam_score": 0.985
      },
      "geometry": {
        "type": "Polygon",
        "coordinates": [
          [
            [
              -58.54634325539735,
              -37.70863060527094
            ],
            [
              -58.54467157496385,
              -37.70907337772811
            ],
            [
              -58.54344567597928,
              -37.70995892264245
            ],
            [
              -58.54266555844364,
              -37.71128724001395
            ],
            [
              -58.54266555844364,
              -37.712438448402594
            ],
            [
              -58.54333423061704,
              -37.71367821128266
            ],
            [
              -58.544560129601614,
              -37.714652310688436
            ],
            [
              -58.54556313786172,
              -37.71500652865417
            ],
            [
              -58.54723481829522,
              -37.71518363763704
            ],
            [
              -58.54924083481543,
              -37.714563756197
            ],
            [
              -58.550689624524466,
              -37.713323993316926
            ],
            [
              -58.55091251524894,
              -37.711995675945424
            ],
            [
              -58.55035528843777,
              -37.710313140608186
            ],
            [
              -58.548906498728726,
              -37.70907337772811
            ],
            [
              -58.54779204510639,
              -37.708719159762374
            ],
            [
              -58.54634325539735,
              -37.70863060527094
            ]
          ]
        ]
      }
    },
    {
      "type": "Feature",
      "properties": {
        "id": 38,
        "localidad": "Balcarce",
        "cultivo": "Maiz",
        "area_ha": 63.03,
        "error_pct": 1.5,
        "sam_score": 0.967
      },
      "geometry": {
        "type": "Polygon",
        "coordinates": [
          [
            [
              -58.54678603106469,
              -37.6073278846166
            ],
            [
              -58.54522791733943,
              -37.60812330924316
            ],
            [
              -58.543892391289205,
              -37.60962577798223
            ],
            [
              -58.54355850977665,
              -37.61112824672129
            ],
            [
              -58.544003685126725,
              -37.61174691031973
            ],
            [
              -58.544003685126725,
              -37.61236557391817
            ],
            [
              -58.54500532966439,
              -37.613160998544735
            ],
            [
              -58.54611826803958,
              -37.61475184779786
            ],
            [
              -58.54778767560236,
              -37.61501698934005
            ],
            [
              -58.548789320140024,
              -37.61475184779786
            ],
            [
              -58.54945708316514,
              -37.61501698934005
            ],
            [
              -58.548789320140024,
              -37.615282130882235
            ],
            [
              -58.549011907815064,
              -37.615458891910365
            ],
            [
              -58.54990225851521,
              -37.615458891910365
            ],
            [
              -58.55012484619025,
              -37.61501698934005
            ],
            [
              -58.55146037224048,
              -37.61475184779786
            ],
            [
              -58.5540201305034,
              -37.6125423349463
            ],
            [
              -58.55390883666588,
              -37.610156061066604
            ],
            [
              -58.55268460445318,
              -37.60865359232754
            ],
            [
              -58.550903903052884,
              -37.6073278846166
            ],
            [
              -58.54823285095243,
              -37.60715112358847
            ],
            [
              -58.54678603106469,
              -37.6073278846166
            ]
          ]
        ]
      }
    },
    {
      "type": "Feature",
      "properties": {
        "id": 39,
        "localidad": "Balcarce",
        "cultivo": "Soja",
        "area_ha": 40.72,
        "error_pct": 4.4,
        "sam_score": 0.987
      },
      "geometry": {
        "type": "Polygon",
        "coordinates": [
          [
            [
              -58.52629038968652,
              -37.836453496282964
            ],
            [
              -58.52406201517104,
              -37.83663060526579
            ],
            [
              -58.522167896832876,
              -37.83787036814552
            ],
            [
              -58.521499384478226,
              -37.83875591305962
            ],
            [
              -58.521499384478226,
              -37.84043844839641
            ],
            [
              -58.52194505938132,
              -37.84132399331051
            ],
            [
              -58.52294782791329,
              -37.842298092716014
            ],
            [
              -58.52450769007414,
              -37.84291797415588
            ],
            [
              -58.526513227138075,
              -37.84291797415588
            ],
            [
              -58.52729315821849,
              -37.84274086517306
            ],
            [
              -58.52907585783088,
              -37.84132399331051
            ],
            [
              -58.529744370185526,
              -37.83981856695654
            ],
            [
              -58.52963295145975,
              -37.83893302204244
            ],
            [
              -58.52896443910511,
              -37.83778181365411
            ],
            [
              -58.528073089298914,
              -37.83707337772284
            ],
            [
              -58.52629038968652,
              -37.836453496282964
            ]
          ]
        ]
      }
    },
    {
      "type": "Feature",
      "properties": {
        "id": 40,
        "localidad": "Balcarce",
        "cultivo": "Trigo",
        "area_ha": 37.86,
        "error_pct": 3.9,
        "sam_score": 0.982
      },
      "geometry": {
        "type": "Polygon",
        "coordinates": [
          [
            [
              -58.514681681632695,
              -37.82563060526623
            ],
            [
              -58.51211437927184,
              -37.825896268740465
            ],
            [
              -58.510216807961655,
              -37.82731314060305
            ],
            [
              -58.509993564278105,
              -37.827755913060116
            ],
            [
              -58.51032842980343,
              -37.82846434899141
            ],
            [
              -58.50988194243632,
              -37.82952700288835
            ],
            [
              -58.509993564278105,
              -37.830058329836824
            ],
            [
              -58.51166789190474,
              -37.83165231068224
            ],
            [
              -58.5123376229554,
              -37.83191797415647
            ],
            [
              -58.514681681632695,
              -37.83200652864788
            ],
            [
              -58.515686278208676,
              -37.83165231068224
            ],
            [
              -58.517137362151765,
              -37.83058965678529
            ],
            [
              -58.517695471360646,
              -37.82961555737976
            ],
            [
              -58.517918715044196,
              -37.82864145797423
            ],
            [
              -58.51758384951887,
              -37.82819868551717
            ],
            [
              -58.51758384951887,
              -37.82784446755152
            ],
            [
              -58.515686278208676,
              -37.82607337772329
            ],
            [
              -58.514681681632695,
              -37.82563060526623
            ]
          ]
        ]
      }
    },
    {
      "type": "Feature",
      "properties": {
        "id": 41,
        "localidad": "Balcarce",
        "cultivo": "Maiz",
        "area_ha": 60.54,
        "error_pct": 22.8,
        "sam_score": 0.914
      },
      "geometry": {
        "type": "Polygon",
        "coordinates": [
          [
            [
              -58.363608645776125,
              -37.78778104107392
            ],
            [
              -58.36103755840799,
              -37.7893781658659
            ],
            [
              -58.359919694334884,
              -37.79159639474364
            ],
            [
              -58.36025505355682,
              -37.79195131136408
            ],
            [
              -58.36550901470041,
              -37.7920400405192
            ],
            [
              -58.365732587515026,
              -37.79274987376007
            ],
            [
              -58.36550901470041,
              -37.79638776911958
            ],
            [
              -58.36696223799544,
              -37.7965652274298
            ],
            [
              -58.36796831566123,
              -37.79638776911958
            ],
            [
              -58.369980470992815,
              -37.79532301925826
            ],
            [
              -58.37143369428785,
              -37.79408081108672
            ],
            [
              -58.37132190788054,
              -37.79062037403744
            ],
            [
              -58.36886260691971,
              -37.78778104107392
            ],
            [
              -58.36819188847585,
              -37.78804722853925
            ],
            [
              -58.36774474284661,
              -37.78778104107392
            ],
            [
              -58.365844373922336,
              -37.787603582763694
            ],
            [
              -58.363608645776125,
              -37.78778104107392
            ]
          ]
        ]
      }
    },
    {
      "type": "Feature",
      "properties": {
        "id": 43,
        "localidad": "Balcarce",
        "cultivo": "Soja",
        "area_ha": 56.42,
        "error_pct": 11.5,
        "sam_score": 0.907
      },
      "geometry": {
        "type": "Polygon",
        "coordinates": [
          [
            [
              -58.16693099902596,
              -37.7616173045942
            ],
            [
              -58.16648313157383,
              -37.76143949557585
            ],
            [
              -58.1585334842985,
              -37.76179511361256
            ],
            [
              -58.15830955057244,
              -37.76197292263091
            ],
            [
              -58.1585334842985,
              -37.762150731649264
            ],
            [
              -58.15786168312031,
              -37.76259525419515
            ],
            [
              -58.15797364998334,
              -37.7631286812502
            ],
            [
              -58.15730184880515,
              -37.763306490268555
            ],
            [
              -58.15786168312031,
              -37.76339539477773
            ],
            [
              -58.15797364998334,
              -37.763839917323615
            ],
            [
              -58.15730184880515,
              -37.76401772634197
            ],
            [
              -58.15752578253121,
              -37.76419553536032
            ],
            [
              -58.15774971625728,
              -37.76401772634197
            ],
            [
              -58.15797364998334,
              -37.7642844398695
            ],
            [
              -58.15774971625728,
              -37.76472896241538
            ],
            [
              -58.15808561684637,
              -37.76650705259891
            ],
            [
              -58.15875741802457,
              -37.766951575144795
            ],
            [
              -58.15864545116154,
              -37.767218288672325
            ],
            [
              -58.15965315292883,
              -37.76748500219985
            ],
            [
              -58.160101020380964,
              -37.76801842925491
            ],
            [
              -58.160548887833095,
              -37.767840620236555
            ],
            [
              -58.16200445705252,
              -37.768107333764085
            ],
            [
              -58.16592329725866,
              -37.76801842925491
            ],
            [
              -58.16625919784776,
              -37.76748500219985
            ],
            [
              -58.16693099902596,
              -37.7673071931815
            ],
            [
              -58.16737886647809,
              -37.76606253005303
            ],
            [
              -58.16760280020415,
              -37.76366210830526
            ],
            [
              -58.16693099902596,
              -37.7616173045942
            ]
          ]
        ]
      }
    },
    {
      "type": "Feature",
      "properties": {
        "id": 44,
        "localidad": "Balcarce",
        "cultivo": "Trigo",
        "area_ha": 45.63,
        "error_pct": 49.7,
        "sam_score": 0.965
      },
      "geometry": {
        "type": "Polygon",
        "coordinates": [
          [
            [
              -58.24171094414081,
              -37.74249087431664
            ],
            [
              -58.240482058347254,
              -37.7437330824883
            ],
            [
              -58.24025862456661,
              -37.7447091031946
            ],
            [
              -58.24059377523758,
              -37.74497529065996
            ],
            [
              -58.23992347389564,
              -37.74577385305602
            ],
            [
              -58.24025862456661,
              -37.74790335277887
            ],
            [
              -58.24092892590855,
              -37.748701915174934
            ],
            [
              -58.24316326371502,
              -37.75021031081195
            ],
            [
              -58.24539760152149,
              -37.750742685742665
            ],
            [
              -58.24740850554732,
              -37.75065395658754
            ],
            [
              -58.24941940957314,
              -37.749944123346594
            ],
            [
              -58.25020142780541,
              -37.749323019260764
            ],
            [
              -58.24584446908278,
              -37.74550766559067
            ],
            [
              -58.24171094414081,
              -37.74249087431664
            ]
          ]
        ]
      }
    },
    {
      "type": "Feature",
      "properties": {
        "id": 45,
        "localidad": "Balcarce",
        "cultivo": "Maiz",
        "area_ha": 50.21,
        "error_pct": 1.9,
        "sam_score": 0.948
      },
      "geometry": {
        "type": "Polygon",
        "coordinates": [
          [
            [
              -58.34552183050392,
              -37.8204021451584
            ],
            [
              -58.34473898648016,
              -37.82066833262371
            ],
            [
              -58.344291647038006,
              -37.8204021451584
            ],
            [
              -58.343396968153705,
              -37.8205796034686
            ],
            [
              -58.338364399429494,
              -37.82421749882787
            ],
            [
              -58.33825256456896,
              -37.825016061223806
            ],
            [
              -58.33881173887165,
              -37.82528224868911
            ],
            [
              -58.33903540859272,
              -37.825903352774844
            ],
            [
              -58.34127210580348,
              -37.82776666503202
            ],
            [
              -58.34149577552456,
              -37.82758920672182
            ],
            [
              -58.34127210580348,
              -37.82741174841161
            ],
            [
              -58.34283779385101,
              -37.82634699855036
            ],
            [
              -58.34294962871155,
              -37.82679064432588
            ],
            [
              -58.34384430759585,
              -37.82652445686057
            ],
            [
              -58.34373247273532,
              -37.826879373480985
            ],
            [
              -58.34406797731693,
              -37.8272342901014
            ],
            [
              -58.34462715161962,
              -37.82696810263609
            ],
            [
              -58.34496265620123,
              -37.82776666503202
            ],
            [
              -58.345298160782846,
              -37.82767793587692
            ],
            [
              -58.34585733508553,
              -37.827944123342235
            ],
            [
              -58.348205867156835,
              -37.82625826939526
            ],
            [
              -58.348094032296295,
              -37.825903352774844
            ],
            [
              -58.34865320659898,
              -37.825459706999325
            ],
            [
              -58.348205867156835,
              -37.82528224868911
            ],
            [
              -58.348094032296295,
              -37.82404004051766
            ],
            [
              -58.34887687632006,
              -37.82350766558704
            ],
            [
              -58.34731118827253,
              -37.82182181164006
            ],
            [
              -58.34552183050392,
              -37.8204021451584
            ]
          ]
        ]
      }
    },
    {
      "type": "Feature",
      "properties": {
        "id": 46,
        "localidad": "Ayacucho",
        "cultivo": "Soja",
        "area_ha": 37.13,
        "error_pct": 15.4,
        "sam_score": 0.98
      },
      "geometry": {
        "type": "Polygon",
        "coordinates": [
          [
            [
              -58.20205824768483,
              -38.072172782036034
            ],
            [
              -58.201048275525935,
              -38.07270620909075
            ],
            [
              -58.19824279730678,
              -38.074839917309575
            ],
            [
              -58.19835501643555,
              -38.0754622488734
            ],
            [
              -58.197906139920484,
              -38.076084580437225
            ],
            [
              -58.199701645980745,
              -38.07848500218341
            ],
            [
              -58.201497152041,
              -38.07919623825635
            ],
            [
              -58.2021704668136,
              -38.07972966531106
            ],
            [
              -58.2025071241999,
              -38.07972966531106
            ],
            [
              -58.205088164161516,
              -38.078751715710766
            ],
            [
              -58.20621035544917,
              -38.07777376611047
            ],
            [
              -58.206434793706705,
              -38.07715143454664
            ],
            [
              -58.204863725903984,
              -38.07572896240075
            ],
            [
              -58.20475150677522,
              -38.07537334436428
            ],
            [
              -58.20273156245743,
              -38.07377306320016
            ],
            [
              -58.202619343328664,
              -38.07341744516369
            ],
            [
              -58.20351709635879,
              -38.07341744516369
            ],
            [
              -58.20396597287385,
              -38.073684158691044
            ],
            [
              -58.20463928764645,
              -38.073506349672805
            ],
            [
              -58.203629315487554,
              -38.07270620909075
            ],
            [
              -58.20205824768483,
              -38.072172782036034
            ]
          ]
        ]
      }
    },
    {
      "type": "Feature",
      "properties": {
        "id": 48,
        "localidad": "Balcarce",
        "cultivo": "Trigo",
        "area_ha": 65.14,
        "error_pct": 17.9,
        "sam_score": 0.956
      },
      "geometry": {
        "type": "Polygon",
        "coordinates": [
          [
            [
              -57.96687620670817,
              -37.84094251056401
            ],
            [
              -57.966426964247184,
              -37.841387913352484
            ],
            [
              -57.96530385809471,
              -37.84129883279479
            ],
            [
              -57.964629994403225,
              -37.84085343000632
            ],
            [
              -57.96350688825075,
              -37.84103159112171
            ],
            [
              -57.95789135748838,
              -37.844862055102574
            ],
            [
              -57.95789135748838,
              -37.845307457891046
            ],
            [
              -57.960137569793325,
              -37.84735631071802
            ],
            [
              -57.96249609271352,
              -37.849048841314215
            ],
            [
              -57.96260840332877,
              -37.849405163544986
            ],
            [
              -57.96440537317273,
              -37.85002872744885
            ],
            [
              -57.965865411170945,
              -37.84958332466038
            ],
            [
              -57.968897797782624,
              -37.84717814960263
            ],
            [
              -57.96867317655213,
              -37.8461091829103
            ],
            [
              -57.968897797782624,
              -37.84575286067952
            ],
            [
              -57.96867317655213,
              -37.84548561900643
            ],
            [
              -57.968897797782624,
              -37.84495113566027
            ],
            [
              -57.968448555321636,
              -37.8444166523141
            ],
            [
              -57.96856086593689,
              -37.84290228283329
            ],
            [
              -57.96811162347589,
              -37.84236779948713
            ],
            [
              -57.96822393409114,
              -37.84201147725635
            ],
            [
              -57.96687620670817,
              -37.84094251056401
            ]
          ]
        ]
      }
    },
    {
      "type": "Feature",
      "properties": {
        "id": 49,
        "localidad": "Balcarce",
        "cultivo": "Maiz",
        "area_ha": 35.74,
        "error_pct": 1.0,
        "sam_score": 0.995
      },
      "geometry": {
        "type": "Polygon",
        "coordinates": [
          [
            [
              -57.971572569116724,
              -37.83618963837198
            ],
            [
              -57.97033969902045,
              -37.83618963837198
            ],
            [
              -57.9689947498245,
              -37.83654596060276
            ],
            [
              -57.96742564242924,
              -37.83770400785281
            ],
            [
              -57.96697732603059,
              -37.83859481342976
            ],
            [
              -57.96697732603059,
              -37.839841941237495
            ],
            [
              -57.96742564242924,
              -37.84073274681445
            ],
            [
              -57.96877059162518,
              -37.841801713506804
            ],
            [
              -57.97000346172146,
              -37.842247116295276
            ],
            [
              -57.971460490017066,
              -37.842247116295276
            ],
            [
              -57.9722450437147,
              -37.84206895517989
            ],
            [
              -57.97314167651199,
              -37.84162355239141
            ],
            [
              -57.97415038840895,
              -37.84082182737215
            ],
            [
              -57.97448662570793,
              -37.840287344025974
            ],
            [
              -57.9745987048076,
              -37.838862055102844
            ],
            [
              -57.97426246750861,
              -37.83770400785281
            ],
            [
              -57.97347791381098,
              -37.83690228283354
            ],
            [
              -57.971572569116724,
              -37.83618963837198
            ]
          ]
        ]
      }
    },
    {
      "type": "Feature",
      "properties": {
        "id": 50,
        "localidad": "Balcarce",
        "cultivo": "Soja",
        "area_ha": 62.25,
        "error_pct": 2.5,
        "sam_score": 0.967
      },
      "geometry": {
        "type": "Polygon",
        "coordinates": [
          [
            [
              -57.96535703065431,
              -37.82985343000676
            ],
            [
              -57.963451815101145,
              -37.82994251056445
            ],
            [
              -57.96143452804485,
              -37.83065515502602
            ],
            [
              -57.960201741510446,
              -37.83172412171838
            ],
            [
              -57.95941724098856,
              -37.83332757175692
            ],
            [
              -57.95941724098856,
              -37.834396538449276
            ],
            [
              -57.96031381301358,
              -37.83599998848781
            ],
            [
              -57.96143452804485,
              -37.83697987462248
            ],
            [
              -57.963451815101145,
              -37.837781599641744
            ],
            [
              -57.96569324516369,
              -37.837781599641744
            ],
            [
              -57.96759846071686,
              -37.83706895518017
            ],
            [
              -57.96894331875439,
              -37.83599998848781
            ],
            [
              -57.96972781927628,
              -37.834396538449276
            ],
            [
              -57.969615747773155,
              -37.83279308841074
            ],
            [
              -57.96883124725126,
              -37.83154596060299
            ],
            [
              -57.96748638921373,
              -37.83047699391063
            ],
            [
              -57.96535703065431,
              -37.82985343000676
            ]
          ]
        ]
      }
    },
    {
      "type": "Feature",
      "properties": {
        "id": 51,
        "localidad": "Balcarce",
        "cultivo": "Trigo",
        "area_ha": 66.67,
        "error_pct": 7.7,
        "sam_score": 0.986
      },
      "geometry": {
        "type": "Polygon",
        "coordinates": [
          [
            [
              -57.93473152029691,
              -37.83776434944874
            ],
            [
              -57.93237309331625,
              -37.838387913352605
            ],
            [
              -57.93091311470918,
              -37.83945688004495
            ],
            [
              -57.930014666335595,
              -37.84123849119885
            ],
            [
              -57.930014666335595,
              -37.84275286067966
            ],
            [
              -57.93091311470918,
              -37.84444539127587
            ],
            [
              -57.932822317503046,
              -37.84578159964129
            ],
            [
              -57.933833071923324,
              -37.84604884131438
            ],
            [
              -57.93630380495068,
              -37.84613792187207
            ],
            [
              -57.93731455937096,
              -37.845603438525906
            ],
            [
              -57.937651477511054,
              -37.84497987462204
            ],
            [
              -57.93854992588464,
              -37.84489079406434
            ],
            [
              -57.939560680304915,
              -37.844267230160476
            ],
            [
              -57.9404591286785,
              -37.84275286067966
            ],
            [
              -57.9405714347252,
              -37.84168389398732
            ],
            [
              -57.93967298635162,
              -37.83954596060264
            ],
            [
              -57.93854992588464,
              -37.838566074468
            ],
            [
              -57.93708994727756,
              -37.83794251056413
            ],
            [
              -57.93473152029691,
              -37.83776434944874
            ]
          ]
        ]
      }
    },
    {
      "type": "Feature",
      "properties": {
        "id": 52,
        "localidad": "Balcarce",
        "cultivo": "Maiz",
        "area_ha": 71.21,
        "error_pct": 5.3,
        "sam_score": 0.98
      },
      "geometry": {
        "type": "Polygon",
        "coordinates": [
          [
            [
              -57.92784387004733,
              -37.81667526889186
            ],
            [
              -57.926159758759255,
              -37.816764349449564
            ],
            [
              -57.92425109929943,
              -37.81756607446885
            ],
            [
              -57.92290381026897,
              -37.818635041161244
            ],
            [
              -57.92211789166787,
              -37.820149410642124
            ],
            [
              -57.92211789166787,
              -37.821663780123004
            ],
            [
              -57.9227915361831,
              -37.82308906904619
            ],
            [
              -57.925037017900536,
              -37.82495976075787
            ],
            [
              -57.926721129188614,
              -37.825405163546364
            ],
            [
              -57.9284052404767,
              -37.825405163546364
            ],
            [
              -57.92975252950716,
              -37.82504884131557
            ],
            [
              -57.93255938165396,
              -37.82291090793079
            ],
            [
              -57.932896203911575,
              -37.821931021796104
            ],
            [
              -57.93255938165396,
              -37.82104021621911
            ],
            [
              -57.9327839298257,
              -37.81970400785363
            ],
            [
              -57.931773463052856,
              -37.81827871893044
            ],
            [
              -57.930538448108265,
              -37.81738791335346
            ],
            [
              -57.92784387004733,
              -37.81667526889186
            ]
          ]
        ]
      }
    },
    {
      "type": "Feature",
      "properties": {
        "id": 53,
        "localidad": "Balcarce",
        "cultivo": "Soja",
        "area_ha": 59.99,
        "error_pct": 1.0,
        "sam_score": 0.987
      },
      "geometry": {
        "type": "Polygon",
        "coordinates": [
          [
            [
              -57.956538241573405,
              -37.811120671680584
            ],
            [
              -57.95474200220832,
              -37.81067526889208
            ],
            [
              -57.95361935260514,
              -37.810942510565184
            ],
            [
              -57.952496703001955,
              -37.811922396699885
            ],
            [
              -57.95193537820037,
              -37.811922396699885
            ],
            [
              -57.95114952347814,
              -37.811566074469084
            ],
            [
              -57.95070046363687,
              -37.811655155026784
            ],
            [
              -57.94946554907337,
              -37.812545960603785
            ],
            [
              -57.948904224271786,
              -37.813436766180786
            ],
            [
              -57.94867969435115,
              -37.81486205510399
            ],
            [
              -57.94924101915274,
              -37.81646550514259
            ],
            [
              -57.95137405339878,
              -37.81824711629659
            ],
            [
              -57.95272123292259,
              -37.81878159964279
            ],
            [
              -57.954517472287684,
              -37.81887068020049
            ],
            [
              -57.956201446692454,
              -37.81851435796969
            ],
            [
              -57.958222215978175,
              -37.81717814960419
            ],
            [
              -57.9590080707004,
              -37.81593102179639
            ],
            [
              -57.95912033566072,
              -37.81495113566169
            ],
            [
              -57.95732409629563,
              -37.813258605065386
            ],
            [
              -57.957099566375,
              -37.811566074469084
            ],
            [
              -57.956538241573405,
              -37.811120671680584
            ]
          ]
        ]
      }
    },
    {
      "type": "Feature",
      "properties": {
        "id": 54,
        "localidad": "Balcarce",
        "cultivo": "Trigo",
        "area_ha": 34.87,
        "error_pct": 18.7,
        "sam_score": 0.98
      },
      "geometry": {
        "type": "Polygon",
        "coordinates": [
          [
            [
              -57.91449678430519,
              -37.80774423558464
            ],
            [
              -57.91191483010836,
              -37.809614927296366
            ],
            [
              -57.91191483010836,
              -37.809971249527166
            ],
            [
              -57.912363865620854,
              -37.81032757175797
            ],
            [
              -57.91191483010836,
              -37.810862055104174
            ],
            [
              -57.912027088986484,
              -37.81130745789268
            ],
            [
              -57.91494581981769,
              -37.813801713508305
            ],
            [
              -57.917078738502035,
              -37.813445391277504
            ],
            [
              -57.91764003289265,
              -37.8131781496044
            ],
            [
              -57.91831358616139,
              -37.8131781496044
            ],
            [
              -57.91921165718637,
              -37.81246550514279
            ],
            [
              -57.91999746933324,
              -37.81041665231567
            ],
            [
              -57.91999746933324,
              -37.810060330084866
            ],
            [
              -57.919099398308255,
              -37.80863504116166
            ],
            [
              -57.918425845039515,
              -37.80827871893085
            ],
            [
              -57.91449678430519,
              -37.80774423558464
            ]
          ]
        ]
      }
    },
    {
      "type": "Feature",
      "properties": {
        "id": 55,
        "localidad": "Balcarce",
        "cultivo": "Maiz",
        "area_ha": 39.67,
        "error_pct": 7.0,
        "sam_score": 0.992
      },
      "geometry": {
        "type": "Polygon",
        "coordinates": [
          [
            [
              -57.972415265531694,
              -37.7951896383737
            ],
            [
              -57.97162959169646,
              -37.79510055781599
            ],
            [
              -57.968935852832814,
              -37.79545688004681
            ],
            [
              -57.967701222520304,
              -37.79634768562384
            ],
            [
              -57.96702778780439,
              -37.79741665231628
            ],
            [
              -57.96691554868507,
              -37.79857469956642
            ],
            [
              -57.96758898340099,
              -37.799999988489674
            ],
            [
              -57.968486896355536,
              -37.800801713509
            ],
            [
              -57.97017048314532,
              -37.80142527741293
            ],
            [
              -57.97174183081578,
              -37.80142527741293
            ],
            [
              -57.97353765672488,
              -37.800801713509
            ],
            [
              -57.97454780879875,
              -37.799910907931974
            ],
            [
              -57.974996765276025,
              -37.799109182912645
            ],
            [
              -57.97510900439534,
              -37.797772974547094
            ],
            [
              -57.97454780879875,
              -37.79652584673924
            ],
            [
              -57.97342541760556,
              -37.795635041162214
            ],
            [
              -57.972415265531694,
              -37.7951896383737
            ]
          ]
        ]
      }
    },
    {
      "type": "Feature",
      "properties": {
        "id": 56,
        "localidad": "Balcarce",
        "cultivo": "Soja",
        "area_ha": 38.04,
        "error_pct": 5.3,
        "sam_score": 0.985
      },
      "geometry": {
        "type": "Polygon",
        "coordinates": [
          [
            [
              -57.96396615170324,
              -37.78310055781648
            ],
            [
              -57.96239505921913,
              -37.78310055781648
            ],
            [
              -57.96082396673503,
              -37.78354596060501
            ],
            [
              -57.95970175781782,
              -37.78443676618207
            ],
            [
              -57.95925287425093,
              -37.78523849120142
            ],
            [
              -57.959140653359206,
              -37.786663780124705
            ],
            [
              -57.959589536926096,
              -37.78773274681718
            ],
            [
              -57.96093618762675,
              -37.78889079406735
            ],
            [
              -57.96228283832741,
              -37.78933619685588
            ],
            [
              -57.963741709919795,
              -37.78933619685588
            ],
            [
              -57.96497613972873,
              -37.78897987462505
            ],
            [
              -57.96643501132111,
              -37.787910907932584
            ],
            [
              -57.966883894888,
              -37.78702010235553
            ],
            [
              -57.96699611577972,
              -37.785862055105355
            ],
            [
              -57.96643501132111,
              -37.78443676618207
            ],
            [
              -57.965425023295616,
              -37.78354596060501
            ],
            [
              -57.96396615170324,
              -37.78310055781648
            ]
          ]
        ]
      }
    },
    {
      "type": "Feature",
      "properties": {
        "id": 57,
        "localidad": "Balcarce",
        "cultivo": "Trigo",
        "area_ha": 40.68,
        "error_pct": 2.9,
        "sam_score": 0.988
      },
      "geometry": {
        "type": "Polygon",
        "coordinates": [
          [
            [
              -57.948527131972696,
              -37.77638791335509
            ],
            [
              -57.94718059058883,
              -37.77629883279738
            ],
            [
              -57.94560962564099,
              -37.77665515502821
            ],
            [
              -57.9435898135652,
              -37.778169524509224
            ],
            [
              -57.94325317821923,
              -37.779772974547946
            ],
            [
              -57.9435898135652,
              -37.78102010235584
            ],
            [
              -57.94403866069315,
              -37.78164366625978
            ],
            [
              -57.945160778513035,
              -37.78244539127915
            ],
            [
              -57.94661953167889,
              -37.78280171350997
            ],
            [
              -57.94830270840872,
              -37.78280171350997
            ],
            [
              -57.949985885138545,
              -37.78208906904832
            ],
            [
              -57.95054694404849,
              -37.78164366625978
            ],
            [
              -57.9504347322665,
              -37.781287344028954
            ],
            [
              -57.951108002958435,
              -37.78093102179813
            ],
            [
              -57.9514446383044,
              -37.780218377336475
            ],
            [
              -57.9514446383044,
              -37.77897124952858
            ],
            [
              -57.951108002958435,
              -37.77825860506693
            ],
            [
              -57.95054694404849,
              -37.77754596060527
            ],
            [
              -57.94953703801059,
              -37.776744235585916
            ],
            [
              -57.948527131972696,
              -37.77638791335509
            ]
          ]
        ]
      }
    },
    {
      "type": "Feature",
      "properties": {
        "id": 58,
        "localidad": "Balcarce",
        "cultivo": "Maiz",
        "area_ha": 54.26,
        "error_pct": 1.1,
        "sam_score": 0.98
      },
      "geometry": {
        "type": "Polygon",
        "coordinates": [
          [
            [
              -57.9412928223554,
              -37.78120975223946
            ],
            [
              -57.93938509301024,
              -37.78138791335487
            ],
            [
              -57.93837511865104,
              -37.7818333161434
            ],
            [
              -57.93669182805237,
              -37.783169524508985
            ],
            [
              -57.93624295055939,
              -37.78423849120146
            ],
            [
              -57.93624295055939,
              -37.78557469956704
            ],
            [
              -57.936579608679125,
              -37.786287344028686
            ],
            [
              -57.9370284861721,
              -37.78664366625951
            ],
            [
              -57.9370284861721,
              -37.78699998849033
            ],
            [
              -57.937252924918596,
              -37.787178149605744
            ],
            [
              -57.937589583038324,
              -37.78699998849033
            ],
            [
              -57.937701802411574,
              -37.787178149605744
            ],
            [
              -57.93747736366508,
              -37.78735631072116
            ],
            [
              -57.938823996144016,
              -37.788336196855916
            ],
            [
              -57.94061950611593,
              -37.788781599644444
            ],
            [
              -57.94252723546109,
              -37.78860343852904
            ],
            [
              -57.94376164856678,
              -37.7880689551828
            ],
            [
              -57.94522050041896,
              -37.78682182737492
            ],
            [
              -57.94578159728518,
              -37.78530745789392
            ],
            [
              -57.94578159728518,
              -37.784416652316864
            ],
            [
              -57.94522050041896,
              -37.783169524508985
            ],
            [
              -57.943200551700556,
              -37.78165515502799
            ],
            [
              -57.9412928223554,
              -37.78120975223946
            ]
          ]
        ]
      }
    },
    {
      "type": "Feature",
      "properties": {
        "id": 59,
        "localidad": "Balcarce",
        "cultivo": "Soja",
        "area_ha": 50.63,
        "error_pct": 4.5,
        "sam_score": 0.992
      },
      "geometry": {
        "type": "Polygon",
        "coordinates": [
          [
            [
              -57.99674195178376,
              -37.80643949557406
            ],
            [
              -57.995170348775076,
              -37.80643949557406
            ],
            [
              -57.99393551783968,
              -37.80679511361073
            ],
            [
              -57.992700686904286,
              -37.807506349684076
            ],
            [
              -57.99191488539994,
              -37.80830649026659
            ],
            [
              -57.99157811332665,
              -37.80901772633993
            ],
            [
              -57.99146585596889,
              -37.81061800750496
            ],
            [
              -57.99191488539994,
              -37.81168486161497
            ],
            [
              -57.99348648840863,
              -37.813107333761664
            ],
            [
              -57.99494583405955,
              -37.81364076081667
            ],
            [
              -57.996180664994945,
              -37.81372966532584
            ],
            [
              -57.99820129743468,
              -37.813285142779996
            ],
            [
              -57.99943612837008,
              -37.812485002197484
            ],
            [
              -58.00055870194771,
              -37.81079581652329
            ],
            [
              -58.00055870194771,
              -37.80928443986743
            ],
            [
              -58.00010967251666,
              -37.80830649026659
            ],
            [
              -57.99842581215021,
              -37.806972922629065
            ],
            [
              -57.99674195178376,
              -37.80643949557406
            ]
          ]
        ]
      }
    },
    {
      "type": "Feature",
      "properties": {
        "id": 61,
        "localidad": "Balcarce",
        "cultivo": "Trigo",
        "area_ha": 54.96,
        "error_pct": 3.2,
        "sam_score": 0.897
      },
      "geometry": {
        "type": "Polygon",
        "coordinates": [
          [
            [
              -58.01599681941816,
              -37.79583331614283
            ],
            [
              -58.01408872855899,
              -37.795566074469725
            ],
            [
              -58.00769101214883,
              -37.79574423558513
            ],
            [
              -58.007354290232506,
              -37.79601147725824
            ],
            [
              -58.007578771510055,
              -37.79618963837365
            ],
            [
              -58.00679308703864,
              -37.79663504116216
            ],
            [
              -58.007017568316186,
              -37.79708044395068
            ],
            [
              -58.00634412448353,
              -37.797258605066084
            ],
            [
              -58.007017568316186,
              -37.7976149272969
            ],
            [
              -58.00668084639986,
              -37.798683893989335
            ],
            [
              -58.007017568316186,
              -37.799218377335556
            ],
            [
              -58.00679308703864,
              -37.79939653845096
            ],
            [
              -58.007017568316186,
              -37.8004655051434
            ],
            [
              -58.00769101214883,
              -37.800999988489615
            ],
            [
              -58.007466530871284,
              -37.80117814960502
            ],
            [
              -58.00825221534271,
              -37.801534471835836
            ],
            [
              -58.00858893725903,
              -37.80144539127813
            ],
            [
              -58.0091501404529,
              -37.80206895518205
            ],
            [
              -58.00948686236923,
              -37.801801713508944
            ],
            [
              -58.00993582492433,
              -37.80206895518205
            ],
            [
              -58.01408872855899,
              -37.80206895518205
            ],
            [
              -58.014313209836544,
              -37.801890794066644
            ],
            [
              -58.01487441303041,
              -37.80206895518205
            ],
            [
              -58.01532337558552,
              -37.801534471835836
            ],
            [
              -58.015772338140614,
              -37.801534471835836
            ],
            [
              -58.01599681941816,
              -37.80135631072043
            ],
            [
              -58.01622130069571,
              -37.798683893989335
            ],
            [
              -58.01599681941816,
              -37.79583331614283
            ]
          ]
        ]
      }
    },
    {
      "type": "Feature",
      "properties": {
        "id": 62,
        "localidad": "Balcarce",
        "cultivo": "Maiz",
        "area_ha": 37.21,
        "error_pct": 9.9,
        "sam_score": 0.882
      },
      "geometry": {
        "type": "Polygon",
        "coordinates": [
          [
            [
              -58.010210830450426,
              -37.78954596060477
            ],
            [
              -58.00998637044209,
              -37.78936779948936
            ],
            [
              -58.00572163028384,
              -37.789189638373955
            ],
            [
              -58.004599330242186,
              -37.78936779948936
            ],
            [
              -58.00415041022553,
              -37.789278718931655
            ],
            [
              -58.00314034018805,
              -37.78954596060477
            ],
            [
              -58.00269142017139,
              -37.79034768562411
            ],
            [
              -58.00291588017972,
              -37.790793088412634
            ],
            [
              -58.00269142017139,
              -37.79097124952804
            ],
            [
              -58.00280365017555,
              -37.79150573287427
            ],
            [
              -58.002579190167225,
              -37.79168389398968
            ],
            [
              -58.00291588017972,
              -37.79221837733591
            ],
            [
              -58.00269142017139,
              -37.792396538451314
            ],
            [
              -58.00291588017972,
              -37.79257469956672
            ],
            [
              -58.00291588017972,
              -37.793465505143764
            ],
            [
              -58.004038180221364,
              -37.79435631072081
            ],
            [
              -58.00729285034214,
              -37.794534471836215
            ],
            [
              -58.00976191043377,
              -37.79435631072081
            ],
            [
              -58.010098600446256,
              -37.79408906904769
            ],
            [
              -58.010547520462914,
              -37.79221837733591
            ],
            [
              -58.010547520462914,
              -37.7901695245087
            ],
            [
              -58.010210830450426,
              -37.78990228283559
            ],
            [
              -58.010210830450426,
              -37.78954596060477
            ]
          ]
        ]
      }
    },
    {
      "type": "Feature",
      "properties": {
        "id": 64,
        "localidad": "Balcarce",
        "cultivo": "Soja",
        "area_ha": 31.44,
        "error_pct": 29.6,
        "sam_score": 0.973
      },
      "geometry": {
        "type": "Polygon",
        "coordinates": [
          [
            [
              -58.02578815717533,
              -37.78535059106573
            ],
            [
              -58.02478012820437,
              -37.7854394955749
            ],
            [
              -58.024444118547386,
              -37.785706209102415
            ],
            [
              -58.02455612176638,
              -37.79210733376279
            ],
            [
              -58.02489213142337,
              -37.79237404729031
            ],
            [
              -58.025452147518344,
              -37.792462951799486
            ],
            [
              -58.027356202241265,
              -37.79228514278114
            ],
            [
              -58.02836423121222,
              -37.79166281121694
            ],
            [
              -58.02959626662117,
              -37.79068486161604
            ],
            [
              -58.03004427949715,
              -37.78935129397846
            ],
            [
              -58.02982027305916,
              -37.7876621083042
            ],
            [
              -58.029484263402175,
              -37.78721758575834
            ],
            [
              -58.02769221189825,
              -37.785795113611584
            ],
            [
              -58.026796186146285,
              -37.7854394955749
            ],
            [
              -58.02578815717533,
              -37.78535059106573
            ]
          ]
        ]
      }
    },
    {
      "type": "Feature",
      "properties": {
        "id": 65,
        "localidad": "Balcarce",
        "cultivo": "Trigo",
        "area_ha": 44.33,
        "error_pct": 10.8,
        "sam_score": 0.98
      },
      "geometry": {
        "type": "Polygon",
        "coordinates": [
          [
            [
              -58.05536387897556,
              -37.77518963837452
            ],
            [
              -58.05413202692032,
              -37.774922396701406
            ],
            [
              -58.05178030936032,
              -37.77501147725911
            ],
            [
              -58.050324484204125,
              -37.77572412172076
            ],
            [
              -58.049428591800314,
              -37.77652584674013
            ],
            [
              -58.04898064559841,
              -37.777594813432614
            ],
            [
              -58.04898064559841,
              -37.778841941240515
            ],
            [
              -58.04954057835079,
              -37.77999998849071
            ],
            [
              -58.05110839005746,
              -37.7812471162986
            ],
            [
              -58.05245222866318,
              -37.78160343852943
            ],
            [
              -58.05413202692032,
              -37.78160343852943
            ],
            [
              -58.055811825177464,
              -37.78097987462548
            ],
            [
              -58.056707717581276,
              -37.78035631072154
            ],
            [
              -58.05715566378318,
              -37.77964366625988
            ],
            [
              -58.05749162343461,
              -37.77830745789427
            ],
            [
              -58.057379636884136,
              -37.7774166523172
            ],
            [
              -58.056707717581276,
              -37.77625860506701
            ],
            [
              -58.05536387897556,
              -37.77518963837452
            ]
          ]
        ]
      }
    },
    {
      "type": "Feature",
      "properties": {
        "id": 66,
        "localidad": "Balcarce",
        "cultivo": "Maiz",
        "area_ha": 86.97,
        "error_pct": 5.4,
        "sam_score": 0.987
      },
      "geometry": {
        "type": "Polygon",
        "coordinates": [
          [
            [
              -58.04846784734122,
              -37.766017023428816
            ],
            [
              -58.04578042458998,
              -37.76610592793799
            ],
            [
              -58.04398880942248,
              -37.766728259502216
            ],
            [
              -58.04242114615092,
              -37.7678840181215
            ],
            [
              -58.04152533856717,
              -37.769662108305006
            ],
            [
              -58.0414133626192,
              -37.771351293979336
            ],
            [
              -58.04219719425498,
              -37.772951575144496
            ],
            [
              -58.04331695373467,
              -37.77384062023625
            ],
            [
              -58.044324737266386,
              -37.77375171572707
            ],
            [
              -58.04477264105826,
              -37.774640760818826
            ],
            [
              -58.045892400537944,
              -37.7754409014014
            ],
            [
              -58.04824389544529,
              -37.77552980591058
            ],
            [
              -58.0510432941445,
              -37.774729665328
            ],
            [
              -58.05249898146809,
              -37.77357390670872
            ],
            [
              -58.05339478905184,
              -37.77188472103439
            ],
            [
              -58.05350676499981,
              -37.770017726341706
            ],
            [
              -58.05261095741606,
              -37.7682396361582
            ],
            [
              -58.050819342248566,
              -37.766728259502216
            ],
            [
              -58.04846784734122,
              -37.766017023428816
            ]
          ]
        ]
      }
    },
    {
      "type": "Feature",
      "properties": {
        "id": 67,
        "localidad": "Balcarce",
        "cultivo": "Soja",
        "area_ha": 77.1,
        "error_pct": 3.2,
        "sam_score": 0.963
      },
      "geometry": {
        "type": "Polygon",
        "coordinates": [
          [
            [
              -58.03973180453138,
              -37.758461545974974
            ],
            [
              -58.0377124567872,
              -37.75881716401168
            ],
            [
              -58.03546873707143,
              -37.76015073164933
            ],
            [
              -58.03434687721356,
              -37.76210663085122
            ],
            [
              -58.034234691227766,
              -37.76370691201641
            ],
            [
              -58.034795621156704,
              -37.765218288672415
            ],
            [
              -58.03647841094352,
              -37.76672966532842
            ],
            [
              -58.036927154886676,
              -37.76690747434677
            ],
            [
              -58.03804901474456,
              -37.76672966532842
            ],
            [
              -58.03905868861665,
              -37.76761871042019
            ],
            [
              -58.04085366438926,
              -37.767707614929364
            ],
            [
              -58.04242426819029,
              -37.76735199689266
            ],
            [
              -58.04545328980657,
              -37.76512938416324
            ],
            [
              -58.04590203374972,
              -37.76272896241546
            ],
            [
              -58.04545328980657,
              -37.76139539477781
            ],
            [
              -58.04455580192026,
              -37.760328540667686
            ],
            [
              -58.04354612804817,
              -37.76086196772275
            ],
            [
              -58.04309738410502,
              -37.76023963615851
            ],
            [
              -58.042312082204504,
              -37.76068415870439
            ],
            [
              -58.04208771023293,
              -37.760328540667686
            ],
            [
              -58.04242426819029,
              -37.759795113612626
            ],
            [
              -58.04130240833241,
              -37.75970620910345
            ],
            [
              -58.041638966289774,
              -37.75908387753921
            ],
            [
              -58.040965850375045,
              -37.75863935499333
            ],
            [
              -58.03973180453138,
              -37.758461545974974
            ]
          ]
        ]
      }
    },
    {
      "type": "Feature",
      "properties": {
        "id": 68,
        "localidad": "Balcarce",
        "cultivo": "Trigo",
        "area_ha": 37.78,
        "error_pct": 14.0,
        "sam_score": 0.986
      },
      "geometry": {
        "type": "Polygon",
        "coordinates": [
          [
            [
              -58.06830226720752,
              -37.75197292263133
            ],
            [
              -58.06617096398305,
              -37.751884018122155
            ],
            [
              -58.06504922544385,
              -37.75223963615887
            ],
            [
              -58.063478791488976,
              -37.75339539477818
            ],
            [
              -58.062917922219384,
              -37.7545511533975
            ],
            [
              -58.062917922219384,
              -37.755529102998466
            ],
            [
              -58.0635909653429,
              -37.75686267063614
            ],
            [
              -58.06504922544385,
              -37.757840620237104
            ],
            [
              -58.06594661627521,
              -37.7570404796545
            ],
            [
              -58.06617096398305,
              -37.75721828867285
            ],
            [
              -58.06617096398305,
              -37.75801842925546
            ],
            [
              -58.066619659398725,
              -37.758285142782995
            ],
            [
              -58.067629224084,
              -37.758285142782995
            ],
            [
              -58.06863878876928,
              -37.75801842925546
            ],
            [
              -58.07065791813983,
              -37.756684861617785
            ],
            [
              -58.070433570431994,
              -37.755529102998466
            ],
            [
              -58.07065791813983,
              -37.75401772634243
            ],
            [
              -58.070433570431994,
              -37.75339539477818
            ],
            [
              -58.06942400574672,
              -37.7525063496864
            ],
            [
              -58.06830226720752,
              -37.75197292263133
            ]
          ]
        ]
      }
    },
    {
      "type": "Feature",
      "properties": {
        "id": 74,
        "localidad": "Balcarce",
        "cultivo": "Maiz",
        "area_ha": 31.28,
        "error_pct": 37.0,
        "sam_score": 0.915
      },
      "geometry": {
        "type": "Polygon",
        "coordinates": [
          [
            [
              -58.16010141190985,
              -37.751884018122155
            ],
            [
              -58.1598775084549,
              -37.752328540668046
            ],
            [
              -58.159205798090035,
              -37.7525063496864
            ],
            [
              -58.15909384636256,
              -37.75277306321394
            ],
            [
              -58.15931774981751,
              -37.75295087223229
            ],
            [
              -58.15898189463508,
              -37.753306490269004
            ],
            [
              -58.15931774981751,
              -37.75366210830572
            ],
            [
              -58.15909384636256,
              -37.75383991732408
            ],
            [
              -58.159205798090035,
              -37.755351293980105
            ],
            [
              -58.15954165327246,
              -37.75570691201682
            ],
            [
              -58.15942970154499,
              -37.75588472103518
            ],
            [
              -58.160213363637325,
              -37.75641814809025
            ],
            [
              -58.16043726709228,
              -37.75632924358107
            ],
            [
              -58.160773122274705,
              -37.756684861617785
            ],
            [
              -58.16166873609451,
              -37.75677376612696
            ],
            [
              -58.16200459127694,
              -37.757129384163676
            ],
            [
              -58.16256434991432,
              -37.757129384163676
            ],
            [
              -58.16290020509675,
              -37.75739609769121
            ],
            [
              -58.16525119137375,
              -37.75748500220039
            ],
            [
              -58.16581095001113,
              -37.75837404729217
            ],
            [
              -58.16603485346608,
              -37.75819623827382
            ],
            [
              -58.16603485346608,
              -37.7570404796545
            ],
            [
              -58.1654750948287,
              -37.75588472103518
            ],
            [
              -58.1654750948287,
              -37.7545511533975
            ],
            [
              -58.1650272879188,
              -37.75410663085161
            ],
            [
              -58.164803384463845,
              -37.75241744517722
            ],
            [
              -58.16446752928142,
              -37.751706209103794
            ],
            [
              -58.16413167409899,
              -37.751439495576264
            ],
            [
              -58.16357191546161,
              -37.751439495576264
            ],
            [
              -58.16334801200666,
              -37.75161730459462
            ],
            [
              -58.16010141190985,
              -37.751884018122155
            ]
          ]
        ]
      }
    },
    {
      "type": "Feature",
      "properties": {
        "id": 75,
        "localidad": "Balcarce",
        "cultivo": "Soja",
        "area_ha": 93.62,
        "error_pct": 3.3,
        "sam_score": 0.998
      },
      "geometry": {
        "type": "Polygon",
        "coordinates": [
          [
            [
              -58.22701923915622,
              -37.715426124456194
            ],
            [
              -58.224333667666514,
              -37.715426124456194
            ],
            [
              -58.22265518548545,
              -37.715958499386936
            ],
            [
              -58.220417209244026,
              -37.71764435333428
            ],
            [
              -58.21941011993539,
              -37.719418936436746
            ],
            [
              -58.21952201874746,
              -37.72137097784946
            ],
            [
              -58.2205291080561,
              -37.723056831796804
            ],
            [
              -58.222319489049234,
              -37.7245652274339
            ],
            [
              -58.223997971230304,
              -37.72527506067489
            ],
            [
              -58.22735493559243,
              -37.725186331519765
            ],
            [
              -58.228473923713146,
              -37.72483141489927
            ],
            [
              -58.230376203518354,
              -37.723589206727546
            ],
            [
              -58.2317189892632,
              -37.721459707004584
            ],
            [
              -58.23183088807527,
              -37.71959639474699
            ],
            [
              -58.230823798766636,
              -37.7177330824894
            ],
            [
              -58.22936911420971,
              -37.716313416007424
            ],
            [
              -58.22701923915622,
              -37.715426124456194
            ]
          ]
        ]
      }
    },
    {
      "type": "Feature",
      "properties": {
        "id": 76,
        "localidad": "Balcarce",
        "cultivo": "Trigo",
        "area_ha": 34.46,
        "error_pct": 41.5,
        "sam_score": 0.899
      },
      "geometry": {
        "type": "Polygon",
        "coordinates": [
          [
            [
              -58.25227630369295,
              -37.70732854066992
            ],
            [
              -58.25093635253874,
              -37.708484299289346
            ],
            [
              -58.25216464109677,
              -37.70928443987203
            ],
            [
              -58.253839580039546,
              -37.709817866927146
            ],
            [
              -58.25473288080902,
              -37.71035129398227
            ],
            [
              -58.25618449455943,
              -37.71052910300064
            ],
            [
              -58.25707779532891,
              -37.71088472103739
            ],
            [
              -58.257971096098395,
              -37.71159595711088
            ],
            [
              -58.25886439686787,
              -37.71275171573031
            ],
            [
              -58.260874323599204,
              -37.71132924358332
            ],
            [
              -58.260874323599204,
              -37.71052910300064
            ],
            [
              -58.26109764879157,
              -37.710440198491455
            ],
            [
              -58.26132097398394,
              -37.71061800750983
            ],
            [
              -58.2616559617725,
              -37.71026238947308
            ],
            [
              -58.2616559617725,
              -37.70964005790877
            ],
            [
              -58.26132097398394,
              -37.70937334438121
            ],
            [
              -58.26098598619539,
              -37.709462248890404
            ],
            [
              -58.260762661003014,
              -37.708839917326095
            ],
            [
              -58.259087722060244,
              -37.70732854066992
            ],
            [
              -58.25819442129076,
              -37.70723963616073
            ],
            [
              -58.25618449455943,
              -37.70643949557805
            ],
            [
              -58.25462121821284,
              -37.70643949557805
            ],
            [
              -58.25350459225099,
              -37.70670620910561
            ],
            [
              -58.25227630369295,
              -37.70732854066992
            ]
          ]
        ]
      }
    },
    {
      "type": "Feature",
      "properties": {
        "id": 77,
        "localidad": "Balcarce",
        "cultivo": "Maiz",
        "area_ha": 39.24,
        "error_pct": 5.1,
        "sam_score": 0.971
      },
      "geometry": {
        "type": "Polygon",
        "coordinates": [
          [
            [
              -58.265179523820905,
              -37.70361730459654
            ],
            [
              -58.26428625921255,
              -37.703706209105725
            ],
            [
              -58.263839626908364,
              -37.70397292263329
            ],
            [
              -58.26272304614792,
              -37.704061827142475
            ],
            [
              -58.2619414396156,
              -37.704506349688415
            ],
            [
              -58.26104817500724,
              -37.70539539478029
            ],
            [
              -58.26138314923538,
              -37.70566210830785
            ],
            [
              -58.26138314923538,
              -37.70610663085379
            ],
            [
              -58.26071320077911,
              -37.70664005790891
            ],
            [
              -58.26082485885515,
              -37.707706912019155
            ],
            [
              -58.26138314923538,
              -37.70859595711103
            ],
            [
              -58.26283470422396,
              -37.709573906712095
            ],
            [
              -58.26428625921255,
              -37.709929524748844
            ],
            [
              -58.26573781420113,
              -37.70984062023965
            ],
            [
              -58.2674126853418,
              -37.709218288675345
            ],
            [
              -58.26864092417829,
              -37.708151434565096
            ],
            [
              -58.269087556482475,
              -37.7067289624181
            ],
            [
              -58.269087556482475,
              -37.70610663085379
            ],
            [
              -58.26864092417829,
              -37.70539539478029
            ],
            [
              -58.26752434341785,
              -37.70432854067004
            ],
            [
              -58.265179523820905,
              -37.70361730459654
            ]
          ]
        ]
      }
    },
    {
      "type": "Feature",
      "properties": {
        "id": 78,
        "localidad": "Balcarce",
        "cultivo": "Soja",
        "area_ha": 53.51,
        "error_pct": 3.9,
        "sam_score": 0.987
      },
      "geometry": {
        "type": "Polygon",
        "coordinates": [
          [
            [
              -58.284179565614956,
              -37.720047228541894
            ],
            [
              -58.28239262642998,
              -37.72022468685214
            ],
            [
              -58.28105242204125,
              -37.720845790938
            ],
            [
              -58.27937716655533,
              -37.72235418657508
            ],
            [
              -58.27904211545815,
              -37.72324147812631
            ],
            [
              -58.27915379915721,
              -37.72474987376339
            ],
            [
              -58.27982390135158,
              -37.72599208193511
            ],
            [
              -58.28105242204125,
              -37.726968102641464
            ],
            [
              -58.282951044925284,
              -37.72758920672732
            ],
            [
              -58.284737984110265,
              -37.72758920672732
            ],
            [
              -58.28563145370275,
              -37.72732301926195
            ],
            [
              -58.28797681138303,
              -37.72563716531462
            ],
            [
              -58.28842354617928,
              -37.72474987376339
            ],
            [
              -58.28842354617928,
              -37.72288656150582
            ],
            [
              -58.28820017878115,
              -37.722442915730205
            ],
            [
              -58.286078188499,
              -37.72057960347263
            ],
            [
              -58.284179565614956,
              -37.720047228541894
            ]
          ]
        ]
      }
    },
    {
      "type": "Feature",
      "properties": {
        "id": 79,
        "localidad": "Balcarce",
        "cultivo": "Trigo",
        "area_ha": 40.78,
        "error_pct": 3.7,
        "sam_score": 1.001
      },
      "geometry": {
        "type": "Polygon",
        "coordinates": [
          [
            [
              -58.182571264523645,
              -37.668239636162355
            ],
            [
              -58.18089389125544,
              -37.668239636162355
            ],
            [
              -58.179551992640874,
              -37.66877306321752
            ],
            [
              -58.17854556867995,
              -37.66957320380027
            ],
            [
              -58.177874619372666,
              -37.670728962419794
            ],
            [
              -58.177874619372666,
              -37.6721514345669
            ],
            [
              -58.1784337437954,
              -37.67330719318642
            ],
            [
              -58.17988746729451,
              -37.674285142787554
            ],
            [
              -58.181117541024534,
              -37.67472966533352
            ],
            [
              -58.182794914292735,
              -37.67472966533352
            ],
            [
              -58.18368951336912,
              -37.67446295180594
            ],
            [
              -58.18525506175277,
              -37.673396097695615
            ],
            [
              -58.185926011060054,
              -37.67224033907609
            ],
            [
              -58.1860378359446,
              -37.671084580456565
            ],
            [
              -58.18547871152187,
              -37.66992882183705
            ],
            [
              -58.184248637791846,
              -37.66877306321752
            ],
            [
              -58.182571264523645,
              -37.668239636162355
            ]
          ]
        ]
      }
    },
    {
      "type": "Feature",
      "properties": {
        "id": 80,
        "localidad": "Balcarce",
        "cultivo": "Maiz",
        "area_ha": 58.85,
        "error_pct": 47.7,
        "sam_score": 0.974
      },
      "geometry": {
        "type": "Polygon",
        "coordinates": [
          [
            [
              -58.410733009196505,
              -37.66832818849502
            ],
            [
              -58.410398184,
              -37.66859385196934
            ],
            [
              -58.41084461759534,
              -37.67895472746791
            ],
            [
              -58.41184909318485,
              -37.67939749992511
            ],
            [
              -58.41140265958951,
              -37.67975171789087
            ],
            [
              -58.41196070158368,
              -37.679928826873756
            ],
            [
              -58.412295526780184,
              -37.67948605441655
            ],
            [
              -58.41296517717319,
              -37.67930894543367
            ],
            [
              -58.417429513126564,
              -37.676120983741804
            ],
            [
              -58.41720629632889,
              -37.675323993318834
            ],
            [
              -58.417541121525396,
              -37.67461555738731
            ],
            [
              -58.417541121525396,
              -37.6728444675585
            ],
            [
              -58.41720629632889,
              -37.67160470467832
            ],
            [
              -58.414081261161535,
              -37.66903662442654
            ],
            [
              -58.41207230998251,
              -37.66841674298646
            ],
            [
              -58.410733009196505,
              -37.66832818849502
            ]
          ]
        ]
      }
    },
    {
      "type": "Feature",
      "properties": {
        "id": 81,
        "localidad": "Balcarce",
        "cultivo": "Soja",
        "area_ha": 34.54,
        "error_pct": 3.5,
        "sam_score": 0.981
      },
      "geometry": {
        "type": "Polygon",
        "coordinates": [
          [
            [
              -58.307633887134365,
              -37.83182181163964
            ],
            [
              -58.3061798369011,
              -37.83146689501923
            ],
            [
              -58.30461393664989,
              -37.83146689501923
            ],
            [
              -58.303271736434574,
              -37.831910540794745
            ],
            [
              -58.302376936291026,
              -37.83279783234577
            ],
            [
              -58.30181768620131,
              -37.83377385305189
            ],
            [
              -58.30181768620131,
              -37.83501606122332
            ],
            [
              -58.302376936291026,
              -37.836169540239645
            ],
            [
              -58.303271736434574,
              -37.83705683179067
            ],
            [
              -58.30506133672167,
              -37.83741174841107
            ],
            [
              -58.306515386954935,
              -37.83732301925597
            ],
            [
              -58.30707463704465,
              -37.837145560945764
            ],
            [
              -58.30864053729586,
              -37.83608081108454
            ],
            [
              -58.30919978738557,
              -37.83501606122332
            ],
            [
              -58.30919978738557,
              -37.83377385305189
            ],
            [
              -58.30864053729586,
              -37.832620374035564
            ],
            [
              -58.307633887134365,
              -37.83182181163964
            ]
          ]
        ]
      }
    },
    {
      "type": "Feature",
      "properties": {
        "id": 82,
        "localidad": "Balcarce",
        "cultivo": "Trigo",
        "area_ha": 47.03,
        "error_pct": 2.9,
        "sam_score": 0.983
      },
      "geometry": {
        "type": "Polygon",
        "coordinates": [
          [
            [
              -58.11269329114013,
              -37.832528400082175
            ],
            [
              -58.11123632210044,
              -37.832172782045525
            ],
            [
              -58.1087706821871,
              -37.83235059106385
            ],
            [
              -58.10686541498134,
              -37.83377306321046
            ],
            [
              -58.10619296773225,
              -37.83501772633875
            ],
            [
              -58.10630504227377,
              -37.836795816522006
            ],
            [
              -58.10686541498134,
              -37.837595957104476
            ],
            [
              -58.10888275672862,
              -37.839107333760246
            ],
            [
              -58.11045180030983,
              -37.83830719317778
            ],
            [
              -58.110788023934376,
              -37.83830719317778
            ],
            [
              -58.111684620266495,
              -37.83884062023276
            ],
            [
              -58.112917440223164,
              -37.83884062023276
            ],
            [
              -58.114262334721346,
              -37.837951575141126
            ],
            [
              -58.11504685651195,
              -37.83688472103117
            ],
            [
              -58.11515893105347,
              -37.83519553535707
            ],
            [
              -58.11482270742892,
              -37.83430649026544
            ],
            [
              -58.114150260179834,
              -37.83341744517381
            ],
            [
              -58.11269329114013,
              -37.832528400082175
            ]
          ]
        ]
      }
    },
    {
      "type": "Feature",
      "properties": {
        "id": 83,
        "localidad": "",
        "cultivo": "",
        "area_ha": 76.59,
        "error_pct": 4.5,
        "sam_score": 0.97
      },
      "geometry": {
        "type": "MultiPolygon",
        "coordinates": [
          [
            [
              [
                -58.11751132202731,
                -37.842173484957584
              ],
              [
                -58.11795965666126,
                -37.84110663084764
              ],
              [
                -58.11840799129521,
                -37.8437737661225
              ],
              [
                -58.122779253976184,
                -37.84430719317747
              ],
              [
                -58.12468467617046,
                -37.84599637885155
              ],
              [
                -58.126478014706244,
                -37.84688542394317
              ],
              [
                -58.1268142656817,
                -37.846707614924846
              ],
              [
                -58.12737468397413,
                -37.84724104197982
              ],
              [
                -58.12759885129111,
                -37.84661871041568
              ],
              [
                -58.129392189826895,
                -37.84661871041568
              ],
              [
                -58.12984052446084,
                -37.84626309237904
              ],
              [
                -58.129952608119325,
                -37.84226238946675
              ],
              [
                -58.129392189826895,
                -37.84110663084764
              ],
              [
                -58.1277109349496,
                -37.83968415870105
              ],
              [
                -58.12412425787802,
                -37.83808387753613
              ],
              [
                -58.11986507885553,
                -37.838617304591104
              ],
              [
                -58.117399238368826,
                -37.83986196771937
              ],
              [
                -58.11616631812547,
                -37.84110663084764
              ],
              [
                -58.116614652759424,
                -37.84359595710418
              ],
              [
                -58.11695090373488,
                -37.84341814808585
              ],
              [
                -58.11706298739337,
                -37.8411955353568
              ],
              [
                -58.11751132202731,
                -37.842173484957584
              ]
            ]
          ],
          [
            [
              [
                -58.11751132202731,
                -37.842173484957584
              ],
              [
                -58.117175071051854,
                -37.843151434558365
              ],
              [
                -58.11751132202731,
                -37.84359595710418
              ],
              [
                -58.11784757300278,
                -37.84341814808585
              ],
              [
                -58.11751132202731,
                -37.842173484957584
              ]
            ]
          ]
        ]
      }
    },
    {
      "type": "Feature",
      "properties": {
        "id": 85,
        "localidad": "Balcarce",
        "cultivo": "Soja",
        "area_ha": 42.01,
        "error_pct": 16.7,
        "sam_score": 0.979
      },
      "geometry": {
        "type": "Polygon",
        "coordinates": [
          [
            [
              -58.472133228791925,
              -37.84207337772262
            ],
            [
              -58.46923043135168,
              -37.841984823231215
            ],
            [
              -58.46867220107471,
              -37.84216193221403
            ],
            [
              -58.464987881246714,
              -37.844907121447704
            ],
            [
              -58.466439279966835,
              -37.846589656784474
            ],
            [
              -58.46967701557326,
              -37.849334846018145
            ],
            [
              -58.47168664457035,
              -37.848095083138425
            ],
            [
              -58.47414285778901,
              -37.84614688432743
            ],
            [
              -58.47414285778901,
              -37.84402157653361
            ],
            [
              -58.472133228791925,
              -37.84207337772262
            ]
          ]
        ]
      }
    },
    {
      "type": "Feature",
      "properties": {
        "id": 86,
        "localidad": "Balcarce",
        "cultivo": "Trigo",
        "area_ha": 40.07,
        "error_pct": 4.0,
        "sam_score": 0.936
      },
      "geometry": {
        "type": "Polygon",
        "coordinates": [
          [
            [
              -58.48679733914112,
              -37.80271915975857
            ],
            [
              -58.48534670725275,
              -37.802453496284315
            ],
            [
              -58.48367290122771,
              -37.80263060526715
            ],
            [
              -58.481887508134335,
              -37.80360470467273
            ],
            [
              -58.481775921066,
              -37.80404747712981
            ],
            [
              -58.48132957279266,
              -37.80449024958689
            ],
            [
              -58.48054846331431,
              -37.80634989390663
            ],
            [
              -58.481664333997664,
              -37.807589656786455
            ],
            [
              -58.48266861761269,
              -37.808209538226365
            ],
            [
              -58.4833381400227,
              -37.808917974157694
            ],
            [
              -58.484230836569395,
              -37.808209538226365
            ],
            [
              -58.48467718484274,
              -37.808209538226365
            ],
            [
              -58.485793055526095,
              -37.808917974157694
            ],
            [
              -58.48780162275614,
              -37.80803242924353
            ],
            [
              -58.489029080507834,
              -37.80723543882079
            ],
            [
              -58.4889174934395,
              -37.804844467552556
            ],
            [
              -58.48914066757617,
              -37.80431314060406
            ],
            [
              -58.488024796892816,
              -37.80333904119848
            ],
            [
              -58.48679733914112,
              -37.80271915975857
            ]
          ]
        ]
      }
    },
    {
      "type": "Feature",
      "properties": {
        "id": 87,
        "localidad": "Balcarce",
        "cultivo": "Maiz",
        "area_ha": 40.53,
        "error_pct": 3.6,
        "sam_score": 0.936
      },
      "geometry": {
        "type": "Polygon",
        "coordinates": [
          [
            [
              -58.47868570635017,
              -37.80116193221574
            ],
            [
              -58.478239370164445,
              -37.80107337772433
            ],
            [
              -58.47790461802515,
              -37.80125048670716
            ],
            [
              -58.477569865885854,
              -37.80098482323291
            ],
            [
              -58.47589610518937,
              -37.80107337772433
            ],
            [
              -58.47522660091078,
              -37.801339041198574
            ],
            [
              -58.473218088075,
              -37.80266735856982
            ],
            [
              -58.472883335935705,
              -37.803110131026905
            ],
            [
              -58.47266016784284,
              -37.804615557380984
            ],
            [
              -58.472213831657115,
              -37.80426133941532
            ],
            [
              -58.47199066356425,
              -37.80443844839815
            ],
            [
              -58.47199066356425,
              -37.80505832983807
            ],
            [
              -58.473218088075,
              -37.8057667657694
            ],
            [
              -58.47411076044646,
              -37.80656375619215
            ],
            [
              -58.476230857328666,
              -37.807183637632065
            ],
            [
              -58.47745828183942,
              -37.807183637632065
            ],
            [
              -58.47801620207158,
              -37.806386647209315
            ],
            [
              -58.478462538257304,
              -37.80665231068357
            ],
            [
              -58.47968996276806,
              -37.80656375619215
            ],
            [
              -58.48058263513951,
              -37.8057667657694
            ],
            [
              -58.48136372346454,
              -37.80373001246682
            ],
            [
              -58.48080580323238,
              -37.80284446755265
            ],
            [
              -58.48080580323238,
              -37.80213603162132
            ],
            [
              -58.47935521062876,
              -37.80169325916424
            ],
            [
              -58.47868570635017,
              -37.80116193221574
            ]
          ]
        ]
      }
    },
    {
      "type": "Feature",
      "properties": {
        "id": 88,
        "localidad": "Balcarce",
        "cultivo": "Soja",
        "area_ha": 46.11,
        "error_pct": 12.4,
        "sam_score": 0.929
      },
      "geometry": {
        "type": "Polygon",
        "coordinates": [
          [
            [
              -58.48657401557054,
              -37.79536494179318
            ],
            [
              -58.48456563869684,
              -37.79536494179318
            ],
            [
              -58.4828919913021,
              -37.795630605267434
            ],
            [
              -58.480995190921384,
              -37.79713603162153
            ],
            [
              -58.48121834390735,
              -37.798198685518535
            ],
            [
              -58.480995190921384,
              -37.79890712144988
            ],
            [
              -58.481329920400334,
              -37.79917278492413
            ],
            [
              -58.481329920400334,
              -37.80041254780397
            ],
            [
              -58.48188780286525,
              -37.80165231068382
            ],
            [
              -58.48144149689332,
              -37.80191797415807
            ],
            [
              -58.481664649879285,
              -37.802095083140905
            ],
            [
              -58.48356145026,
              -37.80244930110658
            ],
            [
              -58.48657401557054,
              -37.802183637632325
            ],
            [
              -58.48724347452844,
              -37.80174086517524
            ],
            [
              -58.48780135699336,
              -37.80191797415807
            ],
            [
              -58.4888055454302,
              -37.80120953822673
            ],
            [
              -58.48847081595125,
              -37.800678211278225
            ],
            [
              -58.48902869841617,
              -37.80005832983831
            ],
            [
              -58.489140274909154,
              -37.79784446755287
            ],
            [
              -58.48657401557054,
              -37.79536494179318
            ]
          ]
        ]
      }
    },
    {
      "type": "Feature",
      "properties": {
        "id": 89,
        "localidad": "Balcarce",
        "cultivo": "Trigo",
        "area_ha": 68.23,
        "error_pct": 0.9,
        "sam_score": 0.989
      },
      "geometry": {
        "type": "Polygon",
        "coordinates": [
          [
            [
              -58.53056962577725,
              -37.7689221693371
            ],
            [
              -58.527892731892045,
              -37.76918783281137
            ],
            [
              -58.52521583800684,
              -37.77095892263982
            ],
            [
              -58.52443507729032,
              -37.77193302204547
            ],
            [
              -58.52443507729032,
              -37.77388122085676
            ],
            [
              -58.52510430076162,
              -37.77538664721094
            ],
            [
              -58.52700043393031,
              -37.776892073565115
            ],
            [
              -58.528561955363344,
              -37.77742340051365
            ],
            [
              -58.5302350140416,
              -37.77742340051365
            ],
            [
              -58.531684998229416,
              -37.77706918254796
            ],
            [
              -58.53458496660506,
              -37.77503242924524
            ],
            [
              -58.53514265283114,
              -37.773527002891065
            ],
            [
              -58.534919578340705,
              -37.77193302204547
            ],
            [
              -58.53413881762419,
              -37.770781813656974
            ],
            [
              -58.532800370681585,
              -37.76963060526848
            ],
            [
              -58.53056962577725,
              -37.7689221693371
            ]
          ]
        ]
      }
    },
    {
      "type": "Feature",
      "properties": {
        "id": 90,
        "localidad": "Balcarce",
        "cultivo": "Maiz",
        "area_ha": 67.19,
        "error_pct": 18.0,
        "sam_score": 0.968
      },
      "geometry": {
        "type": "Polygon",
        "coordinates": [
          [
            [
              -58.582735586045715,
              -37.69730228789981
            ],
            [
              -58.580511366547704,
              -37.69721373340837
            ],
            [
              -58.579621678748495,
              -37.697745060356986
            ],
            [
              -58.579844100698296,
              -37.69889626874565
            ],
            [
              -58.579399256798695,
              -37.700136031625746
            ],
            [
              -58.575840505601874,
              -37.70305832984312
            ],
            [
              -58.576174138526575,
              -37.70385532026604
            ],
            [
              -58.577619881200285,
              -37.70527219212901
            ],
            [
              -58.580622577522604,
              -37.70633484602624
            ],
            [
              -58.583069218970415,
              -37.70606918255193
            ],
            [
              -58.585627071393134,
              -37.705095083146134
            ],
            [
              -58.586850392117036,
              -37.70288122086025
            ],
            [
              -58.586850392117036,
              -37.70137579450584
            ],
            [
              -58.586516759192335,
              -37.70084446755723
            ],
            [
              -58.586739181142136,
              -37.69987036815144
            ],
            [
              -58.584737383593925,
              -37.69801072383129
            ],
            [
              -58.582735586045715,
              -37.69730228789981
            ]
          ]
        ]
      }
    },
    {
      "type": "Feature",
      "properties": {
        "id": 91,
        "localidad": "Balcarce",
        "cultivo": "Soja",
        "area_ha": 51.32,
        "error_pct": 10.7,
        "sam_score": 0.978
      },
      "geometry": {
        "type": "Polygon",
        "coordinates": [
          [
            [
              -58.60124252968716,
              -37.6792116897543
            ],
            [
              -58.600239927205976,
              -37.6792116897543
            ],
            [
              -58.5982347222436,
              -37.67859302615595
            ],
            [
              -58.59600671672985,
              -37.67859302615595
            ],
            [
              -58.5937787112161,
              -37.68018387540884
            ],
            [
              -58.592998909286294,
              -37.68142120260553
            ],
            [
              -58.592998909286294,
              -37.68292367134437
            ],
            [
              -58.59400151176748,
              -37.68442614008321
            ],
            [
              -58.59500411424867,
              -37.68522156470966
            ],
            [
              -58.59656371810829,
              -37.68575184779395
            ],
            [
              -58.59868032334635,
              -37.68575184779395
            ],
            [
              -58.600239927205976,
              -37.684868042653456
            ],
            [
              -58.602467932719726,
              -37.68310043237247
            ],
            [
              -58.602133731892664,
              -37.68283529083032
            ],
            [
              -58.60224513216835,
              -37.68168634414768
            ],
            [
              -58.60168813078991,
              -37.680095494894786
            ],
            [
              -58.60191093134129,
              -37.67991873386669
            ],
            [
              -58.60124252968716,
              -37.6792116897543
            ]
          ]
        ]
      }
    },
    {
      "type": "Feature",
      "properties": {
        "id": 92,
        "localidad": "Balcarce",
        "cultivo": "Trigo",
        "area_ha": 44.65,
        "error_pct": 2.5,
        "sam_score": 0.94
      },
      "geometry": {
        "type": "Polygon",
        "coordinates": [
          [
            [
              -58.63028846072051,
              -37.68032788461372
            ],
            [
              -58.628175965070525,
              -37.68165359232445
            ],
            [
              -58.62773122914421,
              -37.68236063643685
            ],
            [
              -58.62773122914421,
              -37.68580747648476
            ],
            [
              -58.62906543692315,
              -37.68669128162525
            ],
            [
              -58.63262332433364,
              -37.68766346727979
            ],
            [
              -58.63306806025996,
              -37.687133184195496
            ],
            [
              -58.63406871609416,
              -37.6867796621393
            ],
            [
              -58.634179900075736,
              -37.686160998540956
            ],
            [
              -58.63473581998363,
              -37.68589585699881
            ],
            [
              -58.635625291836256,
              -37.68448176877402
            ],
            [
              -58.635625291836256,
              -37.68368634414758
            ],
            [
              -58.63529173989152,
              -37.68324444157734
            ],
            [
              -58.635514107854675,
              -37.68297930003519
            ],
            [
              -58.63529173989152,
              -37.68271415849304
            ],
            [
              -58.635625291836256,
              -37.6824490169509
            ],
            [
              -58.635625291836256,
              -37.6817419728385
            ],
            [
              -58.634958187946786,
              -37.68103492872611
            ],
            [
              -58.634179900075736,
              -37.68121168975421
            ],
            [
              -58.633512796186274,
              -37.68103492872611
            ],
            [
              -58.63262332433364,
              -37.68041626512777
            ],
            [
              -58.63028846072051,
              -37.68032788461372
            ]
          ]
        ]
      }
    },
    {
      "type": "Feature",
      "properties": {
        "id": 93,
        "localidad": "",
        "cultivo": "",
        "area_ha": 43.49,
        "error_pct": 9.8,
        "sam_score": 0.966
      },
      "geometry": {
        "type": "MultiPolygon",
        "coordinates": [
          [
            [
              [
                -58.51568016690332,
                -37.668360746622454
              ],
              [
                -58.516014291172475,
                -37.66809508314813
              ],
              [
                -58.516793914467165,
                -37.66827219213101
              ],
              [
                -58.51712803873632,
                -37.66800652865669
              ],
              [
                -58.51746216300547,
                -37.66827219213101
              ],
              [
                -58.518575910569304,
                -37.66800652865669
              ],
              [
                -58.518910034838456,
                -37.66765231069092
              ],
              [
                -58.518575910569304,
                -37.66729809272515
              ],
              [
                -58.518575910569304,
                -37.6655270028963
              ],
              [
                -58.51902140959484,
                -37.6649071214562
              ],
              [
                -58.51868728532569,
                -37.66393302205034
              ],
              [
                -58.51746216300547,
                -37.66278181366158
              ],
              [
                -58.51634841544163,
                -37.66278181366158
              ],
              [
                -58.51579154165971,
                -37.662073377730046
              ],
              [
                -58.51545741739056,
                -37.66233904120437
              ],
              [
                -58.51490054360863,
                -37.662073377730046
              ],
              [
                -58.51456641933948,
                -37.66233904120437
              ],
              [
                -58.51423229507033,
                -37.662073377730046
              ],
              [
                -58.51367542128841,
                -37.66278181366158
              ],
              [
                -58.51334129701926,
                -37.66242759569581
              ],
              [
                -58.512784423237335,
                -37.66278181366158
              ],
              [
                -58.51222754945542,
                -37.66242759569581
              ],
              [
                -58.51144792616073,
                -37.66278181366158
              ],
              [
                -58.511002427135196,
                -37.66269325917014
              ],
              [
                -58.51033417859689,
                -37.663490249593124
              ],
              [
                -58.510668302866044,
                -37.66393302205034
              ],
              [
                -58.51011142908412,
                -37.66411013103322
              ],
              [
                -58.51011142908412,
                -37.66561555738774
              ],
              [
                -58.51077967762242,
                -37.666855320267935
              ],
              [
                -58.512673048480956,
                -37.66818363763957
              ],
              [
                -58.51389817080118,
                -37.668360746622454
              ],
              [
                -58.514343669826715,
                -37.66800652865669
              ],
              [
                -58.51467779409587,
                -37.66827219213101
              ],
              [
                -58.515234667877785,
                -37.66800652865669
              ],
              [
                -58.51568016690332,
                -37.668360746622454
              ]
            ]
          ],
          [
            [
              [
                -58.51568016690332,
                -37.668360746622454
              ],
              [
                -58.51545741739056,
                -37.668626410096785
              ],
              [
                -58.51568016690332,
                -37.66880351907967
              ],
              [
                -58.51590291641609,
                -37.668537855605344
              ],
              [
                -58.51568016690332,
                -37.668360746622454
              ]
            ]
          ]
        ]
      }
    },
    {
      "type": "Feature",
      "properties": {
        "id": 94,
        "localidad": "Balcarce",
        "cultivo": "Soja",
        "area_ha": 51.64,
        "error_pct": 2.3,
        "sam_score": 0.95
      },
      "geometry": {
        "type": "Polygon",
        "coordinates": [
          [
            [
              -58.489564162380255,
              -37.655364941798744
            ],
            [
              -58.48767094455031,
              -37.656604704678955
            ],
            [
              -58.48678001851269,
              -37.657578804084835
            ],
            [
              -58.486668652757984,
              -37.658287240016385
            ],
            [
              -58.48611182398447,
              -37.658375794507826
            ],
            [
              -58.48600045822977,
              -37.658818566965046
            ],
            [
              -58.486334555493876,
              -37.658995675947935
            ],
            [
              -58.486668652757984,
              -37.65864145798216
            ],
            [
              -58.4871141157768,
              -37.659084230439376
            ],
            [
              -58.4873368472862,
              -37.66041254781103
            ],
            [
              -58.486891384267395,
              -37.66120953823402
            ],
            [
              -58.487782310305015,
              -37.66182941967413
            ],
            [
              -58.48800504181442,
              -37.66227219213135
            ],
            [
              -58.48856187058793,
              -37.66227219213135
            ],
            [
              -58.489564162380255,
              -37.66280351908001
            ],
            [
              -58.49056645417258,
              -37.66244930111423
            ],
            [
              -58.49112328294609,
              -37.66298062806289
            ],
            [
              -58.49179147747431,
              -37.66306918255434
            ],
            [
              -58.49190284322901,
              -37.66351195501155
            ],
            [
              -58.49346196379485,
              -37.66262641009712
            ],
            [
              -58.49401879256836,
              -37.66182941967413
            ],
            [
              -58.495355181624795,
              -37.66094387475969
            ],
            [
              -58.4954665473795,
              -37.65819868552494
            ],
            [
              -58.492459672002525,
              -37.655453496290185
            ],
            [
              -58.489564162380255,
              -37.655364941798744
            ]
          ]
        ]
      }
    },
    {
      "type": "Feature",
      "properties": {
        "id": 95,
        "localidad": "Balcarce",
        "cultivo": "Trigo",
        "area_ha": 37.19,
        "error_pct": 3.6,
        "sam_score": 0.963
      },
      "geometry": {
        "type": "Polygon",
        "coordinates": [
          [
            [
              -58.58228919782396,
              -37.6414902495941
            ],
            [
              -58.582400320410564,
              -37.64175591306844
            ],
            [
              -58.58206695265076,
              -37.64219868552567
            ],
            [
              -58.582400320410564,
              -37.64246434900001
            ],
            [
              -58.58206695265076,
              -37.64273001247435
            ],
            [
              -58.582400320410564,
              -37.643172784931586
            ],
            [
              -58.58228919782396,
              -37.643349893914476
            ],
            [
              -58.582733688170364,
              -37.64423543882894
            ],
            [
              -58.583067055930165,
              -37.645740865183534
            ],
            [
              -58.58328930110336,
              -37.64591797416642
            ],
            [
              -58.58351154627656,
              -37.64582941967498
            ],
            [
              -58.58384491403637,
              -37.64609508314932
            ],
            [
              -58.58417828179617,
              -37.64609508314932
            ],
            [
              -58.589289920779784,
              -37.64512098374341
            ],
            [
              -58.58984553371278,
              -37.64476676577762
            ],
            [
              -58.589623288539585,
              -37.64450110230328
            ],
            [
              -58.589623288539585,
              -37.64308423044014
            ],
            [
              -58.589956656299385,
              -37.64237579450857
            ],
            [
              -58.58973441112619,
              -37.64211013103422
            ],
            [
              -58.589956656299385,
              -37.641844467559885
            ],
            [
              -58.58895655301998,
              -37.64069325917108
            ],
            [
              -58.588067572327176,
              -37.64007337773096
            ],
            [
              -58.58628961094158,
              -37.6401619322224
            ],
            [
              -58.58440052696937,
              -37.63998482323951
            ],
            [
              -58.583067055930165,
              -37.64078181366253
            ],
            [
              -58.58228919782396,
              -37.6414902495941
            ]
          ]
        ]
      }
    },
    {
      "type": "Feature",
      "properties": {
        "id": 96,
        "localidad": "Balcarce",
        "cultivo": "Maiz",
        "area_ha": 37.68,
        "error_pct": 41.7,
        "sam_score": 0.943
      },
      "geometry": {
        "type": "Polygon",
        "coordinates": [
          [
            [
              -58.57379948059821,
              -37.63966735857708
            ],
            [
              -58.571127350221126,
              -37.637276387308006
            ],
            [
              -58.57034797886115,
              -37.637364941799454
            ],
            [
              -58.567007815889795,
              -37.63957880408563
            ],
            [
              -58.56556041193554,
              -37.63825048671392
            ],
            [
              -58.565003718106986,
              -37.63825048671392
            ],
            [
              -58.56433568551272,
              -37.638781813662604
            ],
            [
              -58.56366765291845,
              -37.64073001247444
            ],
            [
              -58.56377899168416,
              -37.64250110230338
            ],
            [
              -58.565003718106986,
              -37.64347520170929
            ],
            [
              -58.566005766998394,
              -37.6432980927264
            ],
            [
              -58.56622844452981,
              -37.64374086518364
            ],
            [
              -58.566673799592664,
              -37.64391797416653
            ],
            [
              -58.56711915465551,
              -37.64356375620074
            ],
            [
              -58.568121203546916,
              -37.643386647217845
            ],
            [
              -58.57034797886115,
              -37.64170411188036
            ],
            [
              -58.571461366518264,
              -37.641349893914565
            ],
            [
              -58.57379948059821,
              -37.63966735857708
            ]
          ]
        ]
      }
    },
    {
      "type": "Feature",
      "properties": {
        "id": 97,
        "localidad": "Tandil",
        "cultivo": "Soja",
        "area_ha": 62.31,
        "error_pct": 1.6,
        "sam_score": 0.989
      },
      "geometry": {
        "type": "Polygon",
        "coordinates": [
          [
            [
              -58.537235956855824,
              -37.59641626513111
            ],
            [
              -58.5352329640055,
              -37.59641626513111
            ],
            [
              -58.53356380329689,
              -37.596858167701434
            ],
            [
              -58.532117197349436,
              -37.597830353356144
            ],
            [
              -58.531115700924275,
              -37.59915606106711
            ],
            [
              -58.5310044235437,
              -37.60110043237653
            ],
            [
              -58.531449533065995,
              -37.60216099854531
            ],
            [
              -58.53322997115517,
              -37.603663467284406
            ],
            [
              -58.534787854483206,
              -37.60437051139693
            ],
            [
              -58.53667956995295,
              -37.604458891910994
            ],
            [
              -58.539016394945,
              -37.60375184779848
            ],
            [
              -58.54035172351188,
              -37.602691281629696
            ],
            [
              -58.54046300089246,
              -37.601895857003115
            ],
            [
              -58.5411306651759,
              -37.60065852980621
            ],
            [
              -58.54101938779532,
              -37.59933282209524
            ],
            [
              -58.54035172351188,
              -37.5981838754124
            ],
            [
              -58.53912767232558,
              -37.59712330924363
            ],
            [
              -58.537235956855824,
              -37.59641626513111
            ]
          ]
        ]
      }
    },
    {
      "type": "Feature",
      "properties": {
        "id": 98,
        "localidad": "Tandil",
        "cultivo": "Trigo",
        "area_ha": 64.59,
        "error_pct": 6.3,
        "sam_score": 0.994
      },
      "geometry": {
        "type": "Polygon",
        "coordinates": [
          [
            [
              -58.507899279445084,
              -37.58556795137837
            ],
            [
              -58.50611908060516,
              -37.58618783281857
            ],
            [
              -58.504450144192724,
              -37.58760470468187
            ],
            [
              -58.50389383205525,
              -37.588933022053716
            ],
            [
              -58.50400509448274,
              -37.59070411188284
            ],
            [
              -58.504895193902705,
              -37.59212098374615
            ],
            [
              -58.506230343032655,
              -37.59309508315217
            ],
            [
              -58.50778801701759,
              -37.5936264101009
            ],
            [
              -58.51079210255997,
              -37.5936264101009
            ],
            [
              -58.512906088682385,
              -37.59229809272906
            ],
            [
              -58.51390745052984,
              -37.590969775357216
            ],
            [
              -58.51412997538483,
              -37.588933022053716
            ],
            [
              -58.51390745052984,
              -37.58760470468187
            ],
            [
              -58.512906088682385,
              -37.586719159767306
            ],
            [
              -58.51068084013247,
              -37.58574506036128
            ],
            [
              -58.50956821585752,
              -37.58565650586983
            ],
            [
              -58.50934569100253,
              -37.585833614852746
            ],
            [
              -58.507899279445084,
              -37.58556795137837
            ]
          ]
        ]
      }
    },
    {
      "type": "Feature",
      "properties": {
        "id": 99,
        "localidad": "Tandil",
        "cultivo": "Maiz",
        "area_ha": 65.53,
        "error_pct": 4.0,
        "sam_score": 0.991
      },
      "geometry": {
        "type": "Polygon",
        "coordinates": [
          [
            [
              -58.49312425551961,
              -37.56818783281928
            ],
            [
              -58.491122015968514,
              -37.56818783281928
            ],
            [
              -58.4896759540705,
              -37.56854205078511
            ],
            [
              -58.48778495005002,
              -37.56987036815701
            ],
            [
              -58.487006301335704,
              -37.57137579451183
            ],
            [
              -58.487006301335704,
              -37.573058329849566
            ],
            [
              -58.48745124345817,
              -37.57420953823854
            ],
            [
              -58.4896759540705,
              -37.57589207357628
            ],
            [
              -58.49078830937667,
              -37.576334846033575
            ],
            [
              -58.49312425551961,
              -37.576334846033575
            ],
            [
              -58.49479278847886,
              -37.57589207357628
            ],
            [
              -58.496238850376876,
              -37.5747408651873
            ],
            [
              -58.49701749909119,
              -37.573766765781244
            ],
            [
              -58.49723997015243,
              -37.573058329849566
            ],
            [
              -58.49723997015243,
              -37.57128724002037
            ],
            [
              -58.49646132143811,
              -37.569958922648475
            ],
            [
              -58.494570317417626,
              -37.56854205078511
            ],
            [
              -58.49312425551961,
              -37.56818783281928
            ]
          ]
        ]
      }
    },
    {
      "type": "Feature",
      "properties": {
        "id": 100,
        "localidad": "Tandil",
        "cultivo": "Soja",
        "area_ha": 51.29,
        "error_pct": 2.0,
        "sam_score": 0.991
      },
      "geometry": {
        "type": "Polygon",
        "coordinates": [
          [
            [
              -58.53879050633218,
              -37.56392216934504
            ],
            [
              -58.53701083342356,
              -37.564099278327966
            ],
            [
              -58.53534239007172,
              -37.564896268751106
            ],
            [
              -58.53423009450383,
              -37.56595892264863
            ],
            [
              -58.53378517627667,
              -37.56711013103762
            ],
            [
              -58.53411886494704,
              -37.56896977535829
            ],
            [
              -58.534675012730986,
              -37.56976676578144
            ],
            [
              -58.535676078742085,
              -37.57056375620458
            ],
            [
              -58.537900669877864,
              -37.57127219213626
            ],
            [
              -58.53879050633218,
              -37.57127219213626
            ],
            [
              -58.540792638354375,
              -37.570829419678965
            ],
            [
              -58.542461081706215,
              -37.569412547815595
            ],
            [
              -58.543017229490154,
              -37.56781856696931
            ],
            [
              -58.54290599993337,
              -37.56666735858032
            ],
            [
              -58.54212739303585,
              -37.56533904120841
            ],
            [
              -58.541015097467955,
              -37.56454205078526
            ],
            [
              -58.53879050633218,
              -37.56392216934504
            ]
          ]
        ]
      }
    },
    {
      "type": "Feature",
      "properties": {
        "id": 101,
        "localidad": "Tandil",
        "cultivo": "Trigo",
        "area_ha": 51.25,
        "error_pct": 0.0,
        "sam_score": 1.0
      },
      "geometry": {
        "type": "Polygon",
        "coordinates": [
          [
            [
              -58.54623437763886,
              -37.570239504103995
            ],
            [
              -58.54456579986925,
              -37.57041626513213
            ],
            [
              -58.54311969913558,
              -37.57094654821655
            ],
            [
              -58.542007313955835,
              -37.57183035335724
            ],
            [
              -58.541339882847986,
              -37.572979300040146
            ],
            [
              -58.541339882847986,
              -37.57448176877933
            ],
            [
              -58.54211855247381,
              -37.57598423751851
            ],
            [
              -58.5434534146895,
              -37.57704480368734
            ],
            [
              -58.54534446949506,
              -37.57757508677176
            ],
            [
              -58.54701304726468,
              -37.57748670625769
            ],
            [
              -58.54890410207024,
              -37.576691281631064
            ],
            [
              -58.549794010214036,
              -37.57589585700444
            ],
            [
              -58.55046144132188,
              -37.57439338826526
            ],
            [
              -58.55046144132188,
              -37.57315606106828
            ],
            [
              -58.549460294660115,
              -37.571565211815035
            ],
            [
              -58.54812543244442,
              -37.57068140667434
            ],
            [
              -58.54623437763886,
              -37.570239504103995
            ]
          ]
        ]
      }
    },
    {
      "type": "Feature",
      "properties": {
        "id": 102,
        "localidad": "Tandil",
        "cultivo": "Maiz",
        "area_ha": 39.53,
        "error_pct": 2.9,
        "sam_score": 0.992
      },
      "geometry": {
        "type": "Polygon",
        "coordinates": [
          [
            [
              -58.562399347184986,
              -37.56059302616067
            ],
            [
              -58.56095628686393,
              -37.56059302616067
            ],
            [
              -58.55918021262262,
              -37.56121168975917
            ],
            [
              -58.5580701662218,
              -37.56218387541396
            ],
            [
              -58.5575151430214,
              -37.563421202610954
            ],
            [
              -58.55762614766148,
              -37.56457014929388
            ],
            [
              -58.55840318014205,
              -37.565807476490875
            ],
            [
              -58.55984624046311,
              -37.56677966214566
            ],
            [
              -58.56095628686393,
              -37.56704480368788
            ],
            [
              -58.56262135646515,
              -37.56695642317381
            ],
            [
              -58.563953412146134,
              -37.566426140089376
            ],
            [
              -58.56495245390687,
              -37.56563071546274
            ],
            [
              -58.56561848174736,
              -37.56430500775166
            ],
            [
              -58.56561848174736,
              -37.56386310518131
            ],
            [
              -58.565174463187034,
              -37.56368634415317
            ],
            [
              -58.56539647246719,
              -37.56306768055467
            ],
            [
              -58.56495245390687,
              -37.562007114385814
            ],
            [
              -58.56373140286597,
              -37.561034928731026
            ],
            [
              -58.562399347184986,
              -37.56059302616067
            ]
          ]
        ]
      }
    },
    {
      "type": "Feature",
      "properties": {
        "id": 103,
        "localidad": "Tandil",
        "cultivo": "Soja",
        "area_ha": 39.15,
        "error_pct": 1.9,
        "sam_score": 0.989
      },
      "geometry": {
        "type": "Polygon",
        "coordinates": [
          [
            [
              -58.57045774644281,
              -37.557946548217075
            ],
            [
              -58.568344583439476,
              -37.55776978718893
            ],
            [
              -58.56734361149053,
              -37.558034928731146
            ],
            [
              -58.56578654401439,
              -37.55900711438594
            ],
            [
              -58.56511922938176,
              -37.55997930004073
            ],
            [
              -58.565008010276316,
              -37.561481768779956
            ],
            [
              -58.56556410580351,
              -37.56263071546289
            ],
            [
              -58.56656507775246,
              -37.563514520603604
            ],
            [
              -58.5681221452286,
              -37.56413318420211
            ],
            [
              -58.569790431810176,
              -37.56413318420211
            ],
            [
              -58.570902622864566,
              -37.563779662145826
            ],
            [
              -58.57257090944614,
              -37.562542334948816
            ],
            [
              -58.57290456676246,
              -37.56183529083624
            ],
            [
              -58.573015785867895,
              -37.56050958312516
            ],
            [
              -58.572348471235266,
              -37.55909549490001
            ],
            [
              -58.571569937497195,
              -37.55847683130151
            ],
            [
              -58.57045774644281,
              -37.557946548217075
            ]
          ]
        ]
      }
    },
    {
      "type": "Feature",
      "properties": {
        "id": 104,
        "localidad": "Tandil",
        "cultivo": "Trigo",
        "area_ha": 39.21,
        "error_pct": 0.8,
        "sam_score": 0.987
      },
      "geometry": {
        "type": "Polygon",
        "coordinates": [
          [
            [
              -58.57351014878363,
              -37.55103492873143
            ],
            [
              -58.571290353923004,
              -37.55094654821736
            ],
            [
              -58.56995847700663,
              -37.55138845078773
            ],
            [
              -58.56884857957631,
              -37.55227225592846
            ],
            [
              -58.568293630861156,
              -37.55324444158326
            ],
            [
              -58.56818264111812,
              -37.55430500775214
            ],
            [
              -58.56873758983328,
              -37.55571909597731
            ],
            [
              -58.57006946674966,
              -37.55677966214619
            ],
            [
              -58.571290353923004,
              -37.557221564716556
            ],
            [
              -58.57262223083938,
              -37.55730994523063
            ],
            [
              -58.57439806672788,
              -37.55677966214619
            ],
            [
              -58.5755079641582,
              -37.55589585700546
            ],
            [
              -58.576062912873354,
              -37.55501205186472
            ],
            [
              -58.57617390261638,
              -37.55306768055512
            ],
            [
              -58.57595192313032,
              -37.5524490169566
            ],
            [
              -58.574509056470916,
              -37.5514768313018
            ],
            [
              -58.57351014878363,
              -37.55103492873143
            ]
          ]
        ]
      }
    },
    {
      "type": "Feature",
      "properties": {
        "id": 105,
        "localidad": "Tandil",
        "cultivo": "Maiz",
        "area_ha": 54.05,
        "error_pct": 13.4,
        "sam_score": 0.974
      },
      "geometry": {
        "type": "Polygon",
        "coordinates": [
          [
            [
              -58.58695547011005,
              -37.57106274307582
            ],
            [
              -58.58473504940279,
              -37.57123950410396
            ],
            [
              -58.58329177594307,
              -37.57168140667431
            ],
            [
              -58.581959523518705,
              -37.57274197284314
            ],
            [
              -58.58207054455407,
              -37.572918733871276
            ],
            [
              -58.58129339730653,
              -37.57433282209639
            ],
            [
              -58.581515439377256,
              -37.575216627237076
            ],
            [
              -58.58129339730653,
              -37.57565852980742
            ],
            [
              -58.581515439377256,
              -37.57610043237777
            ],
            [
              -58.58251462869553,
              -37.5771609985466
            ],
            [
              -58.58551219665033,
              -37.579547272426474
            ],
            [
              -58.58606730182714,
              -37.579547272426474
            ],
            [
              -58.58795465942832,
              -37.578221564715435
            ],
            [
              -58.5895089539234,
              -37.576895857004395
            ],
            [
              -58.590064059100214,
              -37.57610043237777
            ],
            [
              -58.589953038064856,
              -37.57477472466673
            ],
            [
              -58.59017508013558,
              -37.573272255927556
            ],
            [
              -58.589953038064856,
              -37.572565211815
            ],
            [
              -58.589286911852675,
              -37.57176978718837
            ],
            [
              -58.58695547011005,
              -37.57106274307582
            ]
          ]
        ]
      }
    },
    {
      "type": "Feature",
      "properties": {
        "id": 106,
        "localidad": "Tandil",
        "cultivo": "Soja",
        "area_ha": 51.85,
        "error_pct": 1.4,
        "sam_score": 1.001
      },
      "geometry": {
        "type": "Polygon",
        "coordinates": [
          [
            [
              -58.57579063414432,
              -37.57632788461782
            ],
            [
              -58.57401067443514,
              -37.57632788461782
            ],
            [
              -58.5724532096896,
              -37.576769787188155
            ],
            [
              -58.57078449746224,
              -37.57809549489919
            ],
            [
              -58.57022826005312,
              -37.57924444158207
            ],
            [
              -58.57022826005312,
              -37.58065852980717
            ],
            [
              -58.57089574494407,
              -37.58198423751819
            ],
            [
              -58.572230714725954,
              -37.58304480368701
            ],
            [
              -58.574121921916955,
              -37.58366346728549
            ],
            [
              -58.57579063414432,
              -37.583575086771425
            ],
            [
              -58.577793088817145,
              -37.58277966214481
            ],
            [
              -58.57868306867174,
              -37.58198423751819
            ],
            [
              -58.579350553562676,
              -37.58074691032124
            ],
            [
              -58.579350553562676,
              -37.579156061068005
            ],
            [
              -58.57879431615356,
              -37.57809549489919
            ],
            [
              -58.57790433629897,
              -37.5772116897585
            ],
            [
              -58.57679186148073,
              -37.57659302616002
            ],
            [
              -58.57579063414432,
              -37.57632788461782
            ]
          ]
        ]
      }
    },
    {
      "type": "Feature",
      "properties": {
        "id": 107,
        "localidad": "Tandil",
        "cultivo": "Trigo",
        "area_ha": 83.46,
        "error_pct": 0.1,
        "sam_score": 0.998
      },
      "geometry": {
        "type": "Polygon",
        "coordinates": [
          [
            [
              -58.64179035731403,
              -37.54962084050626
            ],
            [
              -58.64101189671005,
              -37.54962084050626
            ],
            [
              -58.63812047160953,
              -37.55041626513292
            ],
            [
              -58.636452341743855,
              -37.55183035335809
            ],
            [
              -58.63589629845529,
              -37.552802539012895
            ],
            [
              -58.63556267248216,
              -37.55430500775214
            ],
            [
              -58.63567388113987,
              -37.555453954435094
            ],
            [
              -58.63667475905928,
              -37.557133184202485
            ],
            [
              -58.63856530624038,
              -37.55845889191358
            ],
            [
              -58.6405670620792,
              -37.55907755551209
            ],
            [
              -58.64201277462946,
              -37.55907755551209
            ],
            [
              -58.64445936509912,
              -37.55845889191358
            ],
            [
              -58.645905077649374,
              -37.55748670625877
            ],
            [
              -58.64701716422649,
              -37.55598423751953
            ],
            [
              -58.647128372884204,
              -37.55342120261141
            ],
            [
              -58.646683538253356,
              -37.552183875414386
            ],
            [
              -58.64445936509912,
              -37.55041626513292
            ],
            [
              -58.64179035731403,
              -37.54962084050626
            ]
          ]
        ]
      }
    },
    {
      "type": "Feature",
      "properties": {
        "id": 108,
        "localidad": "Tandil",
        "cultivo": "Maiz",
        "area_ha": 42.24,
        "error_pct": 8.3,
        "sam_score": 0.977
      },
      "geometry": {
        "type": "Polygon",
        "coordinates": [
          [
            [
              -58.59445545126858,
              -37.52759302616199
            ],
            [
              -58.59178726674944,
              -37.52953739747169
            ],
            [
              -58.59178726674944,
              -37.53015606107023
            ],
            [
              -58.59145374368455,
              -37.530686344154695
            ],
            [
              -58.591564918039516,
              -37.53112824672508
            ],
            [
              -58.59245431287923,
              -37.5326307154644
            ],
            [
              -58.59334370771894,
              -37.53333775957702
            ],
            [
              -58.59490014868844,
              -37.53395642317556
            ],
            [
              -58.59623424094801,
              -37.5342215647178
            ],
            [
              -58.59679011272283,
              -37.534575086774105
            ],
            [
              -58.59968064595189,
              -37.53245395443624
            ],
            [
              -58.600236517726714,
              -37.53139338826732
            ],
            [
              -58.599458297241966,
              -37.529449016957614
            ],
            [
              -58.59901359982211,
              -37.52900711438723
            ],
            [
              -58.59912477417707,
              -37.52838845078868
            ],
            [
              -58.598568902402256,
              -37.52785816770422
            ],
            [
              -58.5981242049824,
              -37.528034928732374
            ],
            [
              -58.5977906819175,
              -37.52776978719014
            ],
            [
              -58.59634541530297,
              -37.52768140667606
            ],
            [
              -58.5953448461083,
              -37.52785816770422
            ],
            [
              -58.59445545126858,
              -37.52759302616199
            ]
          ]
        ]
      }
    },
    {
      "type": "Feature",
      "properties": {
        "id": 109,
        "localidad": "Tandil",
        "cultivo": "Soja",
        "area_ha": 82.89,
        "error_pct": 3.2,
        "sam_score": 0.999
      },
      "geometry": {
        "type": "Polygon",
        "coordinates": [
          [
            [
              -58.641844062652744,
              -37.53626731845045
            ],
            [
              -58.63884786217957,
              -37.53670922102083
            ],
            [
              -58.63685039519745,
              -37.53821168976012
            ],
            [
              -58.635740691318496,
              -37.54050958312608
            ],
            [
              -58.63585166170639,
              -37.54227719340759
            ],
            [
              -58.63662845442166,
              -37.543602901118724
            ],
            [
              -58.63829301024009,
              -37.54492860882986
            ],
            [
              -58.640512417998,
              -37.545635652942465
            ],
            [
              -58.6428427961438,
              -37.545547272428394
            ],
            [
              -58.64517317428961,
              -37.54475184780171
            ],
            [
              -58.646726759720146,
              -37.542984237520194
            ],
            [
              -58.647059670883834,
              -37.54201205186536
            ],
            [
              -58.64694870049594,
              -37.54068634415423
            ],
            [
              -58.647059670883834,
              -37.54139338826683
            ],
            [
              -58.64728161165963,
              -37.54157014929499
            ],
            [
              -58.64750355243542,
              -37.54139338826683
            ],
            [
              -58.64750355243542,
              -37.53997930004163
            ],
            [
              -58.64694870049594,
              -37.53989091952755
            ],
            [
              -58.64694870049594,
              -37.53909549490087
            ],
            [
              -58.646060937392775,
              -37.53794654821789
            ],
            [
              -58.644285411186445,
              -37.53688598204898
            ],
            [
              -58.641844062652744,
              -37.53626731845045
            ]
          ]
        ]
      }
    },
    {
      "type": "Feature",
      "properties": {
        "id": 110,
        "localidad": "Tandil",
        "cultivo": "Trigo",
        "area_ha": 78.58,
        "error_pct": 3.4,
        "sam_score": 0.974
      },
      "geometry": {
        "type": "Polygon",
        "coordinates": [
          [
            [
              -58.630736679523395,
              -37.54365650587143
            ],
            [
              -58.62862804416488,
              -37.544896268751934
            ],
            [
              -58.627407255273106,
              -37.54604747714097
            ],
            [
              -58.627185293656424,
              -37.54790712146171
            ],
            [
              -58.627407255273106,
              -37.549146884342214
            ],
            [
              -58.62818412093151,
              -37.55038664722271
            ],
            [
              -58.62984883305665,
              -37.55162641010321
            ],
            [
              -58.63095864114008,
              -37.55198062806907
            ],
            [
              -58.63251237245688,
              -37.55198062806907
            ],
            [
              -58.63273433407357,
              -37.552334846034924
            ],
            [
              -58.634842969432086,
              -37.552423400526386
            ],
            [
              -58.63817239368237,
              -37.54994387476539
            ],
            [
              -58.638838278532425,
              -37.548615557393425
            ],
            [
              -58.63872729772408,
              -37.54631314061536
            ],
            [
              -58.63806141287402,
              -37.54533904120925
            ],
            [
              -58.63628571994054,
              -37.54401072383729
            ],
            [
              -58.635730815898825,
              -37.54445349629461
            ],
            [
              -58.63439904619871,
              -37.543833614854364
            ],
            [
              -58.63417708458203,
              -37.54339084239704
            ],
            [
              -58.63362218054031,
              -37.54365650587143
            ],
            [
              -58.63306727649859,
              -37.54339084239704
            ],
            [
              -58.632179430031854,
              -37.54409927832875
            ],
            [
              -58.630736679523395,
              -37.54365650587143
            ]
          ]
        ]
      }
    },
    {
      "type": "Feature",
      "properties": {
        "id": 111,
        "localidad": "Tandil",
        "cultivo": "Maiz",
        "area_ha": 37.71,
        "error_pct": 5.6,
        "sam_score": 0.961
      },
      "geometry": {
        "type": "Polygon",
        "coordinates": [
          [
            [
              -58.58567721564626,
              -37.560416265132524
            ],
            [
              -58.58434253263652,
              -37.56121168975917
            ],
            [
              -58.58189561378533,
              -37.56315606106874
            ],
            [
              -58.581561943032895,
              -37.56368634415317
            ],
            [
              -58.58222928453776,
              -37.56421662723759
            ],
            [
              -58.5825629552902,
              -37.563951485695384
            ],
            [
              -58.5825629552902,
              -37.56333282209688
            ],
            [
              -58.58278540245849,
              -37.56333282209688
            ],
            [
              -58.58267417887434,
              -37.56457014929388
            ],
            [
              -58.585565992062115,
              -37.56695642317381
            ],
            [
              -58.5857884392304,
              -37.56677966214566
            ],
            [
              -58.58612210998284,
              -37.56713318420195
            ],
            [
              -58.58968126467548,
              -37.56713318420195
            ],
            [
              -58.591015947685214,
              -37.56607261803309
            ],
            [
              -58.591015947685214,
              -37.56483529083609
            ],
            [
              -58.58856902883402,
              -37.562449016956165
            ],
            [
              -58.58567721564626,
              -37.560416265132524
            ]
          ]
        ]
      }
    },
    {
      "type": "Feature",
      "properties": {
        "id": 112,
        "localidad": "Tandil",
        "cultivo": "Soja",
        "area_ha": 35.41,
        "error_pct": 8.7,
        "sam_score": 0.979
      },
      "geometry": {
        "type": "Polygon",
        "coordinates": [
          [
            [
              -58.58012205122826,
              -37.56571915976814
            ],
            [
              -58.579120971777044,
              -37.56616193222545
            ],
            [
              -58.577674968125294,
              -37.56757880408881
            ],
            [
              -58.57756373707516,
              -37.56837579451196
            ],
            [
              -58.57778619917543,
              -37.56979266637532
            ],
            [
              -58.578231123375964,
              -37.57023543883262
            ],
            [
              -58.579120971777044,
              -37.57041254781554
            ],
            [
              -58.58023328227839,
              -37.57112098374722
            ],
            [
              -58.580678206478936,
              -37.571032429255766
            ],
            [
              -58.58112313067947,
              -37.57120953823868
            ],
            [
              -58.581790516980284,
              -37.571740865187444
            ],
            [
              -58.583236520632035,
              -37.571563756204526
            ],
            [
              -58.58457129323365,
              -37.57067821128992
            ],
            [
              -58.5853499105846,
              -37.56943844840948
            ],
            [
              -58.58546114163473,
              -37.56846434900341
            ],
            [
              -58.585016217434195,
              -37.56731314061443
            ],
            [
              -58.58379267588271,
              -37.56616193222545
            ],
            [
              -58.583236520632035,
              -37.56589626875107
            ],
            [
              -58.58212421013069,
              -37.56563060527669
            ],
            [
              -58.58012205122826,
              -37.56571915976814
            ]
          ]
        ]
      }
    },
    {
      "type": "Feature",
      "properties": {
        "id": 113,
        "localidad": "Tandil",
        "cultivo": "Trigo",
        "area_ha": 40.18,
        "error_pct": 7.8,
        "sam_score": 0.995
      },
      "geometry": {
        "type": "Polygon",
        "coordinates": [
          [
            [
              -58.57773317121971,
              -37.54568140667536
            ],
            [
              -58.576068436760615,
              -37.54576978718943
            ],
            [
              -58.57462566689607,
              -37.54630007027387
            ],
            [
              -58.573626826220604,
              -37.54718387541461
            ],
            [
              -58.57307191473424,
              -37.54833282209758
            ],
            [
              -58.57307191473424,
              -37.54957014929462
            ],
            [
              -58.573737808517876,
              -37.55071909597758
            ],
            [
              -58.57484763149061,
              -37.55160290111832
            ],
            [
              -58.57640138365244,
              -37.552133184202766
            ],
            [
              -58.57817710040881,
              -37.55204480368869
            ],
            [
              -58.57950888797609,
              -37.55151452060424
            ],
            [
              -58.58072969324609,
              -37.550453954435355
            ],
            [
              -58.58117362243519,
              -37.549305007752395
            ],
            [
              -58.58095165784064,
              -37.54771415849906
            ],
            [
              -58.580396746354275,
              -37.54691873387239
            ],
            [
              -58.57928692338154,
              -37.54612330924572
            ],
            [
              -58.57773317121971,
              -37.54568140667536
            ]
          ]
        ]
      }
    },
    {
      "type": "Feature",
      "properties": {
        "id": 114,
        "localidad": "Tandil",
        "cultivo": "Maiz",
        "area_ha": 34.06,
        "error_pct": 36.1,
        "sam_score": 0.803
      },
      "geometry": {
        "type": "Polygon",
        "coordinates": [
          [
            [
              -58.58078438428728,
              -37.58013603163096
            ],
            [
              -58.58078438428728,
              -37.58111013103699
            ],
            [
              -58.58189688899094,
              -37.58137579451137
            ],
            [
              -58.58178563852057,
              -37.58252700290032
            ],
            [
              -58.58211938993167,
              -37.582792666374694
            ],
            [
              -58.58156313757984,
              -37.58296977535761
            ],
            [
              -58.581229386168744,
              -37.581552903494284
            ],
            [
              -58.580673133816916,
              -37.58314688434052
            ],
            [
              -58.58100688522801,
              -37.58358965679781
            ],
            [
              -58.58045063287618,
              -37.58438664722093
            ],
            [
              -58.5816743880502,
              -37.58527219213551
            ],
            [
              -58.583120644164964,
              -37.58518363764406
            ],
            [
              -58.583009393694596,
              -37.585537855609886
            ],
            [
              -58.58378814698715,
              -37.58606918255863
            ],
            [
              -58.585123152631546,
              -37.58562641010135
            ],
            [
              -58.587236911568496,
              -37.58580351908426
            ],
            [
              -58.58834941627215,
              -37.58474086518677
            ],
            [
              -58.589350670505446,
              -37.584475201712394
            ],
            [
              -58.589461920975815,
              -37.58332399332344
            ],
            [
              -58.585679404983374,
              -37.58013603163096
            ],
            [
              -58.5823418908724,
              -37.582615557391776
            ],
            [
              -58.5820081394613,
              -37.58208423044303
            ],
            [
              -58.5823418908724,
              -37.58181856696866
            ],
            [
              -58.5823418908724,
              -37.58057880408825
            ],
            [
              -58.5826756422835,
              -37.58057880408825
            ],
            [
              -58.58289814322423,
              -37.58128724001991
            ],
            [
              -58.583120644164964,
              -37.580047477139495
            ],
            [
              -58.5826756422835,
              -37.580047477139495
            ],
            [
              -58.58256439181313,
              -37.580490249596785
            ],
            [
              -58.58211938993167,
              -37.57978181366512
            ],
            [
              -58.58156313757984,
              -37.58013603163096
            ],
            [
              -58.581229386168744,
              -37.579870368156584
            ],
            [
              -58.58078438428728,
              -37.58013603163096
            ]
          ]
        ]
      }
    },
    {
      "type": "Feature",
      "properties": {
        "id": 115,
        "localidad": "Tandil",
        "cultivo": "Soja",
        "area_ha": 38.69,
        "error_pct": 1.7,
        "sam_score": 0.974
      },
      "geometry": {
        "type": "Polygon",
        "coordinates": [
          [
            [
              -58.55528844653451,
              -37.56680771425957
            ],
            [
              -58.55317918847927,
              -37.56680771425957
            ],
            [
              -58.55184702549701,
              -37.567250486716866
            ],
            [
              -58.55084790326032,
              -37.56795892264855
            ],
            [
              -58.550070808187336,
              -37.56928724002045
            ],
            [
              -58.54995979460548,
              -37.57034989391797
            ],
            [
              -58.550403848932895,
              -37.571501102306954
            ],
            [
              -58.55173601191515,
              -37.572652310695936
            ],
            [
              -58.5528461477337,
              -37.573095083153234
            ],
            [
              -58.55428932429782,
              -37.573183637644696
            ],
            [
              -58.55573250086193,
              -37.572829419678854
            ],
            [
              -58.55695365026234,
              -37.572032429255714
            ],
            [
              -58.55761973175346,
              -37.57123543883257
            ],
            [
              -58.55773074533532,
              -37.56902157654607
            ],
            [
              -58.557397704589754,
              -37.56822458612293
            ],
            [
              -58.55584351444379,
              -37.566984823242485
            ],
            [
              -58.55528844653451,
              -37.56680771425957
            ]
          ]
        ]
      }
    },
    {
      "type": "Feature",
      "properties": {
        "id": 116,
        "localidad": "Tandil",
        "cultivo": "Trigo",
        "area_ha": 39.91,
        "error_pct": 5.6,
        "sam_score": 0.975
      },
      "geometry": {
        "type": "Polygon",
        "coordinates": [
          [
            [
              -58.553342104857336,
              -37.57325048671663
            ],
            [
              -58.55311962184608,
              -37.57342759569955
            ],
            [
              -58.553342104857336,
              -37.573781813665384
            ],
            [
              -58.55234093130669,
              -37.57493302205435
            ],
            [
              -58.55234093130669,
              -37.57714688434083
            ],
            [
              -58.554120795396734,
              -37.57882941967855
            ],
            [
              -58.556345625509294,
              -37.57927219213584
            ],
            [
              -58.556234384003666,
              -37.57953785561022
            ],
            [
              -58.55656810852055,
              -37.57971496459314
            ],
            [
              -58.55679059153181,
              -37.5793607466273
            ],
            [
              -58.55745804056558,
              -37.57927219213584
            ],
            [
              -58.55868169712749,
              -37.57865231069563
            ],
            [
              -58.559794112183766,
              -37.577766765781035
            ],
            [
              -58.56023907820628,
              -37.57688122086645
            ],
            [
              -58.56023907820628,
              -37.57555290349456
            ],
            [
              -58.56001659519502,
              -37.57484446756289
            ],
            [
              -58.55890418013875,
              -37.57360470468247
            ],
            [
              -58.55745804056558,
              -37.57298482324225
            ],
            [
              -58.55590065948679,
              -37.572896268750796
            ],
            [
              -58.55456576141925,
              -37.57325048671663
            ],
            [
              -58.553342104857336,
              -37.57325048671663
            ]
          ]
        ]
      }
    },
    {
      "type": "Feature",
      "properties": {
        "id": 117,
        "localidad": "Tandil",
        "cultivo": "Maiz",
        "area_ha": 50.58,
        "error_pct": 6.9,
        "sam_score": 0.986
      },
      "geometry": {
        "type": "Polygon",
        "coordinates": [
          [
            [
              -58.53390182089179,
              -37.57101072383624
            ],
            [
              -58.532121980703565,
              -37.5710992783277
            ],
            [
              -58.530898340574154,
              -37.571630605276454
            ],
            [
              -58.529229740397696,
              -37.5730474771398
            ],
            [
              -58.528784780350634,
              -37.57402157654585
            ],
            [
              -58.5288960203624,
              -37.57552700290066
            ],
            [
              -58.52978594045651,
              -37.576943874764005
            ],
            [
              -58.53056462053886,
              -37.57756375620422
            ],
            [
              -58.532121980703565,
              -37.57827219213589
            ],
            [
              -58.534235540927085,
              -37.57827219213589
            ],
            [
              -58.535125461021195,
              -37.57800652866152
            ],
            [
              -58.53623786113884,
              -37.57703242925547
            ],
            [
              -58.537016541221185,
              -37.57676676578109
            ],
            [
              -58.53757274128001,
              -37.57632399332379
            ],
            [
              -58.5379064613153,
              -37.57561555739212
            ],
            [
              -58.5379064613153,
              -37.57402157654585
            ],
            [
              -58.53735026125648,
              -37.57269325917397
            ],
            [
              -58.53590414110354,
              -37.571630605276454
            ],
            [
              -58.53390182089179,
              -37.57101072383624
            ]
          ]
        ]
      }
    },
    {
      "type": "Feature",
      "properties": {
        "id": 118,
        "localidad": "Tandil",
        "cultivo": "Soja",
        "area_ha": 52.61,
        "error_pct": 2.0,
        "sam_score": 0.994
      },
      "geometry": {
        "type": "Polygon",
        "coordinates": [
          [
            [
              -58.527568054880014,
              -37.56563060527669
            ],
            [
              -58.52612205122826,
              -37.56563060527669
            ],
            [
              -58.525009740726915,
              -37.56589626875107
            ],
            [
              -58.52311881287462,
              -37.567224586122975
            ],
            [
              -58.522340195523675,
              -37.56846434900342
            ],
            [
              -58.52222896447354,
              -37.56952700290094
            ],
            [
              -58.52311881287462,
              -37.57147520171307
            ],
            [
              -58.524119892325835,
              -37.57227219213621
            ],
            [
              -58.52612205122826,
              -37.572980628067896
            ],
            [
              -58.52745682382988,
              -37.572980628067896
            ],
            [
              -58.52890282748163,
              -37.57262641010205
            ],
            [
              -58.53123867953447,
              -37.57094387476431
            ],
            [
              -58.531683603735004,
              -37.56952700290094
            ],
            [
              -58.531461141634736,
              -37.568021576546116
            ],
            [
              -58.530571293233656,
              -37.56678181366567
            ],
            [
              -58.52890282748163,
              -37.56589626875107
            ],
            [
              -58.527568054880014,
              -37.56563060527669
            ]
          ]
        ]
      }
    },
    {
      "type": "Feature",
      "properties": {
        "id": 119,
        "localidad": "Tandil",
        "cultivo": "Trigo",
        "area_ha": 60.99,
        "error_pct": 7.8,
        "sam_score": 0.972
      },
      "geometry": {
        "type": "Polygon",
        "coordinates": [
          [
            [
              -58.51784413449682,
              -37.59145349629274
            ],
            [
              -58.5149568119323,
              -37.59145349629274
            ],
            [
              -58.509182166803264,
              -37.59543844840824
            ],
            [
              -58.513068947178574,
              -37.59924629154082
            ],
            [
              -58.51417945585724,
              -37.599777618489554
            ],
            [
              -58.51395735412151,
              -37.59995472747247
            ],
            [
              -58.51440155759297,
              -37.60030894543829
            ],
            [
              -58.5159562697431,
              -37.59951195501519
            ],
            [
              -58.52050935532561,
              -37.596235438831336
            ],
            [
              -58.520953558797075,
              -37.59543844840824
            ],
            [
              -58.520953558797075,
              -37.594552903493685
            ],
            [
              -58.52039830445774,
              -37.59366735857913
            ],
            [
              -58.518288337968286,
              -37.59207337773293
            ],
            [
              -58.51839938883615,
              -37.59189626875002
            ],
            [
              -58.51784413449682,
              -37.59145349629274
            ]
          ]
        ]
      }
    },
    {
      "type": "Feature",
      "properties": {
        "id": 120,
        "localidad": "Balcarce",
        "cultivo": "Maiz",
        "area_ha": 61.86,
        "error_pct": 8.7,
        "sam_score": 0.959
      },
      "geometry": {
        "type": "Polygon",
        "coordinates": [
          [
            [
              -58.577178480346134,
              -37.631797601531275
            ],
            [
              -58.57562291070825,
              -37.631797601531275
            ],
            [
              -58.574289565304355,
              -37.63206274307345
            ],
            [
              -58.572956219900455,
              -37.63268140667186
            ],
            [
              -58.57195621084753,
              -37.63356521181244
            ],
            [
              -58.57128953814558,
              -37.63515606106548
            ],
            [
              -58.57128953814558,
              -37.636658529804464
            ],
            [
              -58.57195621084753,
              -37.6376307154591
            ],
            [
              -58.5724006593155,
              -37.637895857001276
            ],
            [
              -58.57273399566647,
              -37.63727719340287
            ],
            [
              -58.574289565304355,
              -37.63895642316997
            ],
            [
              -58.57484512588931,
              -37.63895642316997
            ],
            [
              -58.5762895834102,
              -37.64001698933867
            ],
            [
              -58.57784515304808,
              -37.639840228310554
            ],
            [
              -58.57973405903694,
              -37.63913318419809
            ],
            [
              -58.58084518020685,
              -37.63807261802939
            ],
            [
              -58.5815118529088,
              -37.63657014929041
            ],
            [
              -58.5815118529088,
              -37.63489091952331
            ],
            [
              -58.58095629232384,
              -37.63383035335461
            ],
            [
              -58.578956274217994,
              -37.63232788461562
            ],
            [
              -58.577178480346134,
              -37.631797601531275
            ]
          ]
        ]
      }
    },
    {
      "type": "Feature",
      "properties": {
        "id": 121,
        "localidad": "Balcarce",
        "cultivo": "Soja",
        "area_ha": 52.09,
        "error_pct": 9.0,
        "sam_score": 0.943
      },
      "geometry": {
        "type": "Polygon",
        "coordinates": [
          [
            [
              -58.56424255820531,
              -37.633681406671805
            ],
            [
              -58.56357456157674,
              -37.63341626512963
            ],
            [
              -58.560457243976806,
              -37.633327884615575
            ],
            [
              -58.55756259191972,
              -37.63518387541079
            ],
            [
              -58.55477927263406,
              -37.63739338826223
            ],
            [
              -58.55500193817691,
              -37.6381004323747
            ],
            [
              -58.555447269262615,
              -37.63845395443093
            ],
            [
              -58.55511327094833,
              -37.63880747648716
            ],
            [
              -58.555669934805465,
              -37.639691281627734
            ],
            [
              -58.55689459529116,
              -37.64030994522614
            ],
            [
              -58.55733992637686,
              -37.640221564712085
            ],
            [
              -58.55823058854828,
              -37.64075184779643
            ],
            [
              -58.55912125071969,
              -37.64084022831049
            ],
            [
              -58.561125240605364,
              -37.64030994522614
            ],
            [
              -58.56301789771961,
              -37.63907261802933
            ],
            [
              -58.564910554833865,
              -37.63748176877629
            ],
            [
              -58.564910554833865,
              -37.63456521181239
            ],
            [
              -58.56446522374816,
              -37.634300070270214
            ],
            [
              -58.56424255820531,
              -37.633681406671805
            ]
          ]
        ]
      }
    },
    {
      "type": "Feature",
      "properties": {
        "id": 122,
        "localidad": "Balcarce",
        "cultivo": "Trigo",
        "area_ha": 61.82,
        "error_pct": 4.1,
        "sam_score": 0.988
      },
      "geometry": {
        "type": "Polygon",
        "coordinates": [
          [
            [
              -58.51056848452597,
              -37.62127638730864
            ],
            [
              -58.509789280956085,
              -37.621364941800095
            ],
            [
              -58.508898762590505,
              -37.62180771425734
            ],
            [
              -58.50511405953677,
              -37.62455290349229
            ],
            [
              -58.50511405953677,
              -37.62623543882984
            ],
            [
              -58.50600457790236,
              -37.627740865184485
            ],
            [
              -58.50756298504213,
              -37.62889207357333
            ],
            [
              -58.50967796616039,
              -37.629511955013484
            ],
            [
              -58.51168163248295,
              -37.629423400522036
            ],
            [
              -58.51357398400982,
              -37.62862641009898
            ],
            [
              -58.514687131966795,
              -37.62756375620159
            ],
            [
              -58.51546633553668,
              -37.62579266637259
            ],
            [
              -58.515132391149585,
              -37.62402157654359
            ],
            [
              -58.5141305579883,
              -37.62269325917184
            ],
            [
              -58.512126891665744,
              -37.62154205078299
            ],
            [
              -58.51056848452597,
              -37.62127638730864
            ]
          ]
        ]
      }
    },
    {
      "type": "Feature",
      "properties": {
        "id": 123,
        "localidad": "Balcarce",
        "cultivo": "Maiz",
        "area_ha": 63.97,
        "error_pct": 3.2,
        "sam_score": 0.994
      },
      "geometry": {
        "type": "Polygon",
        "coordinates": [
          [
            [
              -58.50468181378467,
              -37.62874506035964
            ],
            [
              -58.50256660499642,
              -37.62865650586819
            ],
            [
              -58.50089670332148,
              -37.629099278325434
            ],
            [
              -58.49933812842487,
              -37.630073377731364
            ],
            [
              -58.49822486064157,
              -37.631844467560335
            ],
            [
              -58.49811353386325,
              -37.63299567594916
            ],
            [
              -58.498558840976564,
              -37.63441254781234
            ],
            [
              -58.50011741587317,
              -37.635917974166965
            ],
            [
              -58.50156466399145,
              -37.63671496459
            ],
            [
              -58.503679872779706,
              -37.63680351908145
            ],
            [
              -58.50568375478964,
              -37.636360746624206
            ],
            [
              -58.507576310021236,
              -37.635032429252476
            ],
            [
              -58.50835559746954,
              -37.633615557389305
            ],
            [
              -58.50846692424787,
              -37.63219868552613
            ],
            [
              -58.50779896357789,
              -37.63069325917151
            ],
            [
              -58.50679702257293,
              -37.62971915976557
            ],
            [
              -58.50468181378467,
              -37.62874506035964
            ]
          ]
        ]
      }
    },
    {
      "type": "Feature",
      "properties": {
        "id": 124,
        "localidad": "Balcarce",
        "cultivo": "Soja",
        "area_ha": 65.51,
        "error_pct": 0.9,
        "sam_score": 0.991
      },
      "geometry": {
        "type": "Polygon",
        "coordinates": [
          [
            [
              -58.541681473902884,
              -37.613479396885865
            ],
            [
              -58.539232778977485,
              -37.61339084239441
            ],
            [
              -58.53789712719999,
              -37.613745060360216
            ],
            [
              -58.53611625816334,
              -37.614896268749085
            ],
            [
              -58.53522582364501,
              -37.616401695103754
            ],
            [
              -58.53522582364501,
              -37.61879266637293
            ],
            [
              -58.53578234521896,
              -37.6199438747618
            ],
            [
              -58.53789712719999,
              -37.62118363764212
            ],
            [
              -58.5390101703479,
              -37.62153785560792
            ],
            [
              -58.54134756095851,
              -37.62153785560792
            ],
            [
              -58.542794517050794,
              -37.621095083150664
            ],
            [
              -58.54446408177266,
              -37.61985532027035
            ],
            [
              -58.5452432119762,
              -37.61861555739003
            ],
            [
              -58.54546582060578,
              -37.617198685526816
            ],
            [
              -58.54479799471704,
              -37.61533904120634
            ],
            [
              -58.54335103862475,
              -37.61409927832602
            ],
            [
              -58.541681473902884,
              -37.613479396885865
            ]
          ]
        ]
      }
    },
    {
      "type": "Feature",
      "properties": {
        "id": 125,
        "localidad": "Balcarce",
        "cultivo": "Trigo",
        "area_ha": 63.77,
        "error_pct": 8.1,
        "sam_score": 0.982
      },
      "geometry": {
        "type": "Polygon",
        "coordinates": [
          [
            [
              -58.53351230904798,
              -37.60609927832634
            ],
            [
              -58.53184621012322,
              -37.60680771425796
            ],
            [
              -58.530957624030016,
              -37.60760470468103
            ],
            [
              -58.53040225772176,
              -37.60902157654428
            ],
            [
              -58.53040225772176,
              -37.611323993322046
            ],
            [
              -58.530957624030016,
              -37.61212098374512
            ],
            [
              -58.53229050316982,
              -37.61318363764255
            ],
            [
              -58.532512649693125,
              -37.6130950831511
            ],
            [
              -58.53473411492613,
              -37.613980628065626
            ],
            [
              -58.536844506897495,
              -37.61389207357417
            ],
            [
              -58.53873275234555,
              -37.61318363764255
            ],
            [
              -58.53995455822371,
              -37.612298092728025
            ],
            [
              -58.54062099779361,
              -37.61008423044171
            ],
            [
              -58.54017670474701,
              -37.60831314061265
            ],
            [
              -58.53917704539216,
              -37.60725048671522
            ],
            [
              -58.537066653420794,
              -37.60609927832634
            ],
            [
              -58.53351230904798,
              -37.60609927832634
            ]
          ]
        ]
      }
    },
    {
      "type": "Feature",
      "properties": {
        "id": 126,
        "localidad": "Balcarce",
        "cultivo": "Maiz",
        "area_ha": 79.96,
        "error_pct": 9.2,
        "sam_score": 0.969
      },
      "geometry": {
        "type": "Polygon",
        "coordinates": [
          [
            [
              -58.57373326481487,
              -37.6752137334092
            ],
            [
              -58.57162088307457,
              -37.67592216934072
            ],
            [
              -58.56939732334794,
              -37.677516150186634
            ],
            [
              -58.568730255429955,
              -37.67902157654111
            ],
            [
              -58.56884143341629,
              -37.68052700289558
            ],
            [
              -58.56939732334794,
              -37.68132399331854
            ],
            [
              -58.57084263717025,
              -37.681943874758616
            ],
            [
              -58.57150970508824,
              -37.68318363763877
            ],
            [
              -58.572843840924214,
              -37.68442340051893
            ],
            [
              -58.57428915474652,
              -37.68477761848469
            ],
            [
              -58.574511510719184,
              -37.685131836450445
            ],
            [
              -58.57462268870552,
              -37.684600509501806
            ],
            [
              -58.576290358500486,
              -37.68442340051893
            ],
            [
              -58.57640153648682,
              -37.68477761848469
            ],
            [
              -58.57584564655516,
              -37.685043281959004
            ],
            [
              -58.57640153648682,
              -37.685220390941886
            ],
            [
              -58.576735070445814,
              -37.68495472746756
            ],
            [
              -58.57651271447315,
              -37.68477761848469
            ],
            [
              -58.5795145201041,
              -37.68265231069014
            ],
            [
              -58.580403943994746,
              -37.68141254780998
            ],
            [
              -58.58029276600842,
              -37.680261339421264
            ],
            [
              -58.57995923204942,
              -37.67999567594694
            ],
            [
              -58.58029276600842,
              -37.679730012472625
            ],
            [
              -58.579625698090425,
              -37.67902157654111
            ],
            [
              -58.58007041003575,
              -37.67857880408391
            ],
            [
              -58.57840274024078,
              -37.67733904120375
            ],
            [
              -58.57851391822712,
              -37.67671915976368
            ],
            [
              -58.5774021383638,
              -37.67574506035784
            ],
            [
              -58.5756232905825,
              -37.6752137334092
            ],
            [
              -58.57373326481487,
              -37.6752137334092
            ]
          ]
        ]
      }
    },
    {
      "type": "Feature",
      "properties": {
        "id": 127,
        "localidad": "Balcarce",
        "cultivo": "Soja",
        "area_ha": 92.86,
        "error_pct": 13.7,
        "sam_score": 0.979
      },
      "geometry": {
        "type": "Polygon",
        "coordinates": [
          [
            [
              -58.57973170886103,
              -37.683090557416875
            ],
            [
              -58.57717433936672,
              -37.68494654821189
            ],
            [
              -58.57639600952063,
              -37.68653739746476
            ],
            [
              -58.576284819542614,
              -37.68857014928788
            ],
            [
              -58.576840769432685,
              -37.69016099854075
            ],
            [
              -58.578508619102884,
              -37.69157508676552
            ],
            [
              -58.58017646877308,
              -37.69237051139195
            ],
            [
              -58.58162193848726,
              -37.692724033448144
            ],
            [
              -58.584735257871635,
              -37.6926356529341
            ],
            [
              -58.58829333716806,
              -37.6900726180267
            ],
            [
              -58.58896047703614,
              -37.688481768773826
            ],
            [
              -58.58873809708012,
              -37.687509583119294
            ],
            [
              -58.58896047703614,
              -37.6873328220912
            ],
            [
              -58.588404527146075,
              -37.68706768054905
            ],
            [
              -58.58829333716806,
              -37.68627225592262
            ],
            [
              -58.58751500732197,
              -37.68600711438047
            ],
            [
              -58.587403817343954,
              -37.68450464564165
            ],
            [
              -58.587181437387926,
              -37.68432788461355
            ],
            [
              -58.58662548749786,
              -37.684593026155696
            ],
            [
              -58.58629191756382,
              -37.683797601529264
            ],
            [
              -58.58584715765177,
              -37.68397436255736
            ],
            [
              -58.58495763782766,
              -37.68362084050117
            ],
            [
              -58.584179307981564,
              -37.683797601529264
            ],
            [
              -58.582511458311366,
              -37.68300217690283
            ],
            [
              -58.57973170886103,
              -37.683090557416875
            ]
          ]
        ]
      }
    },
    {
      "type": "Feature",
      "properties": {
        "id": 128,
        "localidad": "Balcarce",
        "cultivo": "Trigo",
        "area_ha": 75.72,
        "error_pct": 8.6,
        "sam_score": 0.991
      },
      "geometry": {
        "type": "Polygon",
        "coordinates": [
          [
            [
              -58.5921786152853,
              -37.68982541587449
            ],
            [
              -58.58984340531794,
              -37.690178937930675
            ],
            [
              -58.5881753981984,
              -37.69097436255709
            ],
            [
              -58.5866185915535,
              -37.692211689753755
            ],
            [
              -58.585840188231046,
              -37.69406768054874
            ],
            [
              -58.585840188231046,
              -37.69521662723135
            ],
            [
              -58.58617378965496,
              -37.69592367134373
            ],
            [
              -58.58895380152086,
              -37.69848670625109
            ],
            [
              -58.58984340531794,
              -37.69875184779323
            ],
            [
              -58.59228981575993,
              -37.69875184779323
            ],
            [
              -58.59406902335411,
              -37.698309945222995
            ],
            [
              -58.596070631897554,
              -37.69698423751229
            ],
            [
              -58.596960235694645,
              -37.69539338825945
            ],
            [
              -58.597182636643915,
              -37.69336063643637
            ],
            [
              -58.595848230948285,
              -37.69141626512733
            ],
            [
              -58.59462502572729,
              -37.69053245998686
            ],
            [
              -58.5921786152853,
              -37.68982541587449
            ]
          ]
        ]
      }
    },
    {
      "type": "Feature",
      "properties": {
        "id": 129,
        "localidad": "Balcarce",
        "cultivo": "Maiz",
        "area_ha": 54.5,
        "error_pct": 1.0,
        "sam_score": 0.989
      },
      "geometry": {
        "type": "Polygon",
        "coordinates": [
          [
            [
              -58.601126046181115,
              -37.686151123585375
            ],
            [
              -58.59956627409014,
              -37.686151123585375
            ],
            [
              -58.5983407388758,
              -37.68659302615562
            ],
            [
              -58.59600108073933,
              -37.68818387540848
            ],
            [
              -58.59566684386269,
              -37.68915606106301
            ],
            [
              -58.59566684386269,
              -37.69057014928777
            ],
            [
              -58.59700379136924,
              -37.692691281624924
            ],
            [
              -58.59744944053809,
              -37.69304480368112
            ],
            [
              -58.59956627409014,
              -37.69366346727945
            ],
            [
              -58.60179451993439,
              -37.693486706251356
            ],
            [
              -58.603020055148725,
              -37.69304480368112
            ],
            [
              -58.6044684149475,
              -37.69180747648445
            ],
            [
              -58.60513688870077,
              -37.69030500774563
            ],
            [
              -58.60502547640856,
              -37.68897930003491
            ],
            [
              -58.604357002655284,
              -37.687565211810146
            ],
            [
              -58.603020055148725,
              -37.68668140666966
            ],
            [
              -58.601126046181115,
              -37.686151123585375
            ]
          ]
        ]
      }
    },
    {
      "type": "Feature",
      "properties": {
        "id": 130,
        "localidad": "Balcarce",
        "cultivo": "Soja",
        "area_ha": 50.9,
        "error_pct": 0.5,
        "sam_score": 0.99
      },
      "geometry": {
        "type": "Polygon",
        "coordinates": [
          [
            [
              -58.60890314831884,
              -37.68071915976351
            ],
            [
              -58.60734350240763,
              -37.68071915976351
            ],
            [
              -58.60578385649642,
              -37.68107337772927
            ],
            [
              -58.60411280730584,
              -37.68231314060941
            ],
            [
              -58.60366719418835,
              -37.68302157654092
            ],
            [
              -58.60344438762961,
              -37.68470411187826
            ],
            [
              -58.60422421058521,
              -37.6863866472156
            ],
            [
              -58.60533824337893,
              -37.68727219212999
            ],
            [
              -58.607009292569515,
              -37.68789207357006
            ],
            [
              -58.609682971274445,
              -37.68789207357006
            ],
            [
              -58.611799633582514,
              -37.68647520170704
            ],
            [
              -58.612245246700006,
              -37.68594387475841
            ],
            [
              -58.61257945653812,
              -37.68496977535258
            ],
            [
              -58.612468053258745,
              -37.68337579450668
            ],
            [
              -58.61191103686188,
              -37.68240169510085
            ],
            [
              -58.61068560078879,
              -37.681339041203586
            ],
            [
              -58.60890314831884,
              -37.68071915976351
            ]
          ]
        ]
      }
    },
    {
      "type": "Feature",
      "properties": {
        "id": 131,
        "localidad": "Balcarce",
        "cultivo": "Trigo",
        "area_ha": 53.56,
        "error_pct": 9.0,
        "sam_score": 0.951
      },
      "geometry": {
        "type": "Polygon",
        "coordinates": [
          [
            [
              -58.60334356410668,
              -37.67336494179803
            ],
            [
              -58.60156127982223,
              -37.67442759569531
            ],
            [
              -58.599222031698886,
              -37.676287240015554
            ],
            [
              -58.59977899553778,
              -37.67646434899844
            ],
            [
              -58.59989038830556,
              -37.678855320267324
            ],
            [
              -58.60156127982223,
              -37.67982941967317
            ],
            [
              -58.60189545812556,
              -37.68027219213037
            ],
            [
              -58.60245242196446,
              -37.68027219213037
            ],
            [
              -58.60289799303557,
              -37.68062641009613
            ],
            [
              -58.6032321713389,
              -37.68036074662181
            ],
            [
              -58.603677742410014,
              -37.680803519079014
            ],
            [
              -58.604568884552236,
              -37.68089207357045
            ],
            [
              -58.60401192071335,
              -37.68133484602765
            ],
            [
              -58.60445749178446,
              -37.681511955010535
            ],
            [
              -58.60612838330113,
              -37.68071496458757
            ],
            [
              -58.60746509651447,
              -37.679475201707405
            ],
            [
              -58.60824484588891,
              -37.67912098374165
            ],
            [
              -58.608579024192245,
              -37.678412547810126
            ],
            [
              -58.60846763142447,
              -37.67734989391284
            ],
            [
              -58.608579024192245,
              -37.67655290348988
            ],
            [
              -58.608913202495586,
              -37.67619868552412
            ],
            [
              -58.609024595263364,
              -37.674604704678195
            ],
            [
              -58.608579024192245,
              -37.67416193222099
            ],
            [
              -58.607576489282245,
              -37.673896268746674
            ],
            [
              -58.60546002669446,
              -37.67371915976379
            ],
            [
              -58.604568884552236,
              -37.67336494179803
            ],
            [
              -58.60334356410668,
              -37.67336494179803
            ]
          ]
        ]
      }
    },
    {
      "type": "Feature",
      "properties": {
        "id": 132,
        "localidad": "Balcarce",
        "cultivo": "Maiz",
        "area_ha": 39.87,
        "error_pct": 0.9,
        "sam_score": 0.983
      },
      "geometry": {
        "type": "Polygon",
        "coordinates": [
          [
            [
              -58.56512907304588,
              -37.697896268745694
            ],
            [
              -58.56423764246416,
              -37.697630605271385
            ],
            [
              -58.5624547813007,
              -37.697630605271385
            ],
            [
              -58.560560491314526,
              -37.69833904120287
            ],
            [
              -58.559669060732794,
              -37.699224586117225
            ],
            [
              -58.559223345441936,
              -37.70019868552302
            ],
            [
              -58.559223345441936,
              -37.70152700289456
            ],
            [
              -58.559780489555514,
              -37.70258965679179
            ],
            [
              -58.561117635428104,
              -37.703917974163325
            ],
            [
              -58.56412621364144,
              -37.704183637637634
            ],
            [
              -58.56546335951403,
              -37.70347520170615
            ],
            [
              -58.56657764774119,
              -37.70250110230035
            ],
            [
              -58.56713479185477,
              -37.70099567594595
            ],
            [
              -58.56702336303206,
              -37.700110131031586
            ],
            [
              -58.566243361273045,
              -37.698693259168614
            ],
            [
              -58.56512907304588,
              -37.697896268745694
            ]
          ]
        ]
      }
    },
    {
      "type": "Feature",
      "properties": {
        "id": 133,
        "localidad": "Balcarce",
        "cultivo": "Soja",
        "area_ha": 51.5,
        "error_pct": 3.2,
        "sam_score": 0.997
      },
      "geometry": {
        "type": "Polygon",
        "coordinates": [
          [
            [
              -58.42845747318183,
              -37.67013595769898
            ],
            [
              -58.426229707903325,
              -37.670402145164374
            ],
            [
              -58.42500443700015,
              -37.6710232492503
            ],
            [
              -58.424113330888744,
              -37.67182181164649
            ],
            [
              -58.42344500130519,
              -37.673418936438864
            ],
            [
              -58.42366777783304,
              -37.67501606123124
            ],
            [
              -58.42444749568052,
              -37.676080811092824
            ],
            [
              -58.425895543111544,
              -37.67705683179928
            ],
            [
              -58.4274549788065,
              -37.67750047757494
            ],
            [
              -58.42968274408501,
              -37.67723429010954
            ],
            [
              -58.430685238460335,
              -37.67687937348901
            ],
            [
              -58.43191050936351,
              -37.67590335278256
            ],
            [
              -58.43235606241922,
              -37.67528224869663
            ],
            [
              -58.43269022721099,
              -37.67404004052479
            ],
            [
              -58.43246745068314,
              -37.67262037404267
            ],
            [
              -58.43179912109959,
              -37.67164435333623
            ],
            [
              -58.430685238460335,
              -37.670757061784904
            ],
            [
              -58.42845747318183,
              -37.67013595769898
            ]
          ]
        ]
      }
    },
    {
      "type": "Feature",
      "properties": {
        "id": 134,
        "localidad": "Balcarce",
        "cultivo": "Trigo",
        "area_ha": 42.28,
        "error_pct": 0.9,
        "sam_score": 0.939
      },
      "geometry": {
        "type": "Polygon",
        "coordinates": [
          [
            [
              -58.20676791244087,
              -37.698684158707046
            ],
            [
              -58.20620856181595,
              -37.69930649027136
            ],
            [
              -58.20632043194093,
              -37.69966210830812
            ],
            [
              -58.205872951440995,
              -37.70064005790919
            ],
            [
              -58.205872951440995,
              -37.7013512939827
            ],
            [
              -58.20632043194093,
              -37.70170691201945
            ],
            [
              -58.2065441721909,
              -37.70250705260215
            ],
            [
              -58.20788661369071,
              -37.7036628112216
            ],
            [
              -58.2086697045656,
              -37.70410733376754
            ],
            [
              -58.20945279544049,
              -37.70428514278592
            ],
            [
              -58.21034775644036,
              -37.70410733376754
            ],
            [
              -58.21247328881506,
              -37.70428514278592
            ],
            [
              -58.21392760043986,
              -37.70348500220322
            ],
            [
              -58.21448695106478,
              -37.7028626706389
            ],
            [
              -58.214375080939796,
              -37.702151434565394
            ],
            [
              -58.21459882118976,
              -37.70197362554702
            ],
            [
              -58.21370386018989,
              -37.700817866927565
            ],
            [
              -58.21403947056484,
              -37.700373344381624
            ],
            [
              -58.21403947056484,
              -37.699928821835684
            ],
            [
              -58.21169019794017,
              -37.69797292263353
            ],
            [
              -58.21146645769021,
              -37.69806182714272
            ],
            [
              -58.21068336681532,
              -37.69761730459678
            ],
            [
              -58.21001214606541,
              -37.69761730459678
            ],
            [
              -58.20878157469058,
              -37.69832854067029
            ],
            [
              -58.20755100331576,
              -37.69841744517948
            ],
            [
              -58.20676791244087,
              -37.698684158707046
            ]
          ]
        ]
      }
    },
    {
      "type": "Feature",
      "properties": {
        "id": 135,
        "localidad": "Balcarce",
        "cultivo": "Maiz",
        "area_ha": 68.92,
        "error_pct": 0.5,
        "sam_score": 0.971
      },
      "geometry": {
        "type": "Polygon",
        "coordinates": [
          [
            [
              -58.216242969525865,
              -37.711728259504326
            ],
            [
              -58.21422889965796,
              -37.71163935499514
            ],
            [
              -58.21187915147874,
              -37.712261686559444
            ],
            [
              -58.209753188840395,
              -37.7137730632156
            ],
            [
              -58.209753188840395,
              -37.7143953947799
            ],
            [
              -58.21008886715171,
              -37.71466210830746
            ],
            [
              -58.21008886715171,
              -37.716262389472796
            ],
            [
              -58.209641296069954,
              -37.71706253005547
            ],
            [
              -58.21422889965796,
              -37.72124104198719
            ],
            [
              -58.21478836351015,
              -37.72115213747801
            ],
            [
              -58.21702621891894,
              -37.719640760821854
            ],
            [
              -58.220271109261674,
              -37.71706253005547
            ],
            [
              -58.22015921649123,
              -37.71528443987175
            ],
            [
              -58.220383002032115,
              -37.715106630853384
            ],
            [
              -58.21904028878684,
              -37.71359525419723
            ],
            [
              -58.21702621891894,
              -37.711994973031885
            ],
            [
              -58.216242969525865,
              -37.711728259504326
            ]
          ]
        ]
      }
    },
    {
      "type": "Feature",
      "properties": {
        "id": 136,
        "localidad": "Balcarce",
        "cultivo": "Soja",
        "area_ha": 86.95,
        "error_pct": 11.3,
        "sam_score": 0.991
      },
      "geometry": {
        "type": "Polygon",
        "coordinates": [
          [
            [
              -58.21313176610055,
              -37.755661405392466
            ],
            [
              -58.21066862832654,
              -37.755661405392466
            ],
            [
              -58.20820549055253,
              -37.756461545975064
            ],
            [
              -58.20652607843388,
              -37.75779511361272
            ],
            [
              -58.205518431162695,
              -37.75966210830544
            ],
            [
              -58.205518431162695,
              -37.761440198488984
            ],
            [
              -58.20641411762597,
              -37.76330719318171
            ],
            [
              -58.208317451360436,
              -37.76481856983772
            ],
            [
              -58.21055666751863,
              -37.76561871042031
            ],
            [
              -58.21380353094801,
              -37.76544090140196
            ],
            [
              -58.21559490387457,
              -37.76455185631019
            ],
            [
              -58.21559490387457,
              -37.764285142782654
            ],
            [
              -58.21425137417965,
              -37.76330719318171
            ],
            [
              -58.21514706064293,
              -37.76277376612664
            ],
            [
              -58.21559490387457,
              -37.76152910299816
            ],
            [
              -58.21761019841694,
              -37.759039776741204
            ],
            [
              -58.2171623551853,
              -37.757972922631076
            ],
            [
              -58.21537098225875,
              -37.75637264146589
            ],
            [
              -58.21313176610055,
              -37.755661405392466
            ]
          ]
        ]
      }
    },
    {
      "type": "Feature",
      "properties": {
        "id": 137,
        "localidad": "Balcarce",
        "cultivo": "Trigo",
        "area_ha": 92.53,
        "error_pct": 10.0,
        "sam_score": 0.965
      },
      "geometry": {
        "type": "Polygon",
        "coordinates": [
          [
            [
              -58.22095618207459,
              -37.74807120783448
            ],
            [
              -58.218162995605276,
              -37.74833739529983
            ],
            [
              -58.216151901347374,
              -37.74931341600612
            ],
            [
              -58.21492289930087,
              -37.75046689502264
            ],
            [
              -58.21414080708947,
              -37.7523302072801
            ],
            [
              -58.21414080708947,
              -37.75357241545174
            ],
            [
              -58.21525808167719,
              -37.75587937348479
            ],
            [
              -58.21715744847632,
              -37.75729903996667
            ],
            [
              -58.219280270193,
              -37.75800887320761
            ],
            [
              -58.22140309190968,
              -37.757920144052484
            ],
            [
              -58.223525913626354,
              -37.75729903996667
            ],
            [
              -58.22542528042548,
              -37.75579064432967
            ],
            [
              -58.22643082755444,
              -37.753749873761976
            ],
            [
              -58.226319100095665,
              -37.75188656150451
            ],
            [
              -58.22520182550794,
              -37.75002324924706
            ],
            [
              -58.22296727633249,
              -37.74851485361006
            ],
            [
              -58.22095618207459,
              -37.74807120783448
            ]
          ]
        ]
      }
    },
    {
      "type": "Feature",
      "properties": {
        "id": 138,
        "localidad": "Balcarce",
        "cultivo": "Maiz",
        "area_ha": 44.74,
        "error_pct": 8.9,
        "sam_score": 0.99
      },
      "geometry": {
        "type": "Polygon",
        "coordinates": [
          [
            [
              -58.16922843236608,
              -37.75797292263108
            ],
            [
              -58.16698921620789,
              -37.75850634968615
            ],
            [
              -58.16654137297625,
              -37.75930649026874
            ],
            [
              -58.16687725539998,
              -37.75983991732381
            ],
            [
              -58.1671011770158,
              -37.76170691201653
            ],
            [
              -58.167549020247435,
              -37.76197362554406
            ],
            [
              -58.167772941863255,
              -37.76419623827349
            ],
            [
              -58.16855666751862,
              -37.76481856983773
            ],
            [
              -58.17046000125309,
              -37.76517418787444
            ],
            [
              -58.17213941337174,
              -37.76472966532855
            ],
            [
              -58.17437862952993,
              -37.76312938416336
            ],
            [
              -58.174826472761566,
              -37.76224033907159
            ],
            [
              -58.174826472761566,
              -37.76055115339722
            ],
            [
              -58.1740427471062,
              -37.759217585759565
            ],
            [
              -58.17303509983501,
              -37.75841744517697
            ],
            [
              -58.17191549175592,
              -37.75832854066779
            ],
            [
              -58.17068392286891,
              -37.75797292263108
            ],
            [
              -58.16922843236608,
              -37.75797292263108
            ]
          ]
        ]
      }
    },
    {
      "type": "Feature",
      "properties": {
        "id": 141,
        "localidad": "Balcarce",
        "cultivo": "Soja",
        "area_ha": 38.65,
        "error_pct": 5.6,
        "sam_score": 0.96
      },
      "geometry": {
        "type": "Polygon",
        "coordinates": [
          [
            [
              -58.41330258333645,
              -37.75416193221768
            ],
            [
              -58.41252044883972,
              -37.75398482323483
            ],
            [
              -58.40972711135141,
              -37.75407337772626
            ],
            [
              -58.40793937535888,
              -37.75531314060621
            ],
            [
              -58.40749244136075,
              -37.75690712145187
            ],
            [
              -58.40760417486028,
              -37.758058329840395
            ],
            [
              -58.40838630935701,
              -37.759120983737496
            ],
            [
              -58.40961537785187,
              -37.76000652865175
            ],
            [
              -58.4107327128472,
              -37.760272192126024
            ],
            [
              -58.412967382837856,
              -37.760183637634604
            ],
            [
              -58.414978585829445,
              -37.758766765771796
            ],
            [
              -58.41520205282851,
              -37.758058329840395
            ],
            [
              -58.415090319328975,
              -37.757084230434714
            ],
            [
              -58.41520205282851,
              -37.75699567594329
            ],
            [
              -58.41542551982758,
              -37.75717278492614
            ],
            [
              -58.41564898682664,
              -37.75699567594329
            ],
            [
              -58.41564898682664,
              -37.75646434899474
            ],
            [
              -58.41542551982758,
              -37.756287240011886
            ],
            [
              -58.41520205282851,
              -37.75646434899474
            ],
            [
              -58.414978585829445,
              -37.75575591306334
            ],
            [
              -58.41330258333645,
              -37.75416193221768
            ]
          ]
        ]
      }
    },
    {
      "type": "Feature",
      "properties": {
        "id": 142,
        "localidad": "Balcarce",
        "cultivo": "Trigo",
        "area_ha": 39.9,
        "error_pct": 1.3,
        "sam_score": 0.972
      },
      "geometry": {
        "type": "Polygon",
        "coordinates": [
          [
            [
              -58.538008411916,
              -37.74689626874369
            ],
            [
              -58.534440329734196,
              -37.74928724001221
            ],
            [
              -58.53421732459783,
              -37.74981856696077
            ],
            [
              -58.535332350279646,
              -37.75061555738361
            ],
            [
              -58.53555535541601,
              -37.75114688433217
            ],
            [
              -58.538231417052366,
              -37.75353785560069
            ],
            [
              -58.53878892989327,
              -37.75389207356639
            ],
            [
              -58.53912343759782,
              -37.75389207356639
            ],
            [
              -58.54246851464327,
              -37.7515896567893
            ],
            [
              -58.54269151977963,
              -37.75088122085789
            ],
            [
              -58.543137530052356,
              -37.75043844840076
            ],
            [
              -58.543137530052356,
              -37.74981856696077
            ],
            [
              -58.54336053518872,
              -37.74973001246934
            ],
            [
              -58.54358354032508,
              -37.749907121452196
            ],
            [
              -58.54380654546144,
              -37.74946434899506
            ],
            [
              -58.54258001721145,
              -37.748136031623666
            ],
            [
              -58.54124198639327,
              -37.747073377726544
            ],
            [
              -58.538231417052366,
              -37.747073377726544
            ],
            [
              -58.538008411916,
              -37.74689626874369
            ]
          ]
        ]
      }
    },
    {
      "type": "Feature",
      "properties": {
        "id": 143,
        "localidad": "Balcarce",
        "cultivo": "Maiz",
        "area_ha": 44.54,
        "error_pct": 11.9,
        "sam_score": 0.963
      },
      "geometry": {
        "type": "Polygon",
        "coordinates": [
          [
            [
              -58.476461270611374,
              -37.73671915976124
            ],
            [
              -58.473674083022956,
              -37.73671915976124
            ],
            [
              -58.47267069549113,
              -37.737161932218385
            ],
            [
              -58.4704409454204,
              -37.73884446755553
            ],
            [
              -58.47055243292393,
              -37.73973001246981
            ],
            [
              -58.47155582045576,
              -37.741323993315525
            ],
            [
              -58.47133284544869,
              -37.74220953822981
            ],
            [
              -58.472224745476986,
              -37.7430950831441
            ],
            [
              -58.47601532059723,
              -37.743183637635525
            ],
            [
              -58.4771301956326,
              -37.742475201704096
            ],
            [
              -58.4783565581715,
              -37.742032429246954
            ],
            [
              -58.47924845819979,
              -37.741146884332665
            ],
            [
              -58.479805895717476,
              -37.740881220858384
            ],
            [
              -58.47969440821394,
              -37.74034989390981
            ],
            [
              -58.47991738322101,
              -37.73964145797839
            ],
            [
              -58.47857953317857,
              -37.738313140606955
            ],
            [
              -58.476461270611374,
              -37.73671915976124
            ]
          ]
        ]
      }
    },
    {
      "type": "Feature",
      "properties": {
        "id": 144,
        "localidad": "Balcarce",
        "cultivo": "Soja",
        "area_ha": 68.84,
        "error_pct": 8.7,
        "sam_score": 0.939
      },
      "geometry": {
        "type": "Polygon",
        "coordinates": [
          [
            [
              -58.52968927039114,
              -37.780390842388115
            ],
            [
              -58.52901993827143,
              -37.780745060353794
            ],
            [
              -58.52823905079844,
              -37.780833614845214
            ],
            [
              -58.527904384738584,
              -37.780567951370955
            ],
            [
              -58.52745816332545,
              -37.780833614845214
            ],
            [
              -58.526231054439315,
              -37.780833614845214
            ],
            [
              -58.52511550090647,
              -37.78127638730231
            ],
            [
              -58.523999947373625,
              -37.781010723828054
            ],
            [
              -58.523665281313775,
              -37.78127638730231
            ],
            [
              -58.52333061525392,
              -37.780922169336634
            ],
            [
              -58.52210350636779,
              -37.78198482323368
            ],
            [
              -58.52210350636779,
              -37.782693259165036
            ],
            [
              -58.52243817242764,
              -37.782958922639295
            ],
            [
              -58.52210350636779,
              -37.783313140604974
            ],
            [
              -58.52299594919406,
              -37.78481856695912
            ],
            [
              -58.52266128313421,
              -37.78508423043338
            ],
            [
              -58.523665281313775,
              -37.78614688433042
            ],
            [
              -58.52355372596049,
              -37.78641254780468
            ],
            [
              -58.52310750454735,
              -37.78623543882184
            ],
            [
              -58.52266128313421,
              -37.7865011022961
            ],
            [
              -58.52254972778093,
              -37.78712098373604
            ],
            [
              -58.52411150272691,
              -37.7891577370387
            ],
            [
              -58.525673277672894,
              -37.78968906398722
            ],
            [
              -58.525338611613044,
              -37.7900432819529
            ],
            [
              -58.52578483302618,
              -37.79039749991858
            ],
            [
              -58.5263426097926,
              -37.790131836444324
            ],
            [
              -58.52678883120574,
              -37.790308945427164
            ],
            [
              -58.528685272211575,
              -37.78906918254728
            ],
            [
              -58.53080482392399,
              -37.78720953822746
            ],
            [
              -58.531697266750264,
              -37.7851727849248
            ],
            [
              -58.531697266750264,
              -37.78366735857065
            ],
            [
              -58.53136260069041,
              -37.783047477130715
            ],
            [
              -58.53158571139698,
              -37.78180771425083
            ],
            [
              -58.52968927039114,
              -37.780390842388115
            ]
          ]
        ]
      }
    },
    {
      "type": "Feature",
      "properties": {
        "id": 146,
        "localidad": "Balcarce",
        "cultivo": "Trigo",
        "area_ha": 49.89,
        "error_pct": 4.1,
        "sam_score": 0.966
      },
      "geometry": {
        "type": "Polygon",
        "coordinates": [
          [
            [
              -58.238545754721684,
              -37.66402324925059
            ],
            [
              -58.23821029814898,
              -37.66499926995706
            ],
            [
              -58.2377630227187,
              -37.665442915732726
            ],
            [
              -58.23798666043384,
              -37.665797832353256
            ],
            [
              -58.2377630227187,
              -37.665975290663525
            ],
            [
              -58.23787484157627,
              -37.66641893643919
            ],
            [
              -58.237539385003565,
              -37.66668512390459
            ],
            [
              -58.23787484157627,
              -37.66739495714566
            ],
            [
              -58.237651203861134,
              -37.66819351954186
            ],
            [
              -58.23999939987009,
              -37.670323019265055
            ],
            [
              -58.24234759587904,
              -37.670234290109924
            ],
            [
              -58.24234759587904,
              -37.670589206730455
            ],
            [
              -58.242683052451746,
              -37.670855394195854
            ],
            [
              -58.243689422169865,
              -37.670855394195854
            ],
            [
              -58.246373074751524,
              -37.66881462362779
            ],
            [
              -58.24603761817882,
              -37.66845970700726
            ],
            [
              -58.246373074751524,
              -37.66783860292132
            ],
            [
              -58.246373074751524,
              -37.66526545742246
            ],
            [
              -58.24603761817882,
              -37.66464435333653
            ],
            [
              -58.245254886175836,
              -37.66411197840573
            ],
            [
              -58.24335396559716,
              -37.66402324925059
            ],
            [
              -58.24290669016688,
              -37.66375706178519
            ],
            [
              -58.240223037585224,
              -37.66366833263006
            ],
            [
              -58.238545754721684,
              -37.66402324925059
            ]
          ]
        ]
      }
    },
    {
      "type": "Feature",
      "properties": {
        "id": 147,
        "localidad": "Balcarce",
        "cultivo": "Maiz",
        "area_ha": 39.75,
        "error_pct": 2.6,
        "sam_score": 0.947
      },
      "geometry": {
        "type": "Polygon",
        "coordinates": [
          [
            [
              -58.24352707644729,
              -37.65820070756111
            ],
            [
              -58.242857543339376,
              -37.6576683326303
            ],
            [
              -58.242299599082784,
              -37.65793452009571
            ],
            [
              -58.24107212171827,
              -37.6576683326303
            ],
            [
              -58.23906352239452,
              -37.6576683326303
            ],
            [
              -58.236385389962855,
              -37.65802324925084
            ],
            [
              -58.23605062340889,
              -37.658378165871376
            ],
            [
              -58.235827445706256,
              -37.65926545742272
            ],
            [
              -58.23571585685494,
              -37.662637165317825
            ],
            [
              -58.23605062340889,
              -37.66290335278323
            ],
            [
              -58.23672015651681,
              -37.66290335278323
            ],
            [
              -58.23694333421945,
              -37.6630808110935
            ],
            [
              -58.23738968962473,
              -37.66290335278323
            ],
            [
              -58.2383939892866,
              -37.66290335278323
            ],
            [
              -58.23861716698924,
              -37.6630808110935
            ],
            [
              -58.23939828894848,
              -37.6630808110935
            ],
            [
              -58.239733055502434,
              -37.66343572771404
            ],
            [
              -58.240179410907714,
              -37.66316954024863
            ],
            [
              -58.24062576631299,
              -37.6633469985589
            ],
            [
              -58.24107212171827,
              -37.6630808110935
            ],
            [
              -58.24151847712355,
              -37.6633469985589
            ],
            [
              -58.241853243677504,
              -37.6630808110935
            ],
            [
              -58.2424111879341,
              -37.66343572771404
            ],
            [
              -58.24274595448806,
              -37.66272589447296
            ],
            [
              -58.24352707644729,
              -37.66210479038702
            ],
            [
              -58.24375025414994,
              -37.66059639474974
            ],
            [
              -58.24352707644729,
              -37.65820070756111
            ]
          ]
        ]
      }
    },
    {
      "type": "Feature",
      "properties": {
        "id": 148,
        "localidad": "Balcarce",
        "cultivo": "Soja",
        "area_ha": 31.36,
        "error_pct": 19.8,
        "sam_score": 0.942
      },
      "geometry": {
        "type": "Polygon",
        "coordinates": [
          [
            [
              -58.21865559145307,
              -37.70820070755903
            ],
            [
              -58.218096165352655,
              -37.708644353334655
            ],
            [
              -58.218096165352655,
              -37.70935418657566
            ],
            [
              -58.218431821012906,
              -37.70962037404104
            ],
            [
              -58.21865559145307,
              -37.71050766559228
            ],
            [
              -58.21899124711332,
              -37.71095131136791
            ],
            [
              -58.218879361893244,
              -37.71139495714353
            ],
            [
              -58.21910313233341,
              -37.711749873764035
            ],
            [
              -58.21876747667316,
              -37.71210479038454
            ],
            [
              -58.21899124711332,
              -37.712282248694784
            ],
            [
              -58.21865559145307,
              -37.71272589447041
            ],
            [
              -58.22022198453424,
              -37.714234290107534
            ],
            [
              -58.22066952541458,
              -37.71441174841779
            ],
            [
              -58.22100518107483,
              -37.714234290107534
            ],
            [
              -58.22212403327566,
              -37.714323019262665
            ],
            [
              -58.22212403327566,
              -37.71450047757291
            ],
            [
              -58.22257157415599,
              -37.71476666503829
            ],
            [
              -58.22402608201708,
              -37.71441174841779
            ],
            [
              -58.22604001597858,
              -37.71299208193579
            ],
            [
              -58.22604001597858,
              -37.71272589447041
            ],
            [
              -58.22022198453424,
              -37.70766833262828
            ],
            [
              -58.21910313233341,
              -37.70820070755903
            ],
            [
              -58.21865559145307,
              -37.70820070755903
            ]
          ]
        ]
      }
    },
    {
      "type": "Feature",
      "properties": {
        "id": 149,
        "localidad": "Balcarce",
        "cultivo": "Trigo",
        "area_ha": 55.41,
        "error_pct": 10.2,
        "sam_score": 0.972
      },
      "geometry": {
        "type": "Polygon",
        "coordinates": [
          [
            [
              -58.386751379709814,
              -37.80331341600398
            ],
            [
              -58.38317348818374,
              -37.80331341600398
            ],
            [
              -58.37858931466597,
              -37.80668512389805
            ],
            [
              -58.38160816064109,
              -37.81058920672277
            ],
            [
              -58.38205539708185,
              -37.81094412334319
            ],
            [
              -58.3826144426328,
              -37.8110328524983
            ],
            [
              -58.382838060853175,
              -37.81085539418809
            ],
            [
              -58.38384434284488,
              -37.81085539418809
            ],
            [
              -58.38406796106526,
              -37.81165395658405
            ],
            [
              -58.38719861615057,
              -37.80970191517169
            ],
            [
              -58.38865213458303,
              -37.808459707000196
            ],
            [
              -58.388316707252464,
              -37.808104790379765
            ],
            [
              -58.3889875619136,
              -37.80712876967359
            ],
            [
              -58.3889875619136,
              -37.80668512389805
            ],
            [
              -58.388540325472846,
              -37.805975290657194
            ],
            [
              -58.38865213458303,
              -37.80544291572655
            ],
            [
              -58.386751379709814,
              -37.80331341600398
            ]
          ]
        ]
      }
    },
    {
      "type": "Feature",
      "properties": {
        "id": 151,
        "localidad": "Balcarce",
        "cultivo": "Maiz",
        "area_ha": 50.98,
        "error_pct": 6.7,
        "sam_score": 0.895
      },
      "geometry": {
        "type": "Polygon",
        "coordinates": [
          [
            [
              -58.3489429479286,
              -37.82649087431327
            ],
            [
              -58.34592316116846,
              -37.82862037403574
            ],
            [
              -58.34603500512254,
              -37.82915274896635
            ],
            [
              -58.34648238093885,
              -37.82933020727656
            ],
            [
              -58.34614684907662,
              -37.82968512389697
            ],
            [
              -58.34659422489293,
              -37.830128769672484
            ],
            [
              -58.34581131721438,
              -37.83110479037862
            ],
            [
              -58.345475785352136,
              -37.83083860291331
            ],
            [
              -58.34525209744398,
              -37.83110479037862
            ],
            [
              -58.34581131721438,
              -37.83119351953372
            ],
            [
              -58.34592316116846,
              -37.83181462361944
            ],
            [
              -58.34860741606636,
              -37.83412158165211
            ],
            [
              -58.34927847979084,
              -37.833855394186806
            ],
            [
              -58.349949543515315,
              -37.83394412334191
            ],
            [
              -58.34905479188268,
              -37.83429903996232
            ],
            [
              -58.34939032374491,
              -37.83465395658273
            ],
            [
              -58.349837699561235,
              -37.83465395658273
            ],
            [
              -58.35173904678059,
              -37.833677935876594
            ],
            [
              -58.355541741219284,
              -37.83092733206841
            ],
            [
              -58.35587727308152,
              -37.82995131136228
            ],
            [
              -58.355541741219284,
              -37.82959639474187
            ],
            [
              -58.3559891170356,
              -37.82879783234594
            ],
            [
              -58.35431145772441,
              -37.8274668950194
            ],
            [
              -58.352745642367296,
              -37.828531644880634
            ],
            [
              -58.351291670964265,
              -37.82862037403574
            ],
            [
              -58.351067983056105,
              -37.82844291572553
            ],
            [
              -58.351291670964265,
              -37.8275556241745
            ],
            [
              -58.35062060723979,
              -37.82702324924389
            ],
            [
              -58.35028507537755,
              -37.82711197839899
            ],
            [
              -58.35017323142347,
              -37.82666833262348
            ],
            [
              -58.349949543515315,
              -37.82684579093368
            ],
            [
              -58.349614011653074,
              -37.82649087431327
            ],
            [
              -58.3489429479286,
              -37.82649087431327
            ]
          ]
        ]
      }
    },
    {
      "type": "Feature",
      "properties": {
        "id": 152,
        "localidad": "Balcarce",
        "cultivo": "Soja",
        "area_ha": 40.32,
        "error_pct": 0.5,
        "sam_score": 0.975
      },
      "geometry": {
        "type": "Polygon",
        "coordinates": [
          [
            [
              -58.475453752948916,
              -37.83754205077433
            ],
            [
              -58.472774392944395,
              -37.839224586111115
            ],
            [
              -58.47121143294176,
              -37.84046434899085
            ],
            [
              -58.471099792941565,
              -37.840818566956486
            ],
            [
              -58.47132307294194,
              -37.84099567593931
            ],
            [
              -58.471769632942696,
              -37.8409071214479
            ],
            [
              -58.47221619294345,
              -37.841969775344815
            ],
            [
              -58.47567703294929,
              -37.84498062805274
            ],
            [
              -58.47757491295249,
              -37.84391797415582
            ],
            [
              -58.480030992956635,
              -37.84205832983622
            ],
            [
              -58.48014263295683,
              -37.839933022042395
            ],
            [
              -58.47824475295362,
              -37.83807337772279
            ],
            [
              -58.476123592950046,
              -37.83807337772279
            ],
            [
              -58.47578867294948,
              -37.837630605265744
            ],
            [
              -58.475453752948916,
              -37.83754205077433
            ]
          ]
        ]
      }
    },
    {
      "type": "Feature",
      "properties": {
        "id": 156,
        "localidad": "Balcarce",
        "cultivo": "Trigo",
        "area_ha": 49.63,
        "error_pct": 2.8,
        "sam_score": 0.98
      },
      "geometry": {
        "type": "Polygon",
        "coordinates": [
          [
            [
              -58.50147723262909,
              -37.932161932210285
            ],
            [
              -58.49957692816491,
              -37.931364941787756
            ],
            [
              -58.496894145391956,
              -37.93145349627915
            ],
            [
              -58.495999884467636,
              -37.93171915975333
            ],
            [
              -58.49454671046561,
              -37.93287036814142
            ],
            [
              -58.493876014772376,
              -37.93428724000369
            ],
            [
              -58.493987797387916,
              -37.93588122084875
            ],
            [
              -58.494658493081154,
              -37.937032429236844
            ],
            [
              -58.495776319236555,
              -37.937917974150764
            ],
            [
              -58.49644701492979,
              -37.938006528642156
            ],
            [
              -58.49711771062303,
              -37.9375637561852
            ],
            [
              -58.49745305846965,
              -37.93827219211633
            ],
            [
              -58.49924158031829,
              -37.93853785559051
            ],
            [
              -58.50103010216693,
              -37.938006528642156
            ],
            [
              -58.50214792832233,
              -37.937120983728235
            ],
            [
              -58.502595058784486,
              -37.936412547797104
            ],
            [
              -58.50270684140003,
              -37.93464145796926
            ],
            [
              -58.50293040663111,
              -37.93437579449508
            ],
            [
              -58.50237149355341,
              -37.932958922632814
            ],
            [
              -58.50147723262909,
              -37.932161932210285
            ]
          ]
        ]
      }
    },
    {
      "type": "Feature",
      "properties": {
        "id": 159,
        "localidad": "",
        "cultivo": "",
        "area_ha": 31.37,
        "error_pct": 6.7,
        "sam_score": 0.947
      },
      "geometry": {
        "type": "MultiPolygon",
        "coordinates": [
          [
            [
              [
                -58.45846528534773,
                -37.93933904119278
              ],
              [
                -58.455782247048816,
                -37.93942759568417
              ],
              [
                -58.45522328073654,
                -37.93969325915835
              ],
              [
                -58.45444072789936,
                -37.939604704666955
              ],
              [
                -58.45354638179972,
                -37.940136031615296
              ],
              [
                -58.45354638179972,
                -37.94155290347755
              ],
              [
                -58.45343458853726,
                -37.94164145796894
              ],
              [
                -58.45298741548745,
                -37.941375794494775
              ],
              [
                -58.4530992087499,
                -37.94146434898616
              ],
              [
                -58.45287562222499,
                -37.94164145796894
              ],
              [
                -58.45343458853726,
                -37.94217278491728
              ],
              [
                -58.45365817506217,
                -37.94279266635702
              ],
              [
                -58.454887900949174,
                -37.94429809271066
              ],
              [
                -58.455335073998995,
                -37.944563756184834
              ],
              [
                -58.45846528534773,
                -37.94447520169344
              ],
              [
                -58.458800665135094,
                -37.944652310676226
              ],
              [
                -58.45958321797227,
                -37.94438664720205
              ],
              [
                -58.46014218428455,
                -37.94385532025371
              ],
              [
                -58.46014218428455,
                -37.943412547796754
              ],
              [
                -58.46058935733437,
                -37.9429697753398
              ],
              [
                -58.46058935733437,
                -37.941110131020594
              ],
              [
                -58.45969501123473,
                -37.94004747712391
              ],
              [
                -58.45846528534773,
                -37.93933904119278
              ]
            ]
          ],
          [
            [
              [
                -58.45298741548744,
                -37.94137579449477
              ],
              [
                -58.45321100201235,
                -37.941198685511985
              ],
              [
                -58.45298741548744,
                -37.94102157652921
              ],
              [
                -58.45276382896254,
                -37.941198685511985
              ],
              [
                -58.45298741548744,
                -37.94137579449477
              ]
            ]
          ]
        ]
      }
    },
    {
      "type": "Feature",
      "properties": {
        "id": 160,
        "localidad": "Balcarce",
        "cultivo": "Soja",
        "area_ha": 39.71,
        "error_pct": 8.3,
        "sam_score": 0.969
      },
      "geometry": {
        "type": "Polygon",
        "coordinates": [
          [
            [
              -58.450111820984226,
              -37.925630605262185
            ],
            [
              -58.44910585955123,
              -37.92607337771915
            ],
            [
              -58.44832344510335,
              -37.926870368141685
            ],
            [
              -58.44776457764058,
              -37.9280215765298
            ],
            [
              -58.44787635113313,
              -37.92952700288348
            ],
            [
              -58.448658765581015,
              -37.9305896567802
            ],
            [
              -58.44932940653634,
              -37.93103242923716
            ],
            [
              -58.45290615829809,
              -37.93209508313388
            ],
            [
              -58.45536517513429,
              -37.930146884323236
            ],
            [
              -58.45592404259707,
              -37.92943844839209
            ],
            [
              -58.45592404259707,
              -37.9280215765298
            ],
            [
              -58.4555887221194,
              -37.926958922633084
            ],
            [
              -58.45458276068641,
              -37.92607337771915
            ],
            [
              -58.45380034623852,
              -37.92598482322776
            ],
            [
              -58.45346502576086,
              -37.92616193221054
            ],
            [
              -58.452570837820424,
              -37.925542050770794
            ],
            [
              -58.4519001968651,
              -37.925364941788004
            ],
            [
              -58.450111820984226,
              -37.925630605262185
            ]
          ]
        ]
      }
    },
    {
      "type": "Feature",
      "properties": {
        "id": 163,
        "localidad": "Balcarce",
        "cultivo": "Trigo",
        "area_ha": 38.0,
        "error_pct": 3.5,
        "sam_score": 0.966
      },
      "geometry": {
        "type": "Polygon",
        "coordinates": [
          [
            [
              -58.396628470766444,
              -37.974402145152254
            ],
            [
              -58.39573191780581,
              -37.97449087430733
            ],
            [
              -58.3947232957251,
              -37.97502324923778
            ],
            [
              -58.39214570596329,
              -37.976886561494354
            ],
            [
              -58.392257775083365,
              -37.978483686285706
            ],
            [
              -58.39270605156368,
              -37.97928224868138
            ],
            [
              -58.39416295012471,
              -37.980701915162584
            ],
            [
              -58.39561984868573,
              -37.98141174840318
            ],
            [
              -58.39539571044558,
              -37.98158920671333
            ],
            [
              -58.39561984868573,
              -37.98176666502348
            ],
            [
              -58.396068125166046,
              -37.98158920671333
            ],
            [
              -58.39561984868573,
              -37.98132301924811
            ],
            [
              -58.39696467812668,
              -37.98105683178288
            ],
            [
              -58.39965433700857,
              -37.97901606121616
            ],
            [
              -58.40021468260896,
              -37.97821749882048
            ],
            [
              -58.40021468260896,
              -37.97724147811466
            ],
            [
              -58.39976640612865,
              -37.97644291571898
            ],
            [
              -58.398309507567625,
              -37.97511197839285
            ],
            [
              -58.396628470766444,
              -37.974402145152254
            ]
          ]
        ]
      }
    },
    {
      "type": "Feature",
      "properties": {
        "id": 164,
        "localidad": "Balcarce",
        "cultivo": "Maiz",
        "area_ha": 54.18,
        "error_pct": 7.2,
        "sam_score": 0.981
      },
      "geometry": {
        "type": "Polygon",
        "coordinates": [
          [
            [
              -58.37429220717781,
              -37.95983361483828
            ],
            [
              -58.37283558643116,
              -37.96001072382105
            ],
            [
              -58.37104282243528,
              -37.96080771424353
            ],
            [
              -58.36992234493785,
              -37.96160470466601
            ],
            [
              -58.36913801068965,
              -37.96266735856265
            ],
            [
              -58.36913801068965,
              -37.96426133940761
            ],
            [
              -58.36958620168862,
              -37.96523543881286
            ],
            [
              -58.371491013434245,
              -37.966917974149204
            ],
            [
              -58.37339582517987,
              -37.96736074660613
            ],
            [
              -58.374964493676266,
              -37.96736074660613
            ],
            [
              -58.37653316217266,
              -37.966917974149204
            ],
            [
              -58.37765363967009,
              -37.966120983726725
            ],
            [
              -58.37832592616855,
              -37.965323993304246
            ],
            [
              -58.37866206941778,
              -37.96417278491622
            ],
            [
              -58.378437973918295,
              -37.96266735856265
            ],
            [
              -58.37720544867112,
              -37.96089626873492
            ],
            [
              -58.37563678017472,
              -37.96009927831244
            ],
            [
              -58.37429220717781,
              -37.95983361483828
            ]
          ]
        ]
      }
    },
    {
      "type": "Feature",
      "properties": {
        "id": 165,
        "localidad": "Balcarce",
        "cultivo": "Soja",
        "area_ha": 38.8,
        "error_pct": 8.1,
        "sam_score": 0.945
      },
      "geometry": {
        "type": "Polygon",
        "coordinates": [
          [
            [
              -58.48814488328686,
              -37.878604704669556
            ],
            [
              -58.487027877223625,
              -37.87771915975553
            ],
            [
              -58.48624597297937,
              -37.87789626873833
            ],
            [
              -58.48568746994775,
              -37.877453496281326
            ],
            [
              -58.48490556570349,
              -37.877542050772725
            ],
            [
              -58.48345345782129,
              -37.87816193221254
            ],
            [
              -58.47887373296204,
              -37.881527002885825
            ],
            [
              -58.47920883478101,
              -37.88188122085143
            ],
            [
              -58.47943223599366,
              -37.88170411186863
            ],
            [
              -58.47976733781263,
              -37.88179266636003
            ],
            [
              -58.47987903841896,
              -37.88258965678265
            ],
            [
              -58.47965563720631,
              -37.88276676576545
            ],
            [
              -58.480325840844245,
              -37.883298092713865
            ],
            [
              -58.480549242056895,
              -37.88285532025685
            ],
            [
              -58.480884343875864,
              -37.88312098373106
            ],
            [
              -58.48166624812012,
              -37.88312098373106
            ],
            [
              -58.48289495478968,
              -37.88374086517088
            ],
            [
              -58.48524066752246,
              -37.88374086517088
            ],
            [
              -58.485799170554074,
              -37.884095083136486
            ],
            [
              -58.48635767358569,
              -37.88382941966228
            ],
            [
              -58.48635767358569,
              -37.883032429239655
            ],
            [
              -58.488815086924795,
              -37.88108423042881
            ],
            [
              -58.48803318268053,
              -37.8808185669546
            ],
            [
              -58.48792148207421,
              -37.87904747712656
            ],
            [
              -58.48814488328686,
              -37.878604704669556
            ]
          ]
        ]
      }
    },
    {
      "type": "Feature",
      "properties": {
        "id": 166,
        "localidad": "Balcarce",
        "cultivo": "Trigo",
        "area_ha": 30.28,
        "error_pct": 4.4,
        "sam_score": 0.959
      },
      "geometry": {
        "type": "Polygon",
        "coordinates": [
          [
            [
              -58.4907938975427,
              -37.881073377721
            ],
            [
              -58.48990025628965,
              -37.8809848232296
            ],
            [
              -58.489118320193235,
              -37.881250486703806
            ],
            [
              -58.488001268626924,
              -37.881870368143616
            ],
            [
              -58.48654910159072,
              -37.88302157653184
            ],
            [
              -58.48666080674735,
              -37.88434989390286
            ],
            [
              -58.48688421706061,
              -37.88452700288566
            ],
            [
              -58.48688421706061,
              -37.88550110229108
            ],
            [
              -58.48788956347029,
              -37.886298092713695
            ],
            [
              -58.48833638409682,
              -37.88603242923949
            ],
            [
              -58.48855979441008,
              -37.88620953822229
            ],
            [
              -58.48855979441008,
              -37.8865637561879
            ],
            [
              -58.489341730506496,
              -37.88709508313631
            ],
            [
              -58.48967684597639,
              -37.88709508313631
            ],
            [
              -58.49012366660291,
              -37.8867408651707
            ],
            [
              -58.49135242332586,
              -37.8865637561879
            ],
            [
              -58.49336311614522,
              -37.885678211273884
            ],
            [
              -58.493921641928374,
              -37.885058329834074
            ],
            [
              -58.49358652645848,
              -37.88452700288566
            ],
            [
              -58.49358652645848,
              -37.884084230428655
            ],
            [
              -58.49313970583196,
              -37.88381856695445
            ],
            [
              -58.493251410988584,
              -37.88302157653184
            ],
            [
              -58.49135242332586,
              -37.881250486703806
            ],
            [
              -58.4907938975427,
              -37.881073377721
            ]
          ]
        ]
      }
    },
    {
      "type": "Feature",
      "properties": {
        "id": 167,
        "localidad": "Balcarce",
        "cultivo": "Maiz",
        "area_ha": 40.66,
        "error_pct": 11.9,
        "sam_score": 0.984
      },
      "geometry": {
        "type": "Polygon",
        "coordinates": [
          [
            [
              -58.55801701716272,
              -37.859504645634644
            ],
            [
              -58.55645359070112,
              -37.859504645634644
            ],
            [
              -58.55533685751426,
              -37.85976978717669
            ],
            [
              -58.553885104371346,
              -37.860653592316844
            ],
            [
              -58.553103391140546,
              -37.86180253899905
            ],
            [
              -58.55299171782186,
              -37.86303986619527
            ],
            [
              -58.55366175773398,
              -37.86445395441952
            ],
            [
              -58.55466681760215,
              -37.86533775955968
            ],
            [
              -58.55634191738243,
              -37.86595642315779
            ],
            [
              -58.558240363800095,
              -37.86586804264377
            ],
            [
              -58.5598037902617,
              -37.865249379045665
            ],
            [
              -58.56058550349249,
              -37.864630715447554
            ],
            [
              -58.561255543404606,
              -37.86330500773732
            ],
            [
              -58.56114387008592,
              -37.86197930002708
            ],
            [
              -58.56036215685512,
              -37.86074197283086
            ],
            [
              -58.559245423668266,
              -37.85994654820472
            ],
            [
              -58.55801701716272,
              -37.859504645634644
            ]
          ]
        ]
      }
    },
    {
      "type": "Feature",
      "properties": {
        "id": 168,
        "localidad": "Balcarce",
        "cultivo": "Soja",
        "area_ha": 54.87,
        "error_pct": 0.4,
        "sam_score": 0.939
      },
      "geometry": {
        "type": "Polygon",
        "coordinates": [
          [
            [
              -58.37182114773865,
              -37.904276387297436
            ],
            [
              -58.37036563632225,
              -37.905250486702805
            ],
            [
              -58.37058956115554,
              -37.90595892263398
            ],
            [
              -58.36946993698908,
              -37.906844467547955
            ],
            [
              -58.37058956115554,
              -37.909678211272656
            ],
            [
              -58.37238095982188,
              -37.91091797415222
            ],
            [
              -58.37372450882164,
              -37.911360746609205
            ],
            [
              -58.376523569237804,
              -37.91109508313501
            ],
            [
              -58.37685945648774,
              -37.91082941966082
            ],
            [
              -58.377419268570975,
              -37.91091797415222
            ],
            [
              -58.37809104307085,
              -37.910563756186626
            ],
            [
              -58.378650855154085,
              -37.91118363762641
            ],
            [
              -58.378986742404024,
              -37.91091797415222
            ],
            [
              -58.37887477998738,
              -37.91029809271244
            ],
            [
              -58.37932262965396,
              -37.90994387474685
            ],
            [
              -58.37932262965396,
              -37.90755290347913
            ],
            [
              -58.378986742404024,
              -37.90719868551354
            ],
            [
              -58.378986742404024,
              -37.90675591305656
            ],
            [
              -58.37943459207061,
              -37.90640169509096
            ],
            [
              -58.37764319340427,
              -37.90471915975442
            ],
            [
              -58.37697141890439,
              -37.90445349628023
            ],
            [
              -58.37629964440451,
              -37.90463060526302
            ],
            [
              -58.375851794737926,
              -37.90445349628023
            ],
            [
              -58.37182114773865,
              -37.904276387297436
            ]
          ]
        ]
      }
    },
    {
      "type": "Feature",
      "properties": {
        "id": 170,
        "localidad": "Balcarce",
        "cultivo": "Trigo",
        "area_ha": 59.71,
        "error_pct": 4.0,
        "sam_score": 0.961
      },
      "geometry": {
        "type": "Polygon",
        "coordinates": [
          [
            [
              -58.049578626494984,
              -37.71135059106867
            ],
            [
              -58.04666945372931,
              -37.71135059106867
            ],
            [
              -58.04577432364756,
              -37.71161730459623
            ],
            [
              -58.04275325962166,
              -37.714017726344245
            ],
            [
              -58.0429770421421,
              -37.71544019849122
            ],
            [
              -58.044095954744286,
              -37.71659595711064
            ],
            [
              -58.04376028096363,
              -37.71677376612901
            ],
            [
              -58.043200824662534,
              -37.71624033907389
            ],
            [
              -58.043088933402316,
              -37.716684861619825
            ],
            [
              -58.04364838970341,
              -37.71704047965657
            ],
            [
              -58.04364838970341,
              -37.71739609769331
            ],
            [
              -58.04431973726472,
              -37.718107333766795
            ],
            [
              -58.04655756246909,
              -37.71979651944133
            ],
            [
              -58.047340801290616,
              -37.71944090140458
            ],
            [
              -58.04812404011214,
              -37.71952980591377
            ],
            [
              -58.04901917019389,
              -37.7187296653311
            ],
            [
              -58.04980240901542,
              -37.71890747434947
            ],
            [
              -58.050697539097165,
              -37.7187296653311
            ],
            [
              -58.05237590800044,
              -37.717218288674935
            ],
            [
              -58.05259969052088,
              -37.716062530055524
            ],
            [
              -58.05248779926066,
              -37.71508458045448
            ],
            [
              -58.05204023421978,
              -37.71464005790855
            ],
            [
              -58.05237590800044,
              -37.714284439871804
            ],
            [
              -58.051816451699345,
              -37.71312868125239
            ],
            [
              -58.049578626494984,
              -37.71135059106867
            ]
          ]
        ]
      }
    },
    {
      "type": "Feature",
      "properties": {
        "id": 171,
        "localidad": "Balcarce",
        "cultivo": "Maiz",
        "area_ha": 43.74,
        "error_pct": 6.0,
        "sam_score": 1.0
      },
      "geometry": {
        "type": "Polygon",
        "coordinates": [
          [
            [
              -58.03307834334199,
              -37.78061730459345
            ],
            [
              -58.03161951122903,
              -37.78061730459345
            ],
            [
              -58.03004846126123,
              -37.78106182713931
            ],
            [
              -58.0289262827128,
              -37.781861967721866
            ],
            [
              -58.02802853987406,
              -37.78328443986864
            ],
            [
              -58.02802853987406,
              -37.78461800750623
            ],
            [
              -58.02836519343859,
              -37.78541814808879
            ],
            [
              -58.02959958984186,
              -37.786573906708036
            ],
            [
              -58.0312828576645,
              -37.78728514278142
            ],
            [
              -58.03274168977746,
              -37.78737404729059
            ],
            [
              -58.03464939330979,
              -37.78675171572638
            ],
            [
              -58.03588378971306,
              -37.78577376612548
            ],
            [
              -58.03655709684212,
              -37.784440198487886
            ],
            [
              -58.036332661132434,
              -37.7827510128136
            ],
            [
              -58.03577157185822,
              -37.78195087223104
            ],
            [
              -58.03464939330979,
              -37.78115073164849
            ],
            [
              -58.03307834334199,
              -37.78061730459345
            ]
          ]
        ]
      }
    },
    {
      "type": "Feature",
      "properties": {
        "id": 172,
        "localidad": "Balcarce",
        "cultivo": "Soja",
        "area_ha": 39.78,
        "error_pct": 3.0,
        "sam_score": 0.895
      },
      "geometry": {
        "type": "Polygon",
        "coordinates": [
          [
            [
              -58.016659601774755,
              -37.78677306321248
            ],
            [
              -58.01587402364153,
              -37.78615073164828
            ],
            [
              -58.014302867375065,
              -37.78615073164828
            ],
            [
              -58.014078416479855,
              -37.78597292262993
            ],
            [
              -58.011497231184954,
              -37.78597292262993
            ],
            [
              -58.01127278028975,
              -37.78615073164828
            ],
            [
              -58.01015052581371,
              -37.78615073164828
            ],
            [
              -58.00891604589006,
              -37.78650634968496
            ],
            [
              -58.00869159499485,
              -37.78668415870331
            ],
            [
              -58.00891604589006,
              -37.787039776739995
            ],
            [
              -58.00857936954724,
              -37.78730649026751
            ],
            [
              -58.00880382044245,
              -37.78757320379503
            ],
            [
              -58.00857936954724,
              -37.78801772634088
            ],
            [
              -58.00880382044245,
              -37.788462248886745
            ],
            [
              -58.00857936954724,
              -37.78872896241426
            ],
            [
              -58.00880382044245,
              -37.78917348496012
            ],
            [
              -58.00857936954724,
              -37.78935129397846
            ],
            [
              -58.00902827133766,
              -37.79024033907019
            ],
            [
              -58.00891604589006,
              -37.790507052597704
            ],
            [
              -58.00947717312808,
              -37.791129384161906
            ],
            [
              -58.009926074918496,
              -37.79139609768942
            ],
            [
              -58.01306838745142,
              -37.79148500219859
            ],
            [
              -58.01329283834663,
              -37.79166281121694
            ],
            [
              -58.01374174013704,
              -37.79148500219859
            ],
            [
              -58.01587402364153,
              -37.79148500219859
            ],
            [
              -58.01654737632715,
              -37.790507052597704
            ],
            [
              -58.01654737632715,
              -37.78757320379503
            ],
            [
              -58.016771827222364,
              -37.78739539477668
            ],
            [
              -58.016435150879545,
              -37.786950872230825
            ],
            [
              -58.016659601774755,
              -37.78677306321248
            ]
          ]
        ]
      }
    },
    {
      "type": "Feature",
      "properties": {
        "id": 173,
        "localidad": "Balcarce",
        "cultivo": "Trigo",
        "area_ha": 47.72,
        "error_pct": 4.0,
        "sam_score": 0.893
      },
      "geometry": {
        "type": "Polygon",
        "coordinates": [
          [
            [
              -58.02415600134115,
              -37.781328540666834
            ],
            [
              -58.02292404928719,
              -37.78070620910262
            ],
            [
              -58.018444223636436,
              -37.78070620910262
            ],
            [
              -58.0167642890174,
              -37.780884018120965
            ],
            [
              -58.01654029773486,
              -37.78123963615766
            ],
            [
              -58.01530834568091,
              -37.78168415870353
            ],
            [
              -58.01586832388725,
              -37.78195087223104
            ],
            [
              -58.01519635003964,
              -37.782395394776906
            ],
            [
              -58.01586832388725,
              -37.78266210830443
            ],
            [
              -58.01530834568091,
              -37.783017726341114
            ],
            [
              -58.015756328245985,
              -37.78337334437781
            ],
            [
              -58.01530834568091,
              -37.78364005790533
            ],
            [
              -58.015756328245985,
              -37.78390677143285
            ],
            [
              -58.01586832388725,
              -37.78541814808879
            ],
            [
              -58.01654029773486,
              -37.78621828867134
            ],
            [
              -58.01710027594121,
              -37.78648500219886
            ],
            [
              -58.01911619748405,
              -37.786573906708036
            ],
            [
              -58.01978817133166,
              -37.78692952474473
            ],
            [
              -58.0200121626142,
              -37.78675171572638
            ],
            [
              -58.02068413646182,
              -37.78692952474473
            ],
            [
              -58.02090812774435,
              -37.78675171572638
            ],
            [
              -58.021580101591965,
              -37.78684062023555
            ],
            [
              -58.02225207543958,
              -37.786573906708036
            ],
            [
              -58.02281205364592,
              -37.78684062023555
            ],
            [
              -58.02348402749354,
              -37.78675171572638
            ],
            [
              -58.024044005699885,
              -37.78621828867134
            ],
            [
              -58.02426799698242,
              -37.78541814808879
            ],
            [
              -58.02415600134115,
              -37.781328540666834
            ]
          ]
        ]
      }
    },
    {
      "type": "Feature",
      "properties": {
        "id": 174,
        "localidad": "Balcarce",
        "cultivo": "Maiz",
        "area_ha": 40.08,
        "error_pct": 3.9,
        "sam_score": 0.899
      },
      "geometry": {
        "type": "Polygon",
        "coordinates": [
          [
            [
              -58.017659106293394,
              -37.77668415870374
            ],
            [
              -58.01687363444565,
              -37.7761507316487
            ],
            [
              -58.01631258312584,
              -37.77623963615787
            ],
            [
              -58.015975952333946,
              -37.775884018121175
            ],
            [
              -58.01541490101413,
              -37.77606182713952
            ],
            [
              -58.01507827022224,
              -37.775884018121175
            ],
            [
              -58.012273013623165,
              -37.775884018121175
            ],
            [
              -58.01137533151146,
              -37.77623963615787
            ],
            [
              -58.01103870071957,
              -37.77606182713952
            ],
            [
              -58.010702069927675,
              -37.776328540667045
            ],
            [
              -58.0100288083439,
              -37.776417445176214
            ],
            [
              -58.00969217755201,
              -37.77668415870374
            ],
            [
              -58.00991659807993,
              -37.77695087223126
            ],
            [
              -58.00946775702408,
              -37.777306490267954
            ],
            [
              -58.009804387815976,
              -37.77757320379548
            ],
            [
              -58.00957996728805,
              -37.778017726341346
            ],
            [
              -58.009804387815976,
              -37.778462248887216
            ],
            [
              -58.00957996728805,
              -37.77872896241474
            ],
            [
              -58.0100288083439,
              -37.78059595710739
            ],
            [
              -58.01115091098353,
              -37.78139609768995
            ],
            [
              -58.01687363444565,
              -37.78139609768995
            ],
            [
              -58.01754689602943,
              -37.78059595710739
            ],
            [
              -58.01777131655736,
              -37.77810663085052
            ],
            [
              -58.01754689602943,
              -37.77766210830465
            ],
            [
              -58.01777131655736,
              -37.777306490267954
            ],
            [
              -58.017434685765465,
              -37.77695087223126
            ],
            [
              -58.017659106293394,
              -37.77668415870374
            ]
          ]
        ]
      }
    },
    {
      "type": "Feature",
      "properties": {
        "id": 175,
        "localidad": "Balcarce",
        "cultivo": "Soja",
        "area_ha": 63.31,
        "error_pct": 4.3,
        "sam_score": 0.945
      },
      "geometry": {
        "type": "Polygon",
        "coordinates": [
          [
            [
              -58.09960012172801,
              -37.86417278204426
            ],
            [
              -58.09881525935097,
              -37.863994973025946
            ],
            [
              -58.09825464336736,
              -37.86443949557173
            ],
            [
              -58.09489094746574,
              -37.86372825949847
            ],
            [
              -58.090630265990356,
              -37.86666210830066
            ],
            [
              -58.09040601959691,
              -37.86710663084644
            ],
            [
              -58.09130300517068,
              -37.8678178669197
            ],
            [
              -58.091639374760845,
              -37.86764005790139
            ],
            [
              -58.092087867547725,
              -37.86799567593802
            ],
            [
              -58.09309697631821,
              -37.868084580447174
            ],
            [
              -58.09320909951493,
              -37.86879581652043
            ],
            [
              -58.09264848353133,
              -37.869684861612
            ],
            [
              -58.091975744351004,
              -37.869595957102845
            ],
            [
              -58.09130300517068,
              -37.87021828866694
            ],
            [
              -58.091975744351004,
              -37.87128514277683
            ],
            [
              -58.09175149795756,
              -37.8715518563043
            ],
            [
              -58.09219999074445,
              -37.87190747434093
            ],
            [
              -58.09264848353133,
              -37.871640760813456
            ],
            [
              -58.09264848353133,
              -37.87128514277683
            ],
            [
              -58.09309697631821,
              -37.87137404728599
            ],
            [
              -58.09376971549854,
              -37.87101842924936
            ],
            [
              -58.09533944025262,
              -37.8721741878684
            ],
            [
              -58.09825464336736,
              -37.87172966532262
            ],
            [
              -58.09971224492473,
              -37.87119623826767
            ],
            [
              -58.10072135369522,
              -37.87039609768526
            ],
            [
              -58.100945600088664,
              -37.86950705259369
            ],
            [
              -58.10049710730178,
              -37.86852910299296
            ],
            [
              -58.1017304624657,
              -37.86701772633729
            ],
            [
              -58.10049710730178,
              -37.86630649026403
            ],
            [
              -58.100945600088664,
              -37.86550634968162
            ],
            [
              -58.09960012172801,
              -37.86417278204426
            ]
          ]
        ]
      }
    },
    {
      "type": "Feature",
      "properties": {
        "id": 176,
        "localidad": "Balcarce",
        "cultivo": "Trigo",
        "area_ha": 54.92,
        "error_pct": 1.5,
        "sam_score": 0.972
      },
      "geometry": {
        "type": "Polygon",
        "coordinates": [
          [
            [
              -58.14346998086501,
              -37.874350591062175
            ],
            [
              -58.139769413093696,
              -37.87443949557133
            ],
            [
              -58.13842375208595,
              -37.875150731644574
            ],
            [
              -58.13696595266089,
              -37.87630649026359
            ],
            [
              -58.13696595266089,
              -37.87897362553825
            ],
            [
              -58.137750921582075,
              -37.88004047964811
            ],
            [
              -58.1379751984167,
              -37.88084062023051
            ],
            [
              -58.13954513625907,
              -37.882085283358684
            ],
            [
              -58.14133935093607,
              -37.88172966532206
            ],
            [
              -58.14470350345544,
              -37.8806628112122
            ],
            [
              -58.145712749211256,
              -37.88004047964811
            ],
            [
              -58.145712749211256,
              -37.879062530047406
            ],
            [
              -58.146273441297815,
              -37.87844019848332
            ],
            [
              -58.14604916446319,
              -37.8764842992819
            ],
            [
              -58.14515205712469,
              -37.875328540662885
            ],
            [
              -58.1443670882035,
              -37.8747062090988
            ],
            [
              -58.14346998086501,
              -37.874350591062175
            ]
          ]
        ]
      }
    },
    {
      "type": "Feature",
      "properties": {
        "id": 177,
        "localidad": "Balcarce",
        "cultivo": "Maiz",
        "area_ha": 35.39,
        "error_pct": 11.5,
        "sam_score": 0.963
      },
      "geometry": {
        "type": "Polygon",
        "coordinates": [
          [
            [
              -58.30607677666138,
              -37.97675706177246
            ],
            [
              -58.305740560138794,
              -37.97693452008261
            ],
            [
              -58.30506812709362,
              -37.976845790927534
            ],
            [
              -58.30394740535166,
              -37.977111978392756
            ],
            [
              -58.300585240125784,
              -37.980040040510225
            ],
            [
              -58.30069731229998,
              -37.980483686285595
            ],
            [
              -58.303050827958096,
              -37.98252445685231
            ],
            [
              -58.304395694048445,
              -37.98323429009291
            ],
            [
              -58.30473191057103,
              -37.98305683178276
            ],
            [
              -58.30596470448719,
              -37.98305683178276
            ],
            [
              -58.30663713753236,
              -37.98252445685231
            ],
            [
              -58.30686128188075,
              -37.98252445685231
            ],
            [
              -58.3082061479711,
              -37.981459706991416
            ],
            [
              -58.309214797538864,
              -37.98021749882037
            ],
            [
              -58.30910272536467,
              -37.979330207269626
            ],
            [
              -58.30865443666789,
              -37.97897529064932
            ],
            [
              -58.308318220145296,
              -37.97826545740873
            ],
            [
              -58.306973354054946,
              -37.977111978392756
            ],
            [
              -58.30641299318397,
              -37.97702324923768
            ],
            [
              -58.30607677666138,
              -37.97675706177246
            ]
          ]
        ]
      }
    },
    {
      "type": "Feature",
      "properties": {
        "id": 178,
        "localidad": "Ayacucho",
        "cultivo": "Soja",
        "area_ha": 45.68,
        "error_pct": 16.9,
        "sam_score": 0.955
      },
      "geometry": {
        "type": "Polygon",
        "coordinates": [
          [
            [
              -58.26734674366828,
              -38.05057960345932
            ],
            [
              -58.265888333600564,
              -38.05164435332004
            ],
            [
              -58.26611270438021,
              -38.052442915715595
            ],
            [
              -58.26633707515986,
              -38.052620374025715
            ],
            [
              -58.267010187498805,
              -38.052531644870655
            ],
            [
              -58.26712237288863,
              -38.053685123886446
            ],
            [
              -58.27138541770194,
              -38.05732301924393
            ],
            [
              -58.27295601315949,
              -38.058121581639476
            ],
            [
              -58.272843827769655,
              -38.0582990399496
            ],
            [
              -58.273741310888255,
              -38.05883141487996
            ],
            [
              -58.276770316413504,
              -38.056790644313566
            ],
            [
              -58.27688250180333,
              -38.05634699853827
            ],
            [
              -58.27519972095597,
              -38.055193519522476
            ],
            [
              -58.274863164786495,
              -38.054128769661745
            ],
            [
              -58.27419005244755,
              -38.053862582196565
            ],
            [
              -58.274302237837375,
              -38.05341893642126
            ],
            [
              -58.27295601315949,
              -38.052354186560535
            ],
            [
              -58.27217071543071,
              -38.051378165854864
            ],
            [
              -58.27217071543071,
              -38.0508457909245
            ],
            [
              -58.271721973871415,
              -38.05049087430426
            ],
            [
              -58.26835641217669,
              -38.0504021451492
            ],
            [
              -58.26779548522757,
              -38.05093452007956
            ],
            [
              -58.26734674366828,
              -38.05057960345932
            ]
          ]
        ]
      }
    },
    {
      "type": "Feature",
      "properties": {
        "id": 179,
        "localidad": "Ayacucho",
        "cultivo": "Trigo",
        "area_ha": 42.95,
        "error_pct": 6.8,
        "sam_score": 0.924
      },
      "geometry": {
        "type": "Polygon",
        "coordinates": [
          [
            [
              -58.261872008714846,
              -38.02984579092536
            ],
            [
              -58.26131124262079,
              -38.029934520080424
            ],
            [
              -58.26097478296436,
              -38.02966833261523
            ],
            [
              -58.258170952494105,
              -38.0294908743051
            ],
            [
              -58.25592788811789,
              -38.029579603460164
            ],
            [
              -58.25503066236741,
              -38.03011197839055
            ],
            [
              -58.25469420271097,
              -38.03064435332094
            ],
            [
              -58.254918509148595,
              -38.03091054078613
            ],
            [
              -58.25469420271097,
              -38.03126545740639
            ],
            [
              -58.254918509148595,
              -38.03162037402665
            ],
            [
              -58.25469420271097,
              -38.03197529064691
            ],
            [
              -58.254918509148595,
              -38.03215274895704
            ],
            [
              -58.25469420271097,
              -38.032685123887426
            ],
            [
              -58.254918509148595,
              -38.03286258219755
            ],
            [
              -58.25480635592979,
              -38.033394957127946
            ],
            [
              -58.25503066236741,
              -38.03445970698872
            ],
            [
              -58.2560400413367,
              -38.035435727694434
            ],
            [
              -58.257498033181236,
              -38.035524456849494
            ],
            [
              -58.25794664605648,
              -38.03579064431469
            ],
            [
              -58.259741097557445,
              -38.035879373469754
            ],
            [
              -58.26209631515247,
              -38.0352582693843
            ],
            [
              -58.26254492802771,
              -38.033394957127946
            ],
            [
              -58.2624327748089,
              -38.03055562416587
            ],
            [
              -58.261872008714846,
              -38.02984579092536
            ]
          ]
        ]
      }
    },
    {
      "type": "Feature",
      "properties": {
        "id": 180,
        "localidad": "Balcarce",
        "cultivo": "Maiz",
        "area_ha": 41.37,
        "error_pct": 18.7,
        "sam_score": 0.976
      },
      "geometry": {
        "type": "Polygon",
        "coordinates": [
          [
            [
              -58.13589010539173,
              -37.92097292262437
            ],
            [
              -58.13241164098228,
              -37.92319553535304
            ],
            [
              -58.13207501539427,
              -37.923728962407914
            ],
            [
              -58.13667556509709,
              -37.92790747433781
            ],
            [
              -58.137461024802455,
              -37.927996378846956
            ],
            [
              -58.13712439921444,
              -37.928263092374394
            ],
            [
              -58.13757323333179,
              -37.92844090139268
            ],
            [
              -58.137909858919805,
              -37.928174187865245
            ],
            [
              -58.13779765039047,
              -37.92790747433781
            ],
            [
              -58.1388075271545,
              -37.92781856982866
            ],
            [
              -58.13914415274251,
              -37.92755185630122
            ],
            [
              -58.138470901566485,
              -37.92728514277378
            ],
            [
              -58.13925636127185,
              -37.927196238264635
            ],
            [
              -58.1409394892119,
              -37.92559595709999
            ],
            [
              -58.14105169774124,
              -37.92479581651767
            ],
            [
              -58.1406028636239,
              -37.92417348495365
            ],
            [
              -58.14105169774124,
              -37.92319553535304
            ],
            [
              -58.14037844656522,
              -37.92230649026157
            ],
            [
              -58.138919735683835,
              -37.92106182713352
            ],
            [
              -58.13589010539173,
              -37.92097292262437
            ]
          ]
        ]
      }
    },
    {
      "type": "Feature",
      "properties": {
        "id": 181,
        "localidad": "Balcarce",
        "cultivo": "Soja",
        "area_ha": 52.03,
        "error_pct": 4.8,
        "sam_score": 0.945
      },
      "geometry": {
        "type": "Polygon",
        "coordinates": [
          [
            [
              -58.08959122418493,
              -37.870439495571496
            ],
            [
              -58.08600298968349,
              -37.87035059106234
            ],
            [
              -58.084096740104606,
              -37.87150634968137
            ],
            [
              -58.082751152166566,
              -37.87257320379124
            ],
            [
              -58.082751152166566,
              -37.87283991731871
            ],
            [
              -58.08219049052571,
              -37.87310663084618
            ],
            [
              -58.08319968147924,
              -37.87337334437365
            ],
            [
              -58.082863284494735,
              -37.87390677142858
            ],
            [
              -58.08331181380741,
              -37.87426238946521
            ],
            [
              -58.08241475518205,
              -37.87515143455677
            ],
            [
              -58.08331181380741,
              -37.87648500219411
            ],
            [
              -58.084208872432775,
              -37.87719623826735
            ],
            [
              -58.08757284227787,
              -37.87799637884976
            ],
            [
              -58.08936695952859,
              -37.876929524739886
            ],
            [
              -58.091385341435654,
              -37.87532924357508
            ],
            [
              -58.09149747376382,
              -37.87275101280955
            ],
            [
              -58.09183387074833,
              -37.872306490263774
            ],
            [
              -58.09048828281029,
              -37.870972922626436
            ],
            [
              -58.08959122418493,
              -37.870439495571496
            ]
          ]
        ]
      }
    },
    {
      "type": "Feature",
      "properties": {
        "id": 182,
        "localidad": "Balcarce",
        "cultivo": "Trigo",
        "area_ha": 44.07,
        "error_pct": 7.9,
        "sam_score": 0.89
      },
      "geometry": {
        "type": "Polygon",
        "coordinates": [
          [
            [
              -58.157866478720344,
              -37.81450634968378
            ],
            [
              -58.157642387342364,
              -37.814684158702114
            ],
            [
              -58.15775443303136,
              -37.81503977673878
            ],
            [
              -58.15719420458639,
              -37.81530649026628
            ],
            [
              -58.157642387342364,
              -37.815751012812115
            ],
            [
              -58.15719420458639,
              -37.81592882183045
            ],
            [
              -58.157418295964376,
              -37.81646224888544
            ],
            [
              -58.15719420458639,
              -37.81664005790378
            ],
            [
              -58.15719420458639,
              -37.817795816522946
            ],
            [
              -58.15775443303136,
              -37.81824033906878
            ],
            [
              -58.157642387342364,
              -37.81850705259628
            ],
            [
              -58.15842670716531,
              -37.81939609768795
            ],
            [
              -58.159883301122214,
              -37.81948500219711
            ],
            [
              -58.16100375801214,
              -37.820018429252116
            ],
            [
              -58.163244671792,
              -37.820018429252116
            ],
            [
              -58.16402899161495,
              -37.819840620233784
            ],
            [
              -58.16436512868192,
              -37.81948500219711
            ],
            [
              -58.165037402815884,
              -37.81948500219711
            ],
            [
              -58.165597631260844,
              -37.81912938416045
            ],
            [
              -58.16570967694984,
              -37.81735129397711
            ],
            [
              -58.165933768327825,
              -37.81717348495878
            ],
            [
              -58.165933768327825,
              -37.81583991732128
            ],
            [
              -58.16570967694984,
              -37.815662108302945
            ],
            [
              -58.165933768327825,
              -37.81521758575711
            ],
            [
              -58.16537353988286,
              -37.81441744517461
            ],
            [
              -58.16492535712689,
              -37.81423963615628
            ],
            [
              -58.1616760321461,
              -37.81406182713795
            ],
            [
              -58.15898693561027,
              -37.81423963615628
            ],
            [
              -58.157866478720344,
              -37.81450634968378
            ]
          ]
        ]
      }
    },
    {
      "type": "Feature",
      "properties": {
        "id": 184,
        "localidad": "",
        "cultivo": "",
        "area_ha": 30.97,
        "error_pct": 9.6,
        "sam_score": 0.956
      },
      "geometry": {
        "type": "MultiPolygon",
        "coordinates": [
          [
            [
              [
                -58.101917023941915,
                -37.81715073164699
              ],
              [
                -58.1006844712706,
                -37.81706182713782
              ],
              [
                -58.099227818113576,
                -37.81786196772032
              ],
              [
                -58.0983314161708,
                -37.81812868124781
              ],
              [
                -58.09777116495656,
                -37.81857320379365
              ],
              [
                -58.09709886349948,
                -37.81964005790364
              ],
              [
                -58.09709886349948,
                -37.82150705259613
              ],
              [
                -58.09889166738504,
                -37.82310733376112
              ],
              [
                -58.09956396884212,
                -37.82337404728862
              ],
              [
                -58.10012422005636,
                -37.823285142779454
              ],
              [
                -58.100236270299206,
                -37.82337404728862
              ],
              [
                -58.10113267224198,
                -37.82310733376112
              ],
              [
                -58.10158087321337,
                -37.82275171572446
              ],
              [
                -58.10270137564185,
                -37.822307193178624
              ],
              [
                -58.10337367709893,
                -37.82177376612363
              ],
              [
                -58.10326162685608,
                -37.8207958165228
              ],
              [
                -58.10348572734178,
                -37.82061800750447
              ],
              [
                -58.10348572734178,
                -37.82017348495864
              ],
              [
                -58.10382187807032,
                -37.81981786692197
              ],
              [
                -58.10393392831317,
                -37.819284439866976
              ],
              [
                -58.10370982782747,
                -37.81875101281198
              ],
              [
                -58.102589325399,
                -37.81759525419282
              ],
              [
                -58.101917023941915,
                -37.81715073164699
              ]
            ]
          ],
          [
            [
              [
                -58.100236270299206,
                -37.82337404728862
              ],
              [
                -58.10001216981351,
                -37.82355185630695
              ],
              [
                -58.100236270299206,
                -37.82372966532528
              ],
              [
                -58.1004603707849,
                -37.82355185630695
              ],
              [
                -58.100236270299206,
                -37.82337404728862
              ]
            ]
          ]
        ]
      }
    },
    {
      "type": "Feature",
      "properties": {
        "id": 185,
        "localidad": "Balcarce",
        "cultivo": "Soja",
        "area_ha": 38.78,
        "error_pct": 10.2,
        "sam_score": 0.942
      },
      "geometry": {
        "type": "Polygon",
        "coordinates": [
          [
            [
              -57.87706837304594,
              -37.77092239670156
            ],
            [
              -57.87560973827139,
              -37.7713677994901
            ],
            [
              -57.874599914196715,
              -37.77199136339405
            ],
            [
              -57.87291687407224,
              -37.77377297454821
            ],
            [
              -57.872804671397276,
              -37.77430745789446
            ],
            [
              -57.87359009012203,
              -37.774752860682995
            ],
            [
              -57.87415110349686,
              -37.775554585702366
            ],
            [
              -57.87549753559643,
              -37.77671263295257
            ],
            [
              -57.87661956234608,
              -37.7770689551834
            ],
            [
              -57.87774158909573,
              -37.77787068020277
            ],
            [
              -57.878302602470555,
              -37.77804884131819
            ],
            [
              -57.878863615845376,
              -37.77778159964506
            ],
            [
              -57.878863615845376,
              -37.777336196856524
            ],
            [
              -57.87964903457013,
              -37.77697987462569
            ],
            [
              -57.88009784526999,
              -37.77653447183715
            ],
            [
              -57.880546655969844,
              -37.77573274681778
            ],
            [
              -57.88032225061992,
              -37.77510918291383
            ],
            [
              -57.88099546666971,
              -37.77457469956758
            ],
            [
              -57.88144427736957,
              -37.77466378012529
            ],
            [
              -57.88166868271949,
              -37.77448561900987
            ],
            [
              -57.88166868271949,
              -37.773862055105916
            ],
            [
              -57.88110766934467,
              -37.77261492729801
            ],
            [
              -57.880546655969844,
              -37.77216952450947
            ],
            [
              -57.87964903457013,
              -37.772080443951765
            ],
            [
              -57.879424629220196,
              -37.77190228283634
            ],
            [
              -57.879424629220196,
              -37.77145688004781
            ],
            [
              -57.87897581852034,
              -37.77110055781698
            ],
            [
              -57.87706837304594,
              -37.77092239670156
            ]
          ]
        ]
      }
    },
    {
      "type": "Feature",
      "properties": {
        "id": 187,
        "localidad": "Balcarce",
        "cultivo": "Trigo",
        "area_ha": 30.77,
        "error_pct": 7.8,
        "sam_score": 0.933
      },
      "geometry": {
        "type": "Polygon",
        "coordinates": [
          [
            [
              -57.9486094190649,
              -37.788189638373986
            ],
            [
              -57.945803706934,
              -37.79014941064349
            ],
            [
              -57.945691478448765,
              -37.79104021622054
            ],
            [
              -57.94816050512396,
              -37.79326723016315
            ],
            [
              -57.9486094190649,
              -37.79353447183627
            ],
            [
              -57.949282789976316,
              -37.79353447183627
            ],
            [
              -57.949843932402494,
              -37.7942471162979
            ],
            [
              -57.95163958816627,
              -37.7942471162979
            ],
            [
              -57.952088502107216,
              -37.79389079406708
            ],
            [
              -57.951864045136745,
              -37.79362355239397
            ],
            [
              -57.95220073059245,
              -37.79335631072085
            ],
            [
              -57.952088502107216,
              -37.7922873440284
            ],
            [
              -57.95231295907769,
              -37.79202010235529
            ],
            [
              -57.95242518756292,
              -37.79210918291299
            ],
            [
              -57.9529863299891,
              -37.79175286068217
            ],
            [
              -57.9529863299891,
              -37.78979308841267
            ],
            [
              -57.952649644533395,
              -37.78943676618185
            ],
            [
              -57.95276187301863,
              -37.78925860506644
            ],
            [
              -57.95231295907769,
              -37.78881320227792
            ],
            [
              -57.95152735968104,
              -37.788724121720215
            ],
            [
              -57.95119067422533,
              -37.7884568800471
            ],
            [
              -57.950292846343444,
              -37.788189638373986
            ],
            [
              -57.9486094190649,
              -37.788189638373986
            ]
          ]
        ]
      }
    },
    {
      "type": "Feature",
      "properties": {
        "id": 188,
        "localidad": "Balcarce",
        "cultivo": "Maiz",
        "area_ha": 39.45,
        "error_pct": 6.8,
        "sam_score": 0.99
      },
      "geometry": {
        "type": "Polygon",
        "coordinates": [
          [
            [
              -57.95695616088773,
              -37.78738791335464
            ],
            [
              -57.9556094190649,
              -37.78756607447005
            ],
            [
              -57.95358930633065,
              -37.78899136339332
            ],
            [
              -57.953140392389706,
              -37.789793088412665
            ],
            [
              -57.95302816390447,
              -37.79095113566282
            ],
            [
              -57.95325262087494,
              -37.79193102179757
            ],
            [
              -57.95426267724207,
              -37.79299998849003
            ],
            [
              -57.955721647550135,
              -37.79371263295167
            ],
            [
              -57.95729284634344,
              -37.793890794067075
            ],
            [
              -57.95875181665151,
              -37.79353447183626
            ],
            [
              -57.96077192938576,
              -37.79210918291298
            ],
            [
              -57.961108614841464,
              -37.79121837733594
            ],
            [
              -57.961108614841464,
              -37.79023849120119
            ],
            [
              -57.960547472415286,
              -37.78899136339332
            ],
            [
              -57.95942518756292,
              -37.78801147725857
            ],
            [
              -57.95807844574009,
              -37.78747699391234
            ],
            [
              -57.95695616088773,
              -37.78738791335464
            ]
          ]
        ]
      }
    },
    {
      "type": "Feature",
      "properties": {
        "id": 189,
        "localidad": "Balcarce",
        "cultivo": "Soja",
        "area_ha": 64.2,
        "error_pct": 13.4,
        "sam_score": 0.993
      },
      "geometry": {
        "type": "Polygon",
        "coordinates": [
          [
            [
              -57.958517641462734,
              -37.83503159112194
            ],
            [
              -57.95672081780149,
              -37.83503159112194
            ],
            [
              -57.954474788224935,
              -37.835744235583505
            ],
            [
              -57.95301486900017,
              -37.83699136339124
            ],
            [
              -57.9523410601272,
              -37.838505732872065
            ],
            [
              -57.95256566308486,
              -37.84082182737215
            ],
            [
              -57.955036295619074,
              -37.84287068019915
            ],
            [
              -57.95627161188618,
              -37.84322700242993
            ],
            [
              -57.958293038505076,
              -37.84331608298763
            ],
            [
              -57.960651369560466,
              -37.84260343852606
            ],
            [
              -57.96188668582757,
              -37.841712632949104
            ],
            [
              -57.96278509765819,
              -37.840287344025974
            ],
            [
              -57.96278509765819,
              -37.838149410641286
            ],
            [
              -57.961437479912256,
              -37.837525846737414
            ],
            [
              -57.9599775606875,
              -37.83627871892968
            ],
            [
              -57.95952835477219,
              -37.83547699391041
            ],
            [
              -57.958517641462734,
              -37.83503159112194
            ]
          ]
        ]
      }
    },
    {
      "type": "Feature",
      "properties": {
        "id": 190,
        "localidad": "Ayacucho",
        "cultivo": "Trigo",
        "area_ha": 30.0,
        "error_pct": 1.3,
        "sam_score": 0.95
      },
      "geometry": {
        "type": "Polygon",
        "coordinates": [
          [
            [
              -58.12822581723444,
              -38.00841744516643
            ],
            [
              -58.12788879252236,
              -38.00886196771208
            ],
            [
              -58.12766410938098,
              -38.00877306320295
            ],
            [
              -58.126990059956825,
              -38.00948429927599
            ],
            [
              -58.12676537681544,
              -38.00939539476686
            ],
            [
              -58.12530493639644,
              -38.010551153385556
            ],
            [
              -58.124855570113674,
              -38.01117348494947
            ],
            [
              -58.12687771838613,
              -38.0130404796412
            ],
            [
              -58.12856284194652,
              -38.01401842924163
            ],
            [
              -58.12934923294136,
              -38.014107333750765
            ],
            [
              -58.12979859922413,
              -38.013929524732504
            ],
            [
              -58.130135623936205,
              -38.014107333750765
            ],
            [
              -58.13080967336036,
              -38.014107333750765
            ],
            [
              -58.131483722784516,
              -38.01366281120511
            ],
            [
              -58.131371381213825,
              -38.01357390669598
            ],
            [
              -58.13204543063797,
              -38.01295157513207
            ],
            [
              -58.13204543063797,
              -38.00859525418469
            ],
            [
              -58.1317084059259,
              -38.0083285406573
            ],
            [
              -58.131483722784516,
              -38.00850634967556
            ],
            [
              -58.131259039643126,
              -38.0083285406573
            ],
            [
              -58.13080967336036,
              -38.00859525418469
            ],
            [
              -58.130472648648286,
              -38.0083285406573
            ],
            [
              -58.130023282365514,
              -38.00859525418469
            ],
            [
              -58.12968625765344,
              -38.00823963614817
            ],
            [
              -58.129124549799975,
              -38.00859525418469
            ],
            [
              -58.12822581723444,
              -38.00841744516643
            ]
          ]
        ]
      }
    },
    {
      "type": "Feature",
      "properties": {
        "id": 191,
        "localidad": "Ayacucho",
        "cultivo": "Maiz",
        "area_ha": 33.66,
        "error_pct": 6.7,
        "sam_score": 0.975
      },
      "geometry": {
        "type": "Polygon",
        "coordinates": [
          [
            [
              -58.171708479894406,
              -38.01006182712983
            ],
            [
              -58.1678887622748,
              -38.01006182712983
            ],
            [
              -58.16586655882912,
              -38.011573203785034
            ],
            [
              -58.16541718028564,
              -38.01210663083982
            ],
            [
              -58.16575421419325,
              -38.01388472102241
            ],
            [
              -58.16946158717699,
              -38.016285142768915
            ],
            [
              -58.17137144598679,
              -38.01512938415023
            ],
            [
              -58.17305661552486,
              -38.01370691200415
            ],
            [
              -58.17294427088899,
              -38.013262389458504
            ],
            [
              -58.17316896016073,
              -38.01272896240372
            ],
            [
              -58.17260723698138,
              -38.010684158693735
            ],
            [
              -58.171708479894406,
              -38.01006182712983
            ]
          ]
        ]
      }
    },
    {
      "type": "Feature",
      "properties": {
        "id": 192,
        "localidad": "Ayacucho",
        "cultivo": "Soja",
        "area_ha": 42.58,
        "error_pct": 5.5,
        "sam_score": 0.958
      },
      "geometry": {
        "type": "Polygon",
        "coordinates": [
          [
            [
              -58.21082364149851,
              -38.082668332613075
            ],
            [
              -58.209811530988645,
              -38.08302324923329
            ],
            [
              -58.20924924737205,
              -38.08302324923329
            ],
            [
              -58.208799420478776,
              -38.08275706176813
            ],
            [
              -58.20733748307564,
              -38.08275706176813
            ],
            [
              -58.20688765618237,
              -38.082579603458015
            ],
            [
              -58.20621291584246,
              -38.083111978388345
            ],
            [
              -58.20553817550255,
              -38.083111978388345
            ],
            [
              -58.202839214142905,
              -38.08524147810966
            ],
            [
              -58.203176584312864,
              -38.08586258219504
            ],
            [
              -58.20767485324559,
              -38.08958920670734
            ],
            [
              -58.208799420478776,
              -38.088968102621955
            ],
            [
              -58.21296031924155,
              -38.08586258219504
            ],
            [
              -58.213072775964875,
              -38.085064019799546
            ],
            [
              -58.21284786251824,
              -38.084620374024276
            ],
            [
              -58.21082364149851,
              -38.082668332613075
            ]
          ]
        ]
      }
    },
    {
      "type": "Feature",
      "properties": {
        "id": 193,
        "localidad": "Tandil",
        "cultivo": "Trigo",
        "area_ha": 49.88,
        "error_pct": 5.2,
        "sam_score": 0.94
      },
      "geometry": {
        "type": "Polygon",
        "coordinates": [
          [
            [
              -58.65479215065517,
              -37.55106274307659
            ],
            [
              -58.653235208554854,
              -37.55123950410474
            ],
            [
              -58.6510110055544,
              -37.55106274307659
            ],
            [
              -58.64945406345409,
              -37.55194654821732
            ],
            [
              -58.64934285330406,
              -37.55380253901286
            ],
            [
              -58.64878680255395,
              -37.554332822097294
            ],
            [
              -58.648675592403926,
              -37.55512824672395
            ],
            [
              -58.64811954165381,
              -37.55574691032246
            ],
            [
              -58.648453172103885,
              -37.5562771934069
            ],
            [
              -58.64823075180384,
              -37.556807476491336
            ],
            [
              -58.64945406345409,
              -37.55813318420243
            ],
            [
              -58.651567056304515,
              -37.558398325744655
            ],
            [
              -58.65245673750469,
              -37.55892860882909
            ],
            [
              -58.653012788254806,
              -37.55892860882909
            ],
            [
              -58.65368004915494,
              -37.558309945230576
            ],
            [
              -58.65434731005508,
              -37.558221564716504
            ],
            [
              -58.656349092755484,
              -37.55636557392097
            ],
            [
              -58.65668272320555,
              -37.55574691032246
            ],
            [
              -58.65646030290551,
              -37.55548176878025
            ],
            [
              -58.65679393335557,
              -37.55503986620988
            ],
            [
              -58.65646030290551,
              -37.553979300041
            ],
            [
              -58.65646030290551,
              -37.55230007027362
            ],
            [
              -58.65568183185535,
              -37.55176978718918
            ],
            [
              -58.655125781105234,
              -37.55194654821732
            ],
            [
              -58.65479215065517,
              -37.55106274307659
            ]
          ]
        ]
      }
    },
    {
      "type": "Feature",
      "properties": {
        "id": 194,
        "localidad": "Tandil",
        "cultivo": "Maiz",
        "area_ha": 53.08,
        "error_pct": 1.5,
        "sam_score": 0.992
      },
      "geometry": {
        "type": "Polygon",
        "coordinates": [
          [
            [
              -58.56795545724455,
              -37.57059302616027
            ],
            [
              -58.56595710544331,
              -37.57068140667434
            ],
            [
              -58.56462487090914,
              -37.5713884507869
            ],
            [
              -58.56395875364206,
              -37.57147683130096
            ],
            [
              -58.562848558196926,
              -37.57280253901201
            ],
            [
              -58.56251549956338,
              -37.57377472466677
            ],
            [
              -58.562626519107894,
              -37.57545395443409
            ],
            [
              -58.56362569500852,
              -37.5768680426592
            ],
            [
              -58.56484690999817,
              -37.577751847799895
            ],
            [
              -58.56629016407685,
              -37.57819375037025
            ],
            [
              -58.5675113790665,
              -37.57819375037025
            ],
            [
              -58.56939871132323,
              -37.57766346728583
            ],
            [
              -58.5707309458574,
              -37.576691281631064
            ],
            [
              -58.57161910221351,
              -37.57554233494816
            ],
            [
              -58.57173012175802,
              -37.57395148569491
            ],
            [
              -58.571175024035455,
              -37.5725373974698
            ],
            [
              -58.56862157451164,
              -37.57076978718841
            ],
            [
              -58.56795545724455,
              -37.57059302616027
            ]
          ]
        ]
      }
    },
    {
      "type": "Feature",
      "properties": {
        "id": 195,
        "localidad": "Balcarce",
        "cultivo": "Soja",
        "area_ha": 49.46,
        "error_pct": 3.9,
        "sam_score": 0.999
      },
      "geometry": {
        "type": "Polygon",
        "coordinates": [
          [
            [
              -58.639846871874475,
              -37.70168140666906
            ],
            [
              -58.63773377782802,
              -37.70159302615502
            ],
            [
              -58.63606554568608,
              -37.70185816769715
            ],
            [
              -58.63439731354414,
              -37.70309549489378
            ],
            [
              -58.63373002068736,
              -37.70450958311851
            ],
            [
              -58.63384123616349,
              -37.706453954427495
            ],
            [
              -58.63428609806801,
              -37.70707261802581
            ],
            [
              -58.63606554568608,
              -37.708309945222446
            ],
            [
              -58.63817863973254,
              -37.708751847792676
            ],
            [
              -58.63929079449383,
              -37.708663467278626
            ],
            [
              -58.64151510401641,
              -37.70751452059604
            ],
            [
              -58.64262725877771,
              -37.706188812885365
            ],
            [
              -58.64273847425384,
              -37.705039866202775
            ],
            [
              -58.64240482782545,
              -37.7037141584921
            ],
            [
              -58.64140388854029,
              -37.70247683129546
            ],
            [
              -58.639846871874475,
              -37.70168140666906
            ]
          ]
        ]
      }
    },
    {
      "type": "Feature",
      "properties": {
        "id": 196,
        "localidad": "Balcarce",
        "cultivo": "Trigo",
        "area_ha": 30.72,
        "error_pct": 30.7,
        "sam_score": 0.899
      },
      "geometry": {
        "type": "Polygon",
        "coordinates": [
          [
            [
              -58.59178412501915,
              -37.67171915976387
            ],
            [
              -58.59111578642834,
              -37.672250486712514
            ],
            [
              -58.59089300689807,
              -37.67269325916972
            ],
            [
              -58.59122717619348,
              -37.67295892264404
            ],
            [
              -58.59100439666321,
              -37.67349024959268
            ],
            [
              -58.59122717619348,
              -37.675084230438614
            ],
            [
              -58.592675243140235,
              -37.67605832984446
            ],
            [
              -58.59323219196591,
              -37.67605832984446
            ],
            [
              -58.59367775102645,
              -37.67641254781022
            ],
            [
              -58.59434608961726,
              -37.67641254781022
            ],
            [
              -58.59468025891267,
              -37.676678211284546
            ],
            [
              -58.59545998726861,
              -37.676678211284546
            ],
            [
              -58.595905546329156,
              -37.677209538233186
            ],
            [
              -58.5966852746851,
              -37.67756375619895
            ],
            [
              -58.597130833745645,
              -37.67738664721607
            ],
            [
              -58.598244731396996,
              -37.67641254781022
            ],
            [
              -58.598467510927264,
              -37.67596977535302
            ],
            [
              -58.59746500304105,
              -37.67313603162692
            ],
            [
              -58.59646249515483,
              -37.672427595695396
            ],
            [
              -58.59623971562456,
              -37.672427595695396
            ],
            [
              -58.59512581797321,
              -37.67145349628955
            ],
            [
              -58.592898022670504,
              -37.67145349628955
            ],
            [
              -58.592675243140235,
              -37.67163060527243
            ],
            [
              -58.59178412501915,
              -37.67171915976387
            ]
          ]
        ]
      }
    },
    {
      "type": "Feature",
      "properties": {
        "id": 197,
        "localidad": "Balcarce",
        "cultivo": "Maiz",
        "area_ha": 37.19,
        "error_pct": 24.2,
        "sam_score": 0.96
      },
      "geometry": {
        "type": "Polygon",
        "coordinates": [
          [
            [
              -58.59162504731379,
              -37.676476831296554
            ],
            [
              -58.59084681189986,
              -37.67638845078251
            ],
            [
              -58.589846223510506,
              -37.67585816769821
            ],
            [
              -58.5876226937564,
              -37.67612330924036
            ],
            [
              -58.58684445834246,
              -37.67603492872631
            ],
            [
              -58.58651092887935,
              -37.67576978718416
            ],
            [
              -58.583175634248185,
              -37.67797930003541
            ],
            [
              -58.58284210478507,
              -37.67877472466186
            ],
            [
              -58.583064457760486,
              -37.67912824671806
            ],
            [
              -58.58284210478507,
              -37.67930500774616
            ],
            [
              -58.58362034019901,
              -37.67983529083046
            ],
            [
              -58.58362034019901,
              -37.680277193400705
            ],
            [
              -58.58595504644082,
              -37.68230994522386
            ],
            [
              -58.58651092887935,
              -37.68230994522386
            ],
            [
              -58.58929034107198,
              -37.680365573914756
            ],
            [
              -58.59051328243674,
              -37.67974691031641
            ],
            [
              -58.59129151785068,
              -37.67903986620401
            ],
            [
              -58.591847400289204,
              -37.67727225592301
            ],
            [
              -58.591847400289204,
              -37.676653592324655
            ],
            [
              -58.59162504731379,
              -37.676476831296554
            ]
          ]
        ]
      }
    },
    {
      "type": "Feature",
      "properties": {
        "id": 200,
        "localidad": "Balcarce",
        "cultivo": "Soja",
        "area_ha": 43.34,
        "error_pct": 12.1,
        "sam_score": 0.981
      },
      "geometry": {
        "type": "Polygon",
        "coordinates": [
          [
            [
              -58.54234918070823,
              -37.703946548211114
            ],
            [
              -58.54023186168831,
              -37.7041233092392
            ],
            [
              -58.539228921099934,
              -37.703946548211114
            ],
            [
              -58.53555147227588,
              -37.7066863441465
            ],
            [
              -58.53789166698209,
              -37.70916099853975
            ],
            [
              -58.540343299531465,
              -37.71110536984874
            ],
            [
              -58.54123480227669,
              -37.7108402283066
            ],
            [
              -58.54457793757129,
              -37.708630715455485
            ],
            [
              -58.544912251100754,
              -37.70818881288526
            ],
            [
              -58.544912251100754,
              -37.70633282209032
            ],
            [
              -58.54457793757129,
              -37.70544901694987
            ],
            [
              -58.54335212129661,
              -37.70438845078134
            ],
            [
              -58.54234918070823,
              -37.703946548211114
            ]
          ]
        ]
      }
    },
    {
      "type": "Feature",
      "properties": {
        "id": 201,
        "localidad": "Balcarce",
        "cultivo": "Trigo",
        "area_ha": 37.25,
        "error_pct": 3.5,
        "sam_score": 0.981
      },
      "geometry": {
        "type": "Polygon",
        "coordinates": [
          [
            [
              -58.57568392670073,
              -37.72289626874467
            ],
            [
              -58.57367753104038,
              -37.722807714253236
            ],
            [
              -58.57267433321021,
              -37.72307337772753
            ],
            [
              -58.57122526967774,
              -37.72404747713327
            ],
            [
              -58.57066793754987,
              -37.72484446755615
            ],
            [
              -58.57033353827315,
              -37.72617278492762
            ],
            [
              -58.57044500469872,
              -37.7267041118762
            ],
            [
              -58.572339933933485,
              -37.728475201704825
            ],
            [
              -58.57345459818924,
              -37.72891797416198
            ],
            [
              -58.575572460275154,
              -37.72891797416198
            ],
            [
              -58.57657565810533,
              -37.72856375619626
            ],
            [
              -58.57746738950992,
              -37.72794387475624
            ],
            [
              -58.57813618806337,
              -37.72705832984193
            ],
            [
              -58.57824765448894,
              -37.725198685521875
            ],
            [
              -58.577913255212216,
              -37.72431314060756
            ],
            [
              -58.576910057382044,
              -37.72342759569325
            ],
            [
              -58.57568392670073,
              -37.72289626874467
            ]
          ]
        ]
      }
    },
    {
      "type": "Feature",
      "properties": {
        "id": 202,
        "localidad": "Balcarce",
        "cultivo": "Maiz",
        "area_ha": 31.33,
        "error_pct": 5.8,
        "sam_score": 0.975
      },
      "geometry": {
        "type": "Polygon",
        "coordinates": [
          [
            [
              -58.57340079084131,
              -37.61998482324032
            ],
            [
              -58.57217877132761,
              -37.62042759569757
            ],
            [
              -58.571067844496966,
              -37.62149024959498
            ],
            [
              -58.57051238108164,
              -37.62255290349238
            ],
            [
              -58.57040128839858,
              -37.62370411188123
            ],
            [
              -58.57217877132761,
              -37.62547520171024
            ],
            [
              -58.57262314205986,
              -37.625652310693134
            ],
            [
              -58.57362297620744,
              -37.625652310693134
            ],
            [
              -58.57406734693969,
              -37.624855320270086
            ],
            [
              -58.57428953230582,
              -37.62476676577863
            ],
            [
              -58.574511717671946,
              -37.624943874761534
            ],
            [
              -58.574178439622756,
              -37.625298092727334
            ],
            [
              -58.57495608840421,
              -37.625917974167486
            ],
            [
              -58.57606701523485,
              -37.625298092727334
            ],
            [
              -58.57762231279774,
              -37.62405832984703
            ],
            [
              -58.57762231279774,
              -37.621933022052225
            ],
            [
              -58.575844829868714,
              -37.62033904120612
            ],
            [
              -58.574511717671946,
              -37.61998482324032
            ],
            [
              -58.57340079084131,
              -37.61998482324032
            ]
          ]
        ]
      }
    },
    {
      "type": "Feature",
      "properties": {
        "id": 203,
        "localidad": "Balcarce",
        "cultivo": "Soja",
        "area_ha": 31.05,
        "error_pct": 11.7,
        "sam_score": 0.961
      },
      "geometry": {
        "type": "Polygon",
        "coordinates": [
          [
            [
              -58.580511745349526,
              -37.62403492872845
            ],
            [
              -58.57884526542851,
              -37.62403492872845
            ],
            [
              -58.57817867346011,
              -37.624388450784686
            ],
            [
              -58.5770676868461,
              -37.62536063643934
            ],
            [
              -58.5769565881847,
              -37.626951485692416
            ],
            [
              -58.577289884168906,
              -37.62836557391737
            ],
            [
              -58.5770676868461,
              -37.62889585700173
            ],
            [
              -58.5778453774759,
              -37.62951452060015
            ],
            [
              -58.57940075873552,
              -37.62995642317044
            ],
            [
              -58.580733942672325,
              -37.62995642317044
            ],
            [
              -58.581622731963535,
              -37.629602901114204
            ],
            [
              -58.58306701456174,
              -37.628542334945486
            ],
            [
              -58.58351140920735,
              -37.627481768776775
            ],
            [
              -58.58340031054595,
              -37.62615606106588
            ],
            [
              -58.58262261991614,
              -37.624918733869045
            ],
            [
              -58.58184492928633,
              -37.624388450784686
            ],
            [
              -58.580511745349526,
              -37.62403492872845
            ]
          ]
        ]
      }
    },
    {
      "type": "Feature",
      "properties": {
        "id": 204,
        "localidad": "Balcarce",
        "cultivo": "Trigo",
        "area_ha": 35.65,
        "error_pct": 5.4,
        "sam_score": 0.956
      },
      "geometry": {
        "type": "Polygon",
        "coordinates": [
          [
            [
              -58.58395611419839,
              -37.62212330924259
            ],
            [
              -58.581512009412535,
              -37.62212330924259
            ],
            [
              -58.58040105269169,
              -37.622653592326955
            ],
            [
              -58.57873461761043,
              -37.624156061065975
            ],
            [
              -58.57884571328251,
              -37.62486310517845
            ],
            [
              -58.57906790462668,
              -37.62503986620657
            ],
            [
              -58.578956808954594,
              -37.62574691031905
            ],
            [
              -58.57951228731502,
              -37.62627719340341
            ],
            [
              -58.57951228731502,
              -37.62680747648777
            ],
            [
              -58.58084543538003,
              -37.627602901114315
            ],
            [
              -58.58162310508462,
              -37.627602901114315
            ],
            [
              -58.58162310508462,
              -37.62795642317055
            ],
            [
              -58.58184529642879,
              -37.628133184198674
            ],
            [
              -58.582511870461296,
              -37.62830994522679
            ],
            [
              -58.582289679117125,
              -37.62857508676897
            ],
            [
              -58.582511870461296,
              -37.62875184779709
            ],
            [
              -58.58273406180546,
              -37.62857508676897
            ],
            [
              -58.582511870461296,
              -37.628398325740854
            ],
            [
              -58.583178444493804,
              -37.62830994522679
            ],
            [
              -58.583845018526304,
              -37.62804480368461
            ],
            [
              -58.58617802764008,
              -37.626365573917475
            ],
            [
              -58.58651131465633,
              -37.625923671347174
            ],
            [
              -58.58651131465633,
              -37.623890919523795
            ],
            [
              -58.58495597524715,
              -37.62247683129883
            ],
            [
              -58.58395611419839,
              -37.62212330924259
            ]
          ]
        ]
      }
    },
    {
      "type": "Feature",
      "properties": {
        "id": 209,
        "localidad": "Tandil",
        "cultivo": "Maiz",
        "area_ha": 40.39,
        "error_pct": 4.4,
        "sam_score": 0.99
      },
      "geometry": {
        "type": "Polygon",
        "coordinates": [
          [
            [
              -58.55095553444708,
              -37.57703492873037
            ],
            [
              -58.54940113557703,
              -37.5769465482163
            ],
            [
              -58.547957765197694,
              -37.57738845078664
            ],
            [
              -58.546403366327645,
              -37.57844901695546
            ],
            [
              -58.54584822387405,
              -37.579509583124285
            ],
            [
              -58.54573719538334,
              -37.58074691032124
            ],
            [
              -58.54618130934621,
              -37.58171909597599
            ],
            [
              -58.548068793688415,
              -37.58322156471515
            ],
            [
              -58.548623936142,
              -37.58339832574329
            ],
            [
              -58.55028936350277,
              -37.58348670625736
            ],
            [
              -58.55184376237282,
              -37.58304480368702
            ],
            [
              -58.55306507577072,
              -37.582072618032264
            ],
            [
              -58.55395330369646,
              -37.58083529083531
            ],
            [
              -58.55395330369646,
              -37.579509583124285
            ],
            [
              -58.55317610426143,
              -37.578272255927324
            ],
            [
              -58.55195479086354,
              -37.57738845078664
            ],
            [
              -58.55095553444708,
              -37.57703492873037
            ]
          ]
        ]
      }
    },
    {
      "type": "Feature",
      "properties": {
        "id": 210,
        "localidad": "Tandil",
        "cultivo": "Soja",
        "area_ha": 64.27,
        "error_pct": 3.4,
        "sam_score": 0.986
      },
      "geometry": {
        "type": "Polygon",
        "coordinates": [
          [
            [
              -58.51045924717764,
              -37.572745060361775
            ],
            [
              -58.50767817218849,
              -37.57256795137886
            ],
            [
              -58.50567579819631,
              -37.573187832819066
            ],
            [
              -58.504229639201945,
              -37.57425048671657
            ],
            [
              -58.50356218120455,
              -37.575490249596996
            ],
            [
              -58.503450938204985,
              -37.57717278493471
            ],
            [
              -58.50378466720368,
              -37.57814688434076
            ],
            [
              -58.506565742192834,
              -37.580537855610146
            ],
            [
              -58.50979178918025,
              -37.580714964593064
            ],
            [
              -58.51079297617634,
              -37.58044930111869
            ],
            [
              -58.51179416317244,
              -37.579829419678475
            ],
            [
              -58.51357405116549,
              -37.57788122086638
            ],
            [
              -58.51379653716462,
              -37.576375794511584
            ],
            [
              -58.51357405116549,
              -37.57531314061408
            ],
            [
              -58.5125728641694,
              -37.574073377733654
            ],
            [
              -58.511349191174176,
              -37.57309927832761
            ],
            [
              -58.51045924717764,
              -37.572745060361775
            ]
          ]
        ]
      }
    },
    {
      "type": "Feature",
      "properties": {
        "id": 211,
        "localidad": "Tandil",
        "cultivo": "Trigo",
        "area_ha": 58.48,
        "error_pct": 2.5,
        "sam_score": 0.957
      },
      "geometry": {
        "type": "Polygon",
        "coordinates": [
          [
            [
              -58.51434314510568,
              -37.578364941801794
            ],
            [
              -58.50922562346885,
              -37.58226133942595
            ],
            [
              -58.50922562346885,
              -37.582615557391776
            ],
            [
              -58.51311938993165,
              -37.585980628067176
            ],
            [
              -58.51445439557604,
              -37.585537855609886
            ],
            [
              -58.515121898398235,
              -37.585980628067176
            ],
            [
              -58.516790655453725,
              -37.585980628067176
            ],
            [
              -58.51667940498336,
              -37.58624629154155
            ],
            [
              -58.517013156394455,
              -37.58642340052447
            ],
            [
              -58.51734690780555,
              -37.585980628067176
            ],
            [
              -58.51968316768323,
              -37.58482941967822
            ],
            [
              -58.52090692285726,
              -37.58350110230636
            ],
            [
              -58.52079567238689,
              -37.582792666374694
            ],
            [
              -58.5201281695647,
              -37.58181856696866
            ],
            [
              -58.52023942003506,
              -37.58128724001991
            ],
            [
              -58.5197944181536,
              -37.580933022054076
            ],
            [
              -58.519349416272135,
              -37.58102157654553
            ],
            [
              -58.5194606667425,
              -37.58084446756262
            ],
            [
              -58.51845941250921,
              -37.579870368156584
            ],
            [
              -58.51656815451299,
              -37.57871915976763
            ],
            [
              -58.51434314510568,
              -37.578364941801794
            ]
          ]
        ]
      }
    },
    {
      "type": "Feature",
      "properties": {
        "id": 212,
        "localidad": "Balcarce",
        "cultivo": "Maiz",
        "area_ha": 64.08,
        "error_pct": 12.0,
        "sam_score": 0.94
      },
      "geometry": {
        "type": "Polygon",
        "coordinates": [
          [
            [
              -58.50218152558358,
              -37.60084446756172
            ],
            [
              -58.50218152558358,
              -37.601818566967715
            ],
            [
              -58.50595761033533,
              -37.60518363764297
            ],
            [
              -58.50673503954892,
              -37.605360746625884
            ],
            [
              -58.50640185560024,
              -37.60562641010025
            ],
            [
              -58.506623978232696,
              -37.60580351908315
            ],
            [
              -58.50695716218138,
              -37.605537855608794
            ],
            [
              -58.506846100865154,
              -37.60527219213443
            ],
            [
              -58.50873414324102,
              -37.60562641010025
            ],
            [
              -58.50973369508707,
              -37.605537855608794
            ],
            [
              -58.51117749219804,
              -37.604917974168615
            ],
            [
              -58.51173279877917,
              -37.60500652866007
            ],
            [
              -58.51195492141163,
              -37.6045637562028
            ],
            [
              -58.51317659589014,
              -37.604120983745524
            ],
            [
              -58.513620841155046,
              -37.603501102305344
            ],
            [
              -58.513398718522595,
              -37.603235438830986
            ],
            [
              -58.51373190247128,
              -37.60173001247626
            ],
            [
              -58.513620841155046,
              -37.60004747713863
            ],
            [
              -58.51173279877917,
              -37.59845349629246
            ],
            [
              -58.51128855351426,
              -37.59863060527537
            ],
            [
              -58.509844756403304,
              -37.598364941801
            ],
            [
              -58.505846549019104,
              -37.59827638730955
            ],
            [
              -58.50473593585682,
              -37.59880771425828
            ],
            [
              -58.50218152558358,
              -37.60084446756172
            ]
          ]
        ]
      }
    },
    {
      "type": "Feature",
      "properties": {
        "id": 213,
        "localidad": "Balcarce",
        "cultivo": "Soja",
        "area_ha": 40.85,
        "error_pct": 19.3,
        "sam_score": 0.971
      },
      "geometry": {
        "type": "Polygon",
        "coordinates": [
          [
            [
              -58.53712525578533,
              -37.63436494179958
            ],
            [
              -58.53623458162623,
              -37.63471915976537
            ],
            [
              -58.535566576006914,
              -37.63622458611998
            ],
            [
              -58.53423056476828,
              -37.6373757945088
            ],
            [
              -58.532783219259755,
              -37.63790712145748
            ],
            [
              -58.53222654791033,
              -37.63790712145748
            ],
            [
              -58.531558542291,
              -37.63834989391472
            ],
            [
              -58.53189254510067,
              -37.639501102303534
            ],
            [
              -58.53233788218021,
              -37.64012098374367
            ],
            [
              -58.53367389341884,
              -37.641095083149594
            ],
            [
              -58.535566576006914,
              -37.641626410098276
            ],
            [
              -58.53679125297567,
              -37.641626410098276
            ],
            [
              -58.537793261404644,
              -37.64127219213249
            ],
            [
              -58.53957460972283,
              -37.639943874760775
            ],
            [
              -58.53968594399271,
              -37.63958965679498
            ],
            [
              -58.54035394961203,
              -37.63914688433775
            ],
            [
              -58.5405766181518,
              -37.63852700289761
            ],
            [
              -58.5405766181518,
              -37.63693302205156
            ],
            [
              -58.54001994680237,
              -37.63569325917129
            ],
            [
              -58.53912927264328,
              -37.63498482323971
            ],
            [
              -58.53712525578533,
              -37.63436494179958
            ]
          ]
        ]
      }
    },
    {
      "type": "Feature",
      "properties": {
        "id": 214,
        "localidad": "Balcarce",
        "cultivo": "Trigo",
        "area_ha": 31.07,
        "error_pct": 4.5,
        "sam_score": 0.964
      },
      "geometry": {
        "type": "Polygon",
        "coordinates": [
          [
            [
              -58.57756493382228,
              -37.61638845078502
            ],
            [
              -58.576897098951235,
              -37.616653592327204
            ],
            [
              -58.57567273502099,
              -37.61762577798187
            ],
            [
              -58.575116205961784,
              -37.61886310517873
            ],
            [
              -58.575116205961784,
              -37.619305007749034
            ],
            [
              -58.57622926408019,
              -37.62045395443183
            ],
            [
              -58.57845538031701,
              -37.622309945227116
            ],
            [
              -58.579457132623574,
              -37.622309945227116
            ],
            [
              -58.58001366168278,
              -37.62195642317087
            ],
            [
              -58.58123802561303,
              -37.62160290111463
            ],
            [
              -58.5822397779196,
              -37.620807476488075
            ],
            [
              -58.582128472107755,
              -37.62027719340371
            ],
            [
              -58.58235108373144,
              -37.619923671347465
            ],
            [
              -58.58235108373144,
              -37.61868634415061
            ],
            [
              -58.582128472107755,
              -37.617714158495936
            ],
            [
              -58.57967974424726,
              -37.61647683129908
            ],
            [
              -58.57756493382228,
              -37.61638845078502
            ]
          ]
        ]
      }
    },
    {
      "type": "Feature",
      "properties": {
        "id": 215,
        "localidad": "Balcarce",
        "cultivo": "Maiz",
        "area_ha": 33.78,
        "error_pct": 2.9,
        "sam_score": 0.968
      },
      "geometry": {
        "type": "Polygon",
        "coordinates": [
          [
            [
              -58.55478557052649,
              -37.73698482323553
            ],
            [
              -58.552890282966366,
              -37.73831314060696
            ],
            [
              -58.55244433295222,
              -37.73911013102982
            ],
            [
              -58.55233284544868,
              -37.74026133941839
            ],
            [
              -58.553113257973436,
              -37.74114688433267
            ],
            [
              -58.55478557052649,
              -37.742475201704096
            ],
            [
              -58.555788958058315,
              -37.74282941966981
            ],
            [
              -58.55701532059722,
              -37.74282941966981
            ],
            [
              -58.55779573312198,
              -37.74265231068696
            ],
            [
              -58.55868763315027,
              -37.742209538229815
            ],
            [
              -58.56013697069625,
              -37.741058329841245
            ],
            [
              -58.56047143320686,
              -37.73981856696125
            ],
            [
              -58.56013697069625,
              -37.73840169509839
            ],
            [
              -58.55857614564673,
              -37.73716193221839
            ],
            [
              -58.557907220625516,
              -37.737339041201245
            ],
            [
              -58.55679234559015,
              -37.73822458611553
            ],
            [
              -58.55645788307954,
              -37.73822458611553
            ],
            [
              -58.55534300804417,
              -37.73716193221839
            ],
            [
              -58.55478557052649,
              -37.73698482323553
            ]
          ]
        ]
      }
    },
    {
      "type": "Feature",
      "properties": {
        "id": 216,
        "localidad": "Balcarce",
        "cultivo": "Soja",
        "area_ha": 100.91,
        "error_pct": 3.6,
        "sam_score": 0.933
      },
      "geometry": {
        "type": "Polygon",
        "coordinates": [
          [
            [
              -58.56943119165567,
              -37.73489091951879
            ],
            [
              -58.569208228696134,
              -37.736128246715346
            ],
            [
              -58.56998859905452,
              -37.73657014928554
            ],
            [
              -58.57143785829152,
              -37.73860290110844
            ],
            [
              -58.57210674717013,
              -37.738868042650566
            ],
            [
              -58.572775636048746,
              -37.738691281622486
            ],
            [
              -58.572775636048746,
              -37.739575086762876
            ],
            [
              -58.574224895285745,
              -37.74063565293135
            ],
            [
              -58.5794645248349,
              -37.74063565293135
            ],
            [
              -58.58057933963259,
              -37.74001698933308
            ],
            [
              -58.58158267295051,
              -37.739928608819035
            ],
            [
              -58.58202859886959,
              -37.740282130875194
            ],
            [
              -58.582363043308895,
              -37.739221564706725
            ],
            [
              -58.58325489514705,
              -37.73877966213652
            ],
            [
              -58.582808969227976,
              -37.735509583117064
            ],
            [
              -58.58303193218751,
              -37.73374197283628
            ],
            [
              -58.58035637667305,
              -37.73126731844318
            ],
            [
              -58.57489378416436,
              -37.73100217690106
            ],
            [
              -58.56943119165567,
              -37.73489091951879
            ]
          ]
        ]
      }
    },
    {
      "type": "Feature",
      "properties": {
        "id": 217,
        "localidad": "Balcarce",
        "cultivo": "Trigo",
        "area_ha": 56.51,
        "error_pct": 6.7,
        "sam_score": 0.947
      },
      "geometry": {
        "type": "Polygon",
        "coordinates": [
          [
            [
              -58.57995182880262,
              -37.73945349628685
            ],
            [
              -58.57939546605431,
              -37.73971915976113
            ],
            [
              -58.57928419350465,
              -37.740073377726844
            ],
            [
              -58.57906164840532,
              -37.73998482323541
            ],
            [
              -58.57872783075634,
              -37.7402504867097
            ],
            [
              -58.57895037585566,
              -37.74069325916684
            ],
            [
              -58.578616558206676,
              -37.74122458611541
            ],
            [
              -58.578839103306,
              -37.74361555738396
            ],
            [
              -58.578616558206676,
              -37.74396977534967
            ],
            [
              -58.57817146800803,
              -37.74361555738396
            ],
            [
              -58.57794892290871,
              -37.74388122085824
            ],
            [
              -58.581843462146864,
              -37.74742340051536
            ],
            [
              -58.582844915093816,
              -37.74777761848107
            ],
            [
              -58.583846368040774,
              -37.747511955006786
            ],
            [
              -58.58729581708028,
              -37.74494387475538
            ],
            [
              -58.58740708962994,
              -37.74388122085824
            ],
            [
              -58.586961999431296,
              -37.74317278492682
            ],
            [
              -58.587073271980955,
              -37.74149024958969
            ],
            [
              -58.58662818178231,
              -37.74104747713255
            ],
            [
              -58.58673945433197,
              -37.74060470467541
            ],
            [
              -58.58584927393468,
              -37.74016193221827
            ],
            [
              -58.58551545628569,
              -37.73971915976113
            ],
            [
              -58.584736548438066,
              -37.73945349628685
            ],
            [
              -58.58106455429923,
              -37.73927638730399
            ],
            [
              -58.57995182880262,
              -37.73945349628685
            ]
          ]
        ]
      }
    },
    {
      "type": "Feature",
      "properties": {
        "id": 218,
        "localidad": "Balcarce",
        "cultivo": "Maiz",
        "area_ha": 56.88,
        "error_pct": 13.5,
        "sam_score": 0.968
      },
      "geometry": {
        "type": "Polygon",
        "coordinates": [
          [
            [
              -58.50190945515072,
              -37.65098482323905
            ],
            [
              -58.49934821527776,
              -37.65027638730749
            ],
            [
              -58.4970096919155,
              -37.65027638730749
            ],
            [
              -58.49589610936204,
              -37.65089626874761
            ],
            [
              -58.49600746761739,
              -37.6510733777305
            ],
            [
              -58.4943370937872,
              -37.652401695102164
            ],
            [
              -58.49366894425513,
              -37.65364145798239
            ],
            [
              -58.49366894425513,
              -37.655412547811274
            ],
            [
              -58.49489388506393,
              -37.65682941967439
            ],
            [
              -58.496118825872735,
              -37.657803519080275
            ],
            [
              -58.49656425889412,
              -37.657980628063164
            ],
            [
              -58.49990500655449,
              -37.657980628063164
            ],
            [
              -58.50046179783122,
              -37.657803519080275
            ],
            [
              -58.501129947363296,
              -37.657980628063164
            ],
            [
              -58.50179809689537,
              -37.657537855605945
            ],
            [
              -58.50202081340606,
              -37.65674086518294
            ],
            [
              -58.50280032119348,
              -37.65612098374283
            ],
            [
              -58.50291167944883,
              -37.65452700289683
            ],
            [
              -58.502243529916754,
              -37.65328724001661
            ],
            [
              -58.502243529916754,
              -37.65125048671339
            ],
            [
              -58.50190945515072,
              -37.65098482323905
            ]
          ]
        ]
      }
    },
    {
      "type": "Feature",
      "properties": {
        "id": 219,
        "localidad": "Balcarce",
        "cultivo": "Soja",
        "area_ha": 53.22,
        "error_pct": 1.8,
        "sam_score": 0.955
      },
      "geometry": {
        "type": "Polygon",
        "coordinates": [
          [
            [
              -58.49400714593602,
              -37.66280771425567
            ],
            [
              -58.49367301716524,
              -37.663339041204324
            ],
            [
              -58.49333888839447,
              -37.66316193222144
            ],
            [
              -58.49244787833908,
              -37.66378181366154
            ],
            [
              -58.49200237331138,
              -37.66466735857596
            ],
            [
              -58.49122273951291,
              -37.665287240016056
            ],
            [
              -58.491668244540605,
              -37.66546434899894
            ],
            [
              -58.491668244540605,
              -37.66573001247327
            ],
            [
              -58.49111136325598,
              -37.66581856696471
            ],
            [
              -58.49133411576983,
              -37.66608423043904
            ],
            [
              -58.49099998699906,
              -37.66661555738769
            ],
            [
              -58.49122273951291,
              -37.66776676577644
            ],
            [
              -58.493004759623695,
              -37.66962641009673
            ],
            [
              -58.49378439342217,
              -37.67006918255394
            ],
            [
              -58.49389576967909,
              -37.67042340051971
            ],
            [
              -58.49434127470679,
              -37.67024629153683
            ],
            [
              -58.49578916604681,
              -37.67033484602827
            ],
            [
              -58.49612329481758,
              -37.6699806280625
            ],
            [
              -58.4975711861576,
              -37.670157737045386
            ],
            [
              -58.500244216323786,
              -37.668032429250765
            ],
            [
              -58.50002146380994,
              -37.66758965679356
            ],
            [
              -58.50035559258071,
              -37.66714688433635
            ],
            [
              -58.50013284006686,
              -37.66688122086202
            ],
            [
              -58.50035559258071,
              -37.666704111879135
            ],
            [
              -58.500244216323786,
              -37.66546434899894
            ],
            [
              -58.500466968837635,
              -37.665110131033174
            ],
            [
              -58.49935320626839,
              -37.66342759569577
            ],
            [
              -58.49913045375454,
              -37.663604704678654
            ],
            [
              -58.4989077012407,
              -37.66342759569577
            ],
            [
              -58.497682562414525,
              -37.66342759569577
            ],
            [
              -58.497459809900676,
              -37.663604704678654
            ],
            [
              -58.4966801761022,
              -37.66307337773
            ],
            [
              -58.496234671074504,
              -37.66316193222144
            ],
            [
              -58.49556641353296,
              -37.66289626874712
            ],
            [
              -58.49523228476219,
              -37.66342759569577
            ],
            [
              -58.494898155991415,
              -37.66280771425567
            ],
            [
              -58.49434127470679,
              -37.66307337773
            ],
            [
              -58.49400714593602,
              -37.66280771425567
            ]
          ]
        ]
      }
    },
    {
      "type": "Feature",
      "properties": {
        "id": 220,
        "localidad": "Balcarce",
        "cultivo": "Trigo",
        "area_ha": 40.36,
        "error_pct": 2.4,
        "sam_score": 0.965
      },
      "geometry": {
        "type": "Polygon",
        "coordinates": [
          [
            [
              -58.48335361327592,
              -37.67269325916972
            ],
            [
              -58.48279666445025,
              -37.67278181366116
            ],
            [
              -58.482351105389704,
              -37.6733131406098
            ],
            [
              -58.48179415656403,
              -37.67340169510124
            ],
            [
              -58.48134859750349,
              -37.67295892264404
            ],
            [
              -58.48134859750349,
              -37.67269325916972
            ],
            [
              -58.48068025891268,
              -37.67216193222107
            ],
            [
              -58.47912080220078,
              -37.672250486712514
            ],
            [
              -58.47778412501916,
              -37.67260470467828
            ],
            [
              -58.47678161713294,
              -37.6733131406098
            ],
            [
              -58.476001888777,
              -37.675261339421496
            ],
            [
              -58.47611327854214,
              -37.677209538233186
            ],
            [
              -58.4778955147843,
              -37.678095083147596
            ],
            [
              -58.480903038442946,
              -37.67844930111335
            ],
            [
              -58.48279666445025,
              -37.67782941967327
            ],
            [
              -58.48368778257133,
              -37.677120983741744
            ],
            [
              -58.484356121162136,
              -37.675792666370135
            ],
            [
              -58.48402195186673,
              -37.67357880408412
            ],
            [
              -58.48335361327592,
              -37.67269325916972
            ]
          ]
        ]
      }
    },
    {
      "type": "Feature",
      "properties": {
        "id": 221,
        "localidad": "Balcarce",
        "cultivo": "Maiz",
        "area_ha": 67.53,
        "error_pct": 0.8,
        "sam_score": 0.981
      },
      "geometry": {
        "type": "Polygon",
        "coordinates": [
          [
            [
              -58.49979171291414,
              -37.677187832814994
            ],
            [
              -58.497118142339176,
              -37.67745349628931
            ],
            [
              -58.49600415459961,
              -37.67798482323795
            ],
            [
              -58.49444457176421,
              -37.679401695100985
            ],
            [
              -58.49399897666839,
              -37.680375794506816
            ],
            [
              -58.4942217742163,
              -37.6825896567928
            ],
            [
              -58.49589275582565,
              -37.68365231069008
            ],
            [
              -58.497229541113136,
              -37.685423400518864
            ],
            [
              -58.49878912394853,
              -37.6868402723819
            ],
            [
              -58.4991233202704,
              -37.6868402723819
            ],
            [
              -58.50157409329745,
              -37.68533484602743
            ],
            [
              -58.504247663872405,
              -37.68320953823288
            ],
            [
              -58.50391346755054,
              -37.682943874758564
            ],
            [
              -58.50391346755054,
              -37.68223543882704
            ],
            [
              -58.50447046142032,
              -37.68064145798113
            ],
            [
              -58.50391346755054,
              -37.67975591306674
            ],
            [
              -58.50179689084536,
              -37.677807714255074
            ],
            [
              -58.49979171291414,
              -37.677187832814994
            ]
          ]
        ]
      }
    },
    {
      "type": "Feature",
      "properties": {
        "id": 222,
        "localidad": "Balcarce",
        "cultivo": "Soja",
        "area_ha": 67.41,
        "error_pct": 2.2,
        "sam_score": 0.968
      },
      "geometry": {
        "type": "Polygon",
        "coordinates": [
          [
            [
              -58.505454876429056,
              -37.68409927832328
            ],
            [
              -58.50378373711453,
              -37.6843649417976
            ],
            [
              -58.50188977922474,
              -37.685427595694854
            ],
            [
              -58.50088709563603,
              -37.686667358574994
            ],
            [
              -58.50044145848549,
              -37.68870411187807
            ],
            [
              -58.50088709563603,
              -37.69003242924964
            ],
            [
              -58.50233541637528,
              -37.69153785560409
            ],
            [
              -58.50411796497744,
              -37.69233484602704
            ],
            [
              -58.5062347414425,
              -37.69251195500991
            ],
            [
              -58.50746024360648,
              -37.69233484602704
            ],
            [
              -58.50968842935917,
              -37.69118363763834
            ],
            [
              -58.510913931523156,
              -37.689412547809575
            ],
            [
              -58.51102534081079,
              -37.68773001247225
            ],
            [
              -58.510468294372615,
              -37.686313140609236
            ],
            [
              -58.50924279220863,
              -37.685161932220545
            ],
            [
              -58.50768306218175,
              -37.6843649417976
            ],
            [
              -58.505454876429056,
              -37.68409927832328
            ]
          ]
        ]
      }
    },
    {
      "type": "Feature",
      "properties": {
        "id": 223,
        "localidad": "Tandil",
        "cultivo": "Trigo",
        "area_ha": 94.44,
        "error_pct": 6.7,
        "sam_score": 0.989
      },
      "geometry": {
        "type": "Polygon",
        "coordinates": [
          [
            [
              -58.18911925405525,
              -37.52119483245628
            ],
            [
              -58.187110325031654,
              -37.52146154598395
            ],
            [
              -58.18510139600806,
              -37.52261730460382
            ],
            [
              -58.183315681320416,
              -37.52403977675136
            ],
            [
              -58.182534431144575,
              -37.525906771445
            ],
            [
              -58.1838737171603,
              -37.52599567595422
            ],
            [
              -58.18621746768783,
              -37.526973625555655
            ],
            [
              -58.18677550352772,
              -37.52946295181385
            ],
            [
              -58.188003182375475,
              -37.53070761494294
            ],
            [
              -58.18923086122322,
              -37.53008528337839
            ],
            [
              -58.19168621891873,
              -37.530440901415275
            ],
            [
              -58.19202104042267,
              -37.53070761494294
            ],
            [
              -58.191239790246826,
              -37.531063232979825
            ],
            [
              -58.19168621891873,
              -37.53150775552593
            ],
            [
              -58.18923086122322,
              -37.531774469053595
            ],
            [
              -58.18990050423109,
              -37.5322189915997
            ],
            [
              -58.192690683430534,
              -37.531863373562814
            ],
            [
              -58.19525764829402,
              -37.52999637886917
            ],
            [
              -58.19637371997379,
              -37.52795157515708
            ],
            [
              -58.19648532714177,
              -37.52599567595422
            ],
            [
              -58.195704076965924,
              -37.52403977675136
            ],
            [
              -58.193583540774355,
              -37.52217278205771
            ],
            [
              -58.191239790246826,
              -37.52137264147472
            ],
            [
              -58.18911925405525,
              -37.52119483245628
            ]
          ]
        ]
      }
    },
    {
      "type": "Feature",
      "properties": {
        "id": 225,
        "localidad": "Balcarce",
        "cultivo": "Maiz",
        "area_ha": 38.56,
        "error_pct": 6.0,
        "sam_score": 0.967
      },
      "geometry": {
        "type": "Polygon",
        "coordinates": [
          [
            [
              -58.473454275361696,
              -37.76636494179434
            ],
            [
              -58.46910449928626,
              -37.76946434899414
            ],
            [
              -58.469662162885676,
              -37.76964145797699
            ],
            [
              -58.469885228325445,
              -37.770527002891214
            ],
            [
              -58.47033135920498,
              -37.77079266636548
            ],
            [
              -58.470442891924854,
              -37.77158965678829
            ],
            [
              -58.47100055552427,
              -37.772120983736826
            ],
            [
              -58.472785079042396,
              -37.77282941966821
            ],
            [
              -58.47334274264181,
              -37.77282941966821
            ],
            [
              -58.47367734080146,
              -37.7731836376339
            ],
            [
              -58.474681135280406,
              -37.773360746616746
            ],
            [
              -58.47635412607865,
              -37.77247520170252
            ],
            [
              -58.47680025695818,
              -37.77247520170252
            ],
            [
              -58.47802711687689,
              -37.77150110229687
            ],
            [
              -58.47802711687689,
              -37.769907121451254
            ],
            [
              -58.47746945327748,
              -37.76911013102845
            ],
            [
              -58.47456960256052,
              -37.76663060526861
            ],
            [
              -58.473454275361696,
              -37.76636494179434
            ]
          ]
        ]
      }
    },
    {
      "type": "Feature",
      "properties": {
        "id": 226,
        "localidad": "Balcarce",
        "cultivo": "Soja",
        "area_ha": 33.76,
        "error_pct": 34.7,
        "sam_score": 0.841
      },
      "geometry": {
        "type": "Polygon",
        "coordinates": [
          [
            [
              -58.43622772651917,
              -37.75336494179486
            ],
            [
              -58.43578167404767,
              -37.75407337772626
            ],
            [
              -58.43578167404767,
              -37.75469325916624
            ],
            [
              -58.43689680522643,
              -37.75575591306334
            ],
            [
              -58.437900423287324,
              -37.75726133941757
            ],
            [
              -58.437900423287324,
              -37.75761555738327
            ],
            [
              -58.43589318716554,
              -37.759829419668904
            ],
            [
              -58.43622772651917,
              -37.76009508314318
            ],
            [
              -58.43778891016945,
              -37.76000652865176
            ],
            [
              -58.438346475758834,
              -37.75965231068606
            ],
            [
              -58.439015554466096,
              -37.75991797416033
            ],
            [
              -58.44001917252699,
              -37.75929809272035
            ],
            [
              -58.44079976435212,
              -37.75965231068606
            ],
            [
              -58.44102279058788,
              -37.759475201703204
            ],
            [
              -58.44091127747,
              -37.75991797416033
            ],
            [
              -58.44124581682363,
              -37.760183637634604
            ],
            [
              -58.44224943488452,
              -37.759475201703204
            ],
            [
              -58.44202640864877,
              -37.75885532026322
            ],
            [
              -58.44269548735603,
              -37.75779266636612
            ],
            [
              -58.44269548735603,
              -37.755136031623366
            ],
            [
              -58.442472461120275,
              -37.754516150183385
            ],
            [
              -58.44079976435212,
              -37.753807714251984
            ],
            [
              -58.44001917252699,
              -37.75398482323483
            ],
            [
              -58.43745437081582,
              -37.75336494179486
            ],
            [
              -58.43622772651917,
              -37.75336494179486
            ]
          ]
        ]
      }
    },
    {
      "type": "Feature",
      "properties": {
        "id": 227,
        "localidad": "Balcarce",
        "cultivo": "Trigo",
        "area_ha": 38.4,
        "error_pct": 20.2,
        "sam_score": 0.952
      },
      "geometry": {
        "type": "Polygon",
        "coordinates": [
          [
            [
              -58.4479079176899,
              -37.76327638730304
            ],
            [
              -58.44746180490902,
              -37.76318783281162
            ],
            [
              -58.44656957934725,
              -37.7642504867087
            ],
            [
              -58.44545429739503,
              -37.7642504867087
            ],
            [
              -58.44456207183325,
              -37.765401695097204
            ],
            [
              -58.44422748724759,
              -37.76673001246855
            ],
            [
              -58.44344678988104,
              -37.76717278492567
            ],
            [
              -58.44389290266192,
              -37.76752700289136
            ],
            [
              -58.44233150792882,
              -37.77018363763407
            ],
            [
              -58.44255456431926,
              -37.770360746616916
            ],
            [
              -58.442889148904925,
              -37.77018363763407
            ],
            [
              -58.44322373349059,
              -37.770360746616916
            ],
            [
              -58.44366984627148,
              -37.77027219212549
            ],
            [
              -58.443558318076256,
              -37.77053785559976
            ],
            [
              -58.4437813744667,
              -37.77071496458261
            ],
            [
              -58.44433901544281,
              -37.77071496458261
            ],
            [
              -58.44489665641892,
              -37.769917974159796
            ],
            [
              -58.445231241004585,
              -37.770360746616916
            ],
            [
              -58.44500818461414,
              -37.77062641009118
            ],
            [
              -58.446011938371136,
              -37.7710691825483
            ],
            [
              -58.45036153798478,
              -37.76823543882275
            ],
            [
              -58.450919178960895,
              -37.76717278492567
            ],
            [
              -58.451030707156114,
              -37.76611013102859
            ],
            [
              -58.4479079176899,
              -37.76327638730304
            ]
          ]
        ]
      }
    },
    {
      "type": "Feature",
      "properties": {
        "id": 229,
        "localidad": "Balcarce",
        "cultivo": "Maiz",
        "area_ha": 59.93,
        "error_pct": 12.6,
        "sam_score": 0.944
      },
      "geometry": {
        "type": "Polygon",
        "coordinates": [
          [
            [
              -58.41144654841023,
              -37.770010723828484
            ],
            [
              -58.40932731208782,
              -37.77160470467408
            ],
            [
              -58.408992695826385,
              -37.77231314060546
            ],
            [
              -58.40932731208782,
              -37.77346434899395
            ],
            [
              -58.40888115707257,
              -37.77479266636528
            ],
            [
              -58.409215773334004,
              -37.77523543882239
            ],
            [
              -58.4091042345802,
              -37.775766765770925
            ],
            [
              -58.40955038959544,
              -37.77700652865083
            ],
            [
              -58.4101080833645,
              -37.77762641009079
            ],
            [
              -58.41066577713355,
              -37.77780351907363
            ],
            [
              -58.412004242179286,
              -37.77762641009079
            ],
            [
              -58.41601963731649,
              -37.77851195500501
            ],
            [
              -58.41903118366939,
              -37.7764752017023
            ],
            [
              -58.418919644915576,
              -37.77603242924519
            ],
            [
              -58.41523886603981,
              -37.773021576536834
            ],
            [
              -58.41523886603981,
              -37.77266735857115
            ],
            [
              -58.41680040859316,
              -37.771427595691236
            ],
            [
              -58.41724656360841,
              -37.770719159759864
            ],
            [
              -58.41601963731649,
              -37.770010723828484
            ],
            [
              -58.41412347850169,
              -37.76956795137137
            ],
            [
              -58.41144654841023,
              -37.770010723828484
            ]
          ]
        ]
      }
    },
    {
      "type": "Feature",
      "properties": {
        "id": 231,
        "localidad": "Balcarce",
        "cultivo": "Soja",
        "area_ha": 39.78,
        "error_pct": 2.2,
        "sam_score": 0.986
      },
      "geometry": {
        "type": "Polygon",
        "coordinates": [
          [
            [
              -58.40768520370075,
              -37.7789848232338
            ],
            [
              -58.40656969544818,
              -37.77880771425095
            ],
            [
              -58.40445022976828,
              -37.77889626874238
            ],
            [
              -58.40355782316622,
              -37.77933904119948
            ],
            [
              -58.40210766243787,
              -37.78066735857079
            ],
            [
              -58.40188456078735,
              -37.781110131027894
            ],
            [
              -58.40177300996209,
              -37.782438448399205
            ],
            [
              -58.40233076408838,
              -37.78358965678767
            ],
            [
              -58.40400402646725,
              -37.78491797415898
            ],
            [
              -58.40523108554508,
              -37.785183637633246
            ],
            [
              -58.40645814462292,
              -37.785183637633246
            ],
            [
              -58.40723900039972,
              -37.7850065286504
            ],
            [
              -58.40846605947756,
              -37.784386647210454
            ],
            [
              -58.40935846607962,
              -37.78367821127909
            ],
            [
              -58.40980466938065,
              -37.78296977534772
            ],
            [
              -58.40991622020591,
              -37.781375794502154
            ],
            [
              -58.409693118555396,
              -37.78084446755363
            ],
            [
              -58.40868916112807,
              -37.779693259165164
            ],
            [
              -58.40768520370075,
              -37.7789848232338
            ]
          ]
        ]
      }
    },
    {
      "type": "Feature",
      "properties": {
        "id": 232,
        "localidad": "Balcarce",
        "cultivo": "Trigo",
        "area_ha": 32.85,
        "error_pct": 13.3,
        "sam_score": 0.931
      },
      "geometry": {
        "type": "Polygon",
        "coordinates": [
          [
            [
              -58.39390848635859,
              -37.78620070755579
            ],
            [
              -58.389780714865644,
              -37.78620070755579
            ],
            [
              -58.38855353955693,
              -37.786910540796676
            ],
            [
              -58.38821885538182,
              -37.786821811641566
            ],
            [
              -58.38799573259842,
              -37.786999269951785
            ],
            [
              -58.38799573259842,
              -37.78735418657223
            ],
            [
              -58.38855353955693,
              -37.78815274896822
            ],
            [
              -58.388441978165226,
              -37.78948368629488
            ],
            [
              -58.38866510094863,
              -37.789749873760215
            ],
            [
              -58.388776662340334,
              -37.790725894466426
            ],
            [
              -58.38933446929884,
              -37.79152445686242
            ],
            [
              -58.38955759208224,
              -37.79116954024198
            ],
            [
              -58.390115399040745,
              -37.79143572770731
            ],
            [
              -58.39390848635859,
              -37.79143572770731
            ],
            [
              -58.394689416100505,
              -37.790814623621536
            ],
            [
              -58.3948009774922,
              -37.79001606122554
            ],
            [
              -58.39580503001751,
              -37.78904004051933
            ],
            [
              -58.39558190723411,
              -37.788773853053996
            ],
            [
              -58.39591659140922,
              -37.78841893643356
            ],
            [
              -58.395024100275606,
              -37.787087999106895
            ],
            [
              -58.39390848635859,
              -37.78620070755579
            ]
          ]
        ]
      }
    },
    {
      "type": "Feature",
      "properties": {
        "id": 235,
        "localidad": "Balcarce",
        "cultivo": "Maiz",
        "area_ha": 46.71,
        "error_pct": 5.9,
        "sam_score": 0.992
      },
      "geometry": {
        "type": "Polygon",
        "coordinates": [
          [
            [
              -58.22340766751893,
              -37.69795849938763
            ],
            [
              -58.22307271588701,
              -37.69831341600814
            ],
            [
              -58.22251446316715,
              -37.69795849938763
            ],
            [
              -58.218606694128155,
              -37.70035418657606
            ],
            [
              -58.21682028542461,
              -37.70177385305808
            ],
            [
              -58.21838339304021,
              -37.70363716531574
            ],
            [
              -58.219611549023895,
              -37.70470191517727
            ],
            [
              -58.22150960827141,
              -37.705323019263155
            ],
            [
              -58.22307271588701,
              -37.705323019263155
            ],
            [
              -58.22452417295864,
              -37.70487937348752
            ],
            [
              -58.22564067839835,
              -37.70408081109138
            ],
            [
              -58.226422232206154,
              -37.70292733207473
            ],
            [
              -58.226533882750125,
              -37.70141893643758
            ],
            [
              -58.22608728057424,
              -37.700265457420926
            ],
            [
              -58.22340766751893,
              -37.69795849938763
            ]
          ]
        ]
      }
    },
    {
      "type": "Feature",
      "properties": {
        "id": 236,
        "localidad": "Balcarce",
        "cultivo": "Soja",
        "area_ha": 61.64,
        "error_pct": 33.4,
        "sam_score": 0.897
      },
      "geometry": {
        "type": "Polygon",
        "coordinates": [
          [
            [
              -58.20861586325065,
              -37.72637264146702
            ],
            [
              -58.20548842408288,
              -37.72832854066905
            ],
            [
              -58.20548842408288,
              -37.72877306321496
            ],
            [
              -58.203924704498995,
              -37.73001772634352
            ],
            [
              -58.20370131598701,
              -37.72983991732515
            ],
            [
              -58.20336623321904,
              -37.7301066308527
            ],
            [
              -58.20336623321904,
              -37.73081786692617
            ],
            [
              -58.20403639875499,
              -37.731173484962895
            ],
            [
              -58.20403639875499,
              -37.732684861619006
            ],
            [
              -58.204483175778954,
              -37.733040479655735
            ],
            [
              -58.20481825854693,
              -37.73286267063737
            ],
            [
              -58.20492995280292,
              -37.73339609769247
            ],
            [
              -58.206381978130814,
              -37.73446295180266
            ],
            [
              -58.20671706089879,
              -37.734285142784294
            ],
            [
              -58.20694044941077,
              -37.73481856983939
            ],
            [
              -58.20749892069073,
              -37.73464076082103
            ],
            [
              -58.20850416899466,
              -37.73499637885776
            ],
            [
              -58.208280780482674,
              -37.73535199689449
            ],
            [
              -58.20861586325065,
              -37.73570761493122
            ],
            [
              -58.21029127709052,
              -37.735529805912854
            ],
            [
              -58.21140821965044,
              -37.7363299464955
            ],
            [
              -58.21353041051428,
              -37.73561871042204
            ],
            [
              -58.21487074158618,
              -37.73481856983939
            ],
            [
              -58.21554090712213,
              -37.73348500220165
            ],
            [
              -58.21084974837048,
              -37.730373344380254
            ],
            [
              -58.21040297134651,
              -37.72957320379761
            ],
            [
              -58.208950946018625,
              -37.72921758576087
            ],
            [
              -58.21017958283453,
              -37.728684158705775
            ],
            [
              -58.20984450006656,
              -37.726817164012935
            ],
            [
              -58.20861586325065,
              -37.72637264146702
            ]
          ]
        ]
      }
    },
    {
      "type": "Feature",
      "properties": {
        "id": 237,
        "localidad": "Balcarce",
        "cultivo": "Trigo",
        "area_ha": 69.46,
        "error_pct": 27.8,
        "sam_score": 0.884
      },
      "geometry": {
        "type": "Polygon",
        "coordinates": [
          [
            [
              -58.22464235090375,
              -37.7306275620595
            ],
            [
              -58.223525332914754,
              -37.730982478679984
            ],
            [
              -58.22173810413237,
              -37.73071629121462
            ],
            [
              -58.21995087534998,
              -37.73160358276582
            ],
            [
              -58.21883385736099,
              -37.73178104107607
            ],
            [
              -58.21671152318191,
              -37.73302324924775
            ],
            [
              -58.21894555915989,
              -37.734176728264316
            ],
            [
              -58.219280664556585,
              -37.733821811643836
            ],
            [
              -58.22028598074668,
              -37.7349752906604
            ],
            [
              -58.219504068154386,
              -37.7393230192613
            ],
            [
              -58.21916896275769,
              -37.73941174841642
            ],
            [
              -58.21905726095879,
              -37.738701915175454
            ],
            [
              -58.2182753483665,
              -37.738701915175454
            ],
            [
              -58.218051944768696,
              -37.73799208193449
            ],
            [
              -58.2176051375731,
              -37.738879373485695
            ],
            [
              -58.21905726095879,
              -37.7402103108125
            ],
            [
              -58.219504068154386,
              -37.74003285250226
            ],
            [
              -58.219615769953286,
              -37.740476498277864
            ],
            [
              -58.222520016724665,
              -37.74092014405347
            ],
            [
              -58.22475405270265,
              -37.740121581657384
            ],
            [
              -58.226764685082834,
              -37.738701915175454
            ],
            [
              -58.226876386881735,
              -37.73772589446913
            ],
            [
              -58.22631787788723,
              -37.73701606122817
            ],
            [
              -58.22698808868063,
              -37.73568512390136
            ],
            [
              -58.22698808868063,
              -37.733999269954076
            ],
            [
              -58.22732319407733,
              -37.73408799910919
            ],
            [
              -58.22754659767513,
              -37.73373308248871
            ],
            [
              -58.22587107069164,
              -37.73142612445558
            ],
            [
              -58.22464235090375,
              -37.7306275620595
            ]
          ]
        ]
      }
    },
    {
      "type": "Feature",
      "properties": {
        "id": 238,
        "localidad": "Balcarce",
        "cultivo": "Maiz",
        "area_ha": 71.61,
        "error_pct": 14.7,
        "sam_score": 0.964
      },
      "geometry": {
        "type": "Polygon",
        "coordinates": [
          [
            [
              -58.23113897915495,
              -37.74186977023081
            ],
            [
              -58.230019598036066,
              -37.74178104107569
            ],
            [
              -58.22822858824585,
              -37.74266833262688
            ],
            [
              -58.226773392791294,
              -37.742934520092234
            ],
            [
              -58.22565401167241,
              -37.743821811643414
            ],
            [
              -58.22543013544863,
              -37.74435418657413
            ],
            [
              -58.22397493999408,
              -37.74488656150484
            ],
            [
              -58.223639125658416,
              -37.74533020728043
            ],
            [
              -58.22341524943464,
              -37.7471047903828
            ],
            [
              -58.22419881621786,
              -37.74834699855446
            ],
            [
              -58.225989826008075,
              -37.74985539419148
            ],
            [
              -58.22778083579829,
              -37.75047649827731
            ],
            [
              -58.22990765992417,
              -37.750565227432425
            ],
            [
              -58.232370298385725,
              -37.74985539419148
            ],
            [
              -58.233713555728386,
              -37.748879373485174
            ],
            [
              -58.23460906062349,
              -37.747370977848156
            ],
            [
              -58.23483293684727,
              -37.74604004052138
            ],
            [
              -58.23427324628783,
              -37.74408799910877
            ],
            [
              -58.232034484050054,
              -37.74222468685128
            ],
            [
              -58.23113897915495,
              -37.74186977023081
            ]
          ]
        ]
      }
    },
    {
      "type": "Feature",
      "properties": {
        "id": 239,
        "localidad": "Balcarce",
        "cultivo": "Soja",
        "area_ha": 41.4,
        "error_pct": 46.7,
        "sam_score": 0.954
      },
      "geometry": {
        "type": "Polygon",
        "coordinates": [
          [
            [
              -58.22815869329737,
              -37.72549087431731
            ],
            [
              -58.22894053197283,
              -37.72673308248902
            ],
            [
              -58.231621121717275,
              -37.72886258221194
            ],
            [
              -58.23128604799922,
              -37.72948368629779
            ],
            [
              -58.2301691356057,
              -37.730193519538766
            ],
            [
              -58.23039251808441,
              -37.730370977849006
            ],
            [
              -58.232067886674685,
              -37.730725894469494
            ],
            [
              -58.233184799068205,
              -37.73125826940022
            ],
            [
              -58.234301711461725,
              -37.73081462362462
            ],
            [
              -58.235195241376545,
              -37.73081462362462
            ],
            [
              -58.23620046253071,
              -37.73170191517583
            ],
            [
              -58.23675891872747,
              -37.73152445686559
            ],
            [
              -58.23754075740293,
              -37.72966114460803
            ],
            [
              -58.23731737492423,
              -37.72770910319536
            ],
            [
              -58.235195241376545,
              -37.72540214516219
            ],
            [
              -58.233184799068205,
              -37.72460358276609
            ],
            [
              -58.23061590056311,
              -37.72451485361098
            ],
            [
              -58.22882884073348,
              -37.725047228541705
            ],
            [
              -58.22815869329737,
              -37.72549087431731
            ]
          ]
        ]
      }
    },
    {
      "type": "Feature",
      "properties": {
        "id": 247,
        "localidad": "Balcarce",
        "cultivo": "Trigo",
        "area_ha": 54.26,
        "error_pct": 0.9,
        "sam_score": 0.999
      },
      "geometry": {
        "type": "Polygon",
        "coordinates": [
          [
            [
              -58.270626385342226,
              -37.7300472285415
            ],
            [
              -58.26883920483804,
              -37.7300472285415
            ],
            [
              -58.26649353042629,
              -37.731023249247826
            ],
            [
              -58.26537654261117,
              -37.732087999109275
            ],
            [
              -58.26481804870361,
              -37.73368512390145
            ],
            [
              -58.265041446266636,
              -37.7347498737629
            ],
            [
              -58.26571163895571,
              -37.735903352779474
            ],
            [
              -58.26705202433385,
              -37.73696810264092
            ],
            [
              -58.26939769874559,
              -37.73758920672677
            ],
            [
              -58.2712965780313,
              -37.7373230192614
            ],
            [
              -58.27263696340944,
              -37.73670191517556
            ],
            [
              -58.273865650006066,
              -37.735548436158986
            ],
            [
              -58.27442414391363,
              -37.73439495714242
            ],
            [
              -58.27431244513212,
              -37.73279783235024
            ],
            [
              -58.27353055366153,
              -37.731555624178554
            ],
            [
              -58.27185507193886,
              -37.73040214516198
            ],
            [
              -58.270626385342226,
              -37.7300472285415
            ]
          ]
        ]
      }
    },
    {
      "type": "Feature",
      "properties": {
        "id": 248,
        "localidad": "Balcarce",
        "cultivo": "Maiz",
        "area_ha": 44.6,
        "error_pct": 10.8,
        "sam_score": 0.962
      },
      "geometry": {
        "type": "Polygon",
        "coordinates": [
          [
            [
              -58.349744317349064,
              -37.77057960347062
            ],
            [
              -58.34627978257901,
              -37.77084579093596
            ],
            [
              -58.346056264206744,
              -37.771023249246184
            ],
            [
              -58.344938672345435,
              -37.77084579093596
            ],
            [
              -58.34460339478704,
              -37.7711119784013
            ],
            [
              -58.3448269131593,
              -37.77137816586664
            ],
            [
              -58.34393283967026,
              -37.771733082487096
            ],
            [
              -58.343821080484126,
              -37.773152748968904
            ],
            [
              -58.34359756211187,
              -37.77333020727913
            ],
            [
              -58.343485802925734,
              -37.772265457417774
            ],
            [
              -58.343262284553475,
              -37.77208799910755
            ],
            [
              -58.34303876618121,
              -37.772265457417774
            ],
            [
              -58.34292700699508,
              -37.77404004052004
            ],
            [
              -58.34370932129799,
              -37.77457241545072
            ],
            [
              -58.34415635804252,
              -37.775282248691624
            ],
            [
              -58.345832745834485,
              -37.77679064432855
            ],
            [
              -58.34683857850966,
              -37.777411748414345
            ],
            [
              -58.34672681932353,
              -37.77758920672457
            ],
            [
              -58.34728561525419,
              -37.77785539418991
            ],
            [
              -58.34784441118484,
              -37.7777666650348
            ],
            [
              -58.351197186768765,
              -37.77545970700185
            ],
            [
              -58.35197950107168,
              -37.774394957140494
            ],
            [
              -58.352091260257815,
              -37.77333020727913
            ],
            [
              -58.35175598269942,
              -37.772265457417774
            ],
            [
              -58.349744317349064,
              -37.77057960347062
            ]
          ]
        ]
      }
    },
    {
      "type": "Feature",
      "properties": {
        "id": 249,
        "localidad": "Balcarce",
        "cultivo": "Soja",
        "area_ha": 36.68,
        "error_pct": 56.0,
        "sam_score": 0.984
      },
      "geometry": {
        "type": "Polygon",
        "coordinates": [
          [
            [
              -58.361092589978696,
              -37.79507337772457
            ],
            [
              -58.359974635114334,
              -37.794187832810394
            ],
            [
              -58.35807411184492,
              -37.7937450603533
            ],
            [
              -58.355949997602636,
              -37.79383361484472
            ],
            [
              -58.354720247251834,
              -37.794187832810394
            ],
            [
              -58.35304331495529,
              -37.79516193221598
            ],
            [
              -58.35192536009093,
              -37.79649024958725
            ],
            [
              -58.35147817814519,
              -37.79764145797568
            ],
            [
              -58.351589973631626,
              -37.7992354388212
            ],
            [
              -58.3518135646045,
              -37.79941254780403
            ],
            [
              -58.352372542036676,
              -37.79888122085553
            ],
            [
              -58.353266905928166,
              -37.79879266636411
            ],
            [
              -58.35371408787391,
              -37.7992354388212
            ],
            [
              -58.35404947433322,
              -37.800209538226795
            ],
            [
              -58.354273065306096,
              -37.80038664720963
            ],
            [
              -58.3546084517654,
              -37.80029809271821
            ],
            [
              -58.36120438546513,
              -37.795516150181655
            ],
            [
              -58.361092589978696,
              -37.79507337772457
            ]
          ]
        ]
      }
    },
    {
      "type": "Feature",
      "properties": {
        "id": 250,
        "localidad": "Balcarce",
        "cultivo": "Trigo",
        "area_ha": 57.4,
        "error_pct": 5.6,
        "sam_score": 0.937
      },
      "geometry": {
        "type": "Polygon",
        "coordinates": [
          [
            [
              -58.3620210614598,
              -37.822187832809284
            ],
            [
              -58.361797826852076,
              -37.82236494179211
            ],
            [
              -58.359007394255556,
              -37.82236494179211
            ],
            [
              -58.35833769043239,
              -37.82307337772341
            ],
            [
              -58.35777960391309,
              -37.82307337772341
            ],
            [
              -58.3548775540127,
              -37.82528724000872
            ],
            [
              -58.354765936708844,
              -37.82608423043143
            ],
            [
              -58.35565887513973,
              -37.82723543881979
            ],
            [
              -58.35577049244359,
              -37.82812098373392
            ],
            [
              -58.35766798660923,
              -37.82980351907075
            ],
            [
              -58.35833769043239,
              -37.829626410087926
            ],
            [
              -58.3600119499903,
              -37.829980628053576
            ],
            [
              -58.36057003650961,
              -37.829626410087926
            ],
            [
              -58.362244296067516,
              -37.82971496457934
            ],
            [
              -58.36336046910613,
              -37.8294493011051
            ],
            [
              -58.36358370371385,
              -37.829626410087926
            ],
            [
              -58.36447664214474,
              -37.828917974156624
            ],
            [
              -58.364253407537014,
              -37.828652310682386
            ],
            [
              -58.364588259448595,
              -37.82820953822533
            ],
            [
              -58.36436502484087,
              -37.82794387475109
            ],
            [
              -58.364588259448595,
              -37.82626133941425
            ],
            [
              -58.36481149405632,
              -37.82608423043143
            ],
            [
              -58.364588259448595,
              -37.82493302204307
            ],
            [
              -58.36481149405632,
              -37.82466735856883
            ],
            [
              -58.364588259448595,
              -37.824136031620355
            ],
            [
              -58.363472086409985,
              -37.82333904119765
            ],
            [
              -58.36280238258682,
              -37.82316193221482
            ],
            [
              -58.36246753067524,
              -37.82245349628352
            ],
            [
              -58.3620210614598,
              -37.822187832809284
            ]
          ]
        ]
      }
    },
    {
      "type": "Feature",
      "properties": {
        "id": 251,
        "localidad": "Balcarce",
        "cultivo": "Maiz",
        "area_ha": 35.4,
        "error_pct": 1.9,
        "sam_score": 0.96
      },
      "geometry": {
        "type": "Polygon",
        "coordinates": [
          [
            [
              -58.36935128425376,
              -37.819378165864634
            ],
            [
              -58.36778872669276,
              -37.81928943670953
            ],
            [
              -58.36667261414919,
              -37.819555624174846
            ],
            [
              -58.36511005658819,
              -37.820620374036096
            ],
            [
              -58.36455200031641,
              -37.82141893643203
            ],
            [
              -58.36444038906205,
              -37.82310479037901
            ],
            [
              -58.36477522282512,
              -37.82381462361985
            ],
            [
              -58.366226169131764,
              -37.824968102636205
            ],
            [
              -58.36723067042097,
              -37.82532301925662
            ],
            [
              -58.368346782964544,
              -37.825411748411724
            ],
            [
              -58.369909340525545,
              -37.82514556094642
            ],
            [
              -58.371360286832186,
              -37.82408081108516
            ],
            [
              -58.37180673184962,
              -37.82337097784433
            ],
            [
              -58.37214156561269,
              -37.822217498827975
            ],
            [
              -58.37180673184962,
              -37.82124147812183
            ],
            [
              -58.371360286832186,
              -37.820620374036096
            ],
            [
              -58.370244174288615,
              -37.81973308248505
            ],
            [
              -58.36935128425376,
              -37.819378165864634
            ]
          ]
        ]
      }
    },
    {
      "type": "Feature",
      "properties": {
        "id": 252,
        "localidad": "Balcarce",
        "cultivo": "Soja",
        "area_ha": 32.64,
        "error_pct": 40.4,
        "sam_score": 0.969
      },
      "geometry": {
        "type": "Polygon",
        "coordinates": [
          [
            [
              -58.39081142882211,
              -37.82326545741554
            ],
            [
              -58.389583655117015,
              -37.82202324924409
            ],
            [
              -58.38846749720329,
              -37.82131341600326
            ],
            [
              -58.38790941824642,
              -37.821224686848154
            ],
            [
              -58.386346797167214,
              -37.82149087431346
            ],
            [
              -58.38433771292251,
              -37.82131341600326
            ],
            [
              -58.38199378130369,
              -37.822644353329814
            ],
            [
              -58.3815473181382,
              -37.82388656150127
            ],
            [
              -58.38165893392957,
              -37.82548368629313
            ],
            [
              -58.38244024446918,
              -37.82645970699927
            ],
            [
              -58.38310993921741,
              -37.82645970699927
            ],
            [
              -58.390364965656616,
              -37.82424147812168
            ],
            [
              -58.39092304461348,
              -37.82388656150127
            ],
            [
              -58.39081142882211,
              -37.82326545741554
            ]
          ]
        ]
      }
    },
    {
      "type": "Feature",
      "properties": {
        "id": 253,
        "localidad": "Balcarce",
        "cultivo": "Trigo",
        "area_ha": 42.14,
        "error_pct": 2.8,
        "sam_score": 0.986
      },
      "geometry": {
        "type": "Polygon",
        "coordinates": [
          [
            [
              -58.426579182965284,
              -37.82402324924401
            ],
            [
              -58.42512813835177,
              -37.82375706177869
            ],
            [
              -58.424681663086076,
              -37.82402324924401
            ],
            [
              -58.42412356900395,
              -37.823490874313386
            ],
            [
              -58.423007380839714,
              -37.82340214515828
            ],
            [
              -58.4211098609605,
              -37.82411197839911
            ],
            [
              -58.41988205397983,
              -37.82508799910524
            ],
            [
              -58.419435578714136,
              -37.826596394742005
            ],
            [
              -58.41954719753056,
              -37.82757241544814
            ],
            [
              -58.41988205397983,
              -37.82828224868897
            ],
            [
              -58.421221479776925,
              -37.82952445686041
            ],
            [
              -58.42267252439044,
              -37.83005683179103
            ],
            [
              -58.42512813835177,
              -37.82987937348083
            ],
            [
              -58.42602108888317,
              -37.82943572770531
            ],
            [
              -58.42736051468025,
              -37.82810479037876
            ],
            [
              -58.42780698994595,
              -37.82730622798283
            ],
            [
              -58.42780698994595,
              -37.8264189364318
            ],
            [
              -58.42747213349668,
              -37.825265457415455
            ],
            [
              -58.426579182965284,
              -37.82402324924401
            ]
          ]
        ]
      }
    },
    {
      "type": "Feature",
      "properties": {
        "id": 255,
        "localidad": "Balcarce",
        "cultivo": "Maiz",
        "area_ha": 36.09,
        "error_pct": 7.7,
        "sam_score": 0.966
      },
      "geometry": {
        "type": "Polygon",
        "coordinates": [
          [
            [
              -58.43913689418229,
              -37.81631314060353
            ],
            [
              -58.43846726294598,
              -37.81604747712929
            ],
            [
              -58.43790923691571,
              -37.815516150180805
            ],
            [
              -58.437239605679395,
              -37.81542759568939
            ],
            [
              -58.43523071197044,
              -37.815516150180805
            ],
            [
              -58.43489589635228,
              -37.81587036814646
            ],
            [
              -58.43422626511596,
              -37.81569325916363
            ],
            [
              -58.43355663387965,
              -37.8161360316207
            ],
            [
              -58.43299860784938,
              -37.8161360316207
            ],
            [
              -58.432663792231224,
              -37.81693302204343
            ],
            [
              -58.432440581819115,
              -37.81702157653484
            ],
            [
              -58.432217371407006,
              -37.816844467552016
            ],
            [
              -58.43188255578885,
              -37.817110131026254
            ],
            [
              -58.432105766200955,
              -37.8173757945005
            ],
            [
              -58.43188255578885,
              -37.81790712144898
            ],
            [
              -58.432217371407006,
              -37.8187041118717
            ],
            [
              -58.432105766200955,
              -37.819323993311606
            ],
            [
              -58.432775397437275,
              -37.820032429242914
            ],
            [
              -58.432775397437275,
              -37.820475201699985
            ],
            [
              -58.433110213055436,
              -37.82074086517422
            ],
            [
              -58.43344502867359,
              -37.8205637561914
            ],
            [
              -58.43400305470386,
              -37.82100652864847
            ],
            [
              -58.43433787032202,
              -37.8205637561914
            ],
            [
              -58.43489589635228,
              -37.82109508313988
            ],
            [
              -58.43523071197044,
              -37.82074086517422
            ],
            [
              -58.4357887380007,
              -37.82127219212271
            ],
            [
              -58.436235158824914,
              -37.820917974157055
            ],
            [
              -58.436681579649125,
              -37.82127219212271
            ],
            [
              -58.437128000473336,
              -37.82082941966564
            ],
            [
              -58.43757442129755,
              -37.82127219212271
            ],
            [
              -58.43857886815203,
              -37.82109508313988
            ],
            [
              -58.4395833150065,
              -37.82029809271716
            ],
            [
              -58.43991813062466,
              -37.81967821127726
            ],
            [
              -58.4395833150065,
              -37.81879266636312
            ],
            [
              -58.43980652541861,
              -37.81852700288888
            ],
            [
              -58.4395833150065,
              -37.81773001246615
            ],
            [
              -58.43924849938834,
              -37.81746434899191
            ],
            [
              -58.4395833150065,
              -37.81702157653484
            ],
            [
              -58.43913689418229,
              -37.816755913060604
            ],
            [
              -58.43913689418229,
              -37.81631314060353
            ]
          ]
        ]
      }
    },
    {
      "type": "Feature",
      "properties": {
        "id": 256,
        "localidad": "Balcarce",
        "cultivo": "Soja",
        "area_ha": 40.13,
        "error_pct": 2.8,
        "sam_score": 0.94
      },
      "geometry": {
        "type": "Polygon",
        "coordinates": [
          [
            [
              -58.5090163124527,
              -37.8086306052669
            ],
            [
              -58.50801194723009,
              -37.808542050775486
            ],
            [
              -58.50723077427917,
              -37.808984823232564
            ],
            [
              -58.505891620649024,
              -37.80880771424973
            ],
            [
              -58.504552467018875,
              -37.8097818136553
            ],
            [
              -58.503882890203805,
              -37.81093302204369
            ],
            [
              -58.50399448633965,
              -37.81190712144926
            ],
            [
              -58.50377129406795,
              -37.812615557380575
            ],
            [
              -58.50399448633965,
              -37.813235438820485
            ],
            [
              -58.504998851562256,
              -37.81403242924322
            ],
            [
              -58.506784389735785,
              -37.81491797415737
            ],
            [
              -58.50812354336593,
              -37.81500652864878
            ],
            [
              -58.510690254490385,
              -37.81447520170029
            ],
            [
              -58.51169461971299,
              -37.813766765768975
            ],
            [
              -58.511583023577145,
              -37.81296977534624
            ],
            [
              -58.511806215848836,
              -37.811021576535104
            ],
            [
              -58.5114714274413,
              -37.81031314060379
            ],
            [
              -58.510243869947,
              -37.80916193221539
            ],
            [
              -58.5090163124527,
              -37.8086306052669
            ]
          ]
        ]
      }
    },
    {
      "type": "Feature",
      "properties": {
        "id": 257,
        "localidad": "Balcarce",
        "cultivo": "Trigo",
        "area_ha": 39.1,
        "error_pct": 3.7,
        "sam_score": 0.919
      },
      "geometry": {
        "type": "Polygon",
        "coordinates": [
          [
            [
              -58.511891478026534,
              -37.81380771424954
            ],
            [
              -58.51077544108489,
              -37.81460470467226
            ],
            [
              -58.51044063000239,
              -37.81540169509499
            ],
            [
              -58.51066383739072,
              -37.81726133941469
            ],
            [
              -58.51055223369656,
              -37.81770411187176
            ],
            [
              -58.510105818919904,
              -37.81805832983741
            ],
            [
              -58.51099864847322,
              -37.81885532026014
            ],
            [
              -58.510887044779054,
              -37.819120983734386
            ],
            [
              -58.511891478026534,
              -37.82009508313994
            ],
            [
              -58.51256110019152,
              -37.82009508313994
            ],
            [
              -58.51289591127401,
              -37.82027219212277
            ],
            [
              -58.513230722356504,
              -37.82009508313994
            ],
            [
              -58.51445836299231,
              -37.82027219212277
            ],
            [
              -58.516578833181434,
              -37.82018363763135
            ],
            [
              -58.517583266428915,
              -37.81929809271721
            ],
            [
              -58.517583266428915,
              -37.81726133941469
            ],
            [
              -58.517360059040584,
              -37.8167300124662
            ],
            [
              -58.51747166273475,
              -37.81557880407782
            ],
            [
              -58.51557439993395,
              -37.81407337772378
            ],
            [
              -58.51289591127401,
              -37.813896268740955
            ],
            [
              -58.512449496497354,
              -37.81371915975812
            ],
            [
              -58.511891478026534,
              -37.81380771424954
            ]
          ]
        ]
      }
    },
    {
      "type": "Feature",
      "properties": {
        "id": 258,
        "localidad": "Balcarce",
        "cultivo": "Maiz",
        "area_ha": 38.63,
        "error_pct": 7.3,
        "sam_score": 0.952
      },
      "geometry": {
        "type": "Polygon",
        "coordinates": [
          [
            [
              -58.49857890312433,
              -37.816427595689355
            ],
            [
              -58.49779765609822,
              -37.81616193221511
            ],
            [
              -58.49534230830186,
              -37.815984823232284
            ],
            [
              -58.49411463440367,
              -37.81571915975804
            ],
            [
              -58.49110125301723,
              -37.817933022043384
            ],
            [
              -58.49110125301723,
              -37.819172784923175
            ],
            [
              -58.49266374706946,
              -37.820766765768624
            ],
            [
              -58.49456106127574,
              -37.82218363763124
            ],
            [
              -58.49511909486582,
              -37.82174086517418
            ],
            [
              -58.495788735173925,
              -37.82182941966559
            ],
            [
              -58.496346768764006,
              -37.82138664720852
            ],
            [
              -58.497351229226155,
              -37.82165231068276
            ],
            [
              -58.49958336358648,
              -37.8199697753459
            ],
            [
              -58.499471756868466,
              -37.817224586112076
            ],
            [
              -58.49857890312433,
              -37.816427595689355
            ]
          ]
        ]
      }
    },
    {
      "type": "Feature",
      "properties": {
        "id": 259,
        "localidad": "Balcarce",
        "cultivo": "Soja",
        "area_ha": 39.09,
        "error_pct": 2.2,
        "sam_score": 0.945
      },
      "geometry": {
        "type": "Polygon",
        "coordinates": [
          [
            [
              -58.500556501605615,
              -37.81916193221499
            ],
            [
              -58.500221667842546,
              -37.81942759568923
            ],
            [
              -58.500221667842546,
              -37.81969325916347
            ],
            [
              -58.499440389062045,
              -37.82022458611195
            ],
            [
              -58.49932877780769,
              -37.82137579450032
            ],
            [
              -58.49899394404462,
              -37.82173001246597
            ],
            [
              -58.49899394404462,
              -37.822615557380104
            ],
            [
              -58.499552000316406,
              -37.82323543882
            ],
            [
              -58.50011005658819,
              -37.823412547802825
            ],
            [
              -58.50077972411433,
              -37.824120983734126
            ],
            [
              -58.50178422540355,
              -37.82474086517402
            ],
            [
              -58.50234228167533,
              -37.82465231068261
            ],
            [
              -58.50301194920147,
              -37.82491797415685
            ],
            [
              -58.50323517171019,
              -37.824829419665434
            ],
            [
              -58.50379322798197,
              -37.825183637631085
            ],
            [
              -58.50412806174504,
              -37.825183637631085
            ],
            [
              -58.50412806174504,
              -37.825537855596735
            ],
            [
              -58.50446289550811,
              -37.82571496457957
            ],
            [
              -58.50691834310397,
              -37.8239438747513
            ],
            [
              -58.50691834310397,
              -37.82279266636293
            ],
            [
              -58.5065835093409,
              -37.82243844839728
            ],
            [
              -58.5065835093409,
              -37.82066735856901
            ],
            [
              -58.50702995435833,
              -37.82022458611195
            ],
            [
              -58.505690619306044,
              -37.818984823232164
            ],
            [
              -58.50412806174504,
              -37.81916193221499
            ],
            [
              -58.5026771154384,
              -37.81889626874075
            ],
            [
              -58.50234228167533,
              -37.819073377723576
            ],
            [
              -58.500556501605615,
              -37.81916193221499
            ]
          ]
        ]
      }
    },
    {
      "type": "Feature",
      "properties": {
        "id": 260,
        "localidad": "Balcarce",
        "cultivo": "Trigo",
        "area_ha": 39.51,
        "error_pct": 0.6,
        "sam_score": 0.999
      },
      "geometry": {
        "type": "Polygon",
        "coordinates": [
          [
            [
              -58.52001661622667,
              -37.83112330923396
            ],
            [
              -58.51811891631671,
              -37.83121168974798
            ],
            [
              -58.51666773403262,
              -37.83183035334613
            ],
            [
              -58.51577469878088,
              -37.83262577797232
            ],
            [
              -58.51510492234207,
              -37.834039866196655
            ],
            [
              -58.51521655174854,
              -37.83501205185089
            ],
            [
              -58.51599795759381,
              -37.83624937904718
            ],
            [
              -58.5174491398779,
              -37.837221564701416
            ],
            [
              -58.518453804536115,
              -37.837486706243475
            ],
            [
              -58.52001661622667,
              -37.837486706243475
            ],
            [
              -58.521579427917224,
              -37.83695642315935
            ],
            [
              -58.522584092575435,
              -37.83616099853316
            ],
            [
              -58.52325386901425,
              -37.83492367133687
            ],
            [
              -58.52314223960778,
              -37.83342120259851
            ],
            [
              -58.522695721981904,
              -37.832537397458296
            ],
            [
              -58.52102128088488,
              -37.83138845077602
            ],
            [
              -58.52001661622667,
              -37.83112330923396
            ]
          ]
        ]
      }
    },
    {
      "type": "Feature",
      "properties": {
        "id": 261,
        "localidad": "Balcarce",
        "cultivo": "Maiz",
        "area_ha": 30.32,
        "error_pct": 5.7,
        "sam_score": 0.985
      },
      "geometry": {
        "type": "Polygon",
        "coordinates": [
          [
            [
              -58.56023528133845,
              -37.85347683128911
            ],
            [
              -58.558895328777616,
              -37.85374197283116
            ],
            [
              -58.558002027070394,
              -37.854095494887225
            ],
            [
              -58.55744371350338,
              -37.854537397457314
            ],
            [
              -58.55677373722296,
              -37.85559796362552
            ],
            [
              -58.55666207450956,
              -37.85665852979372
            ],
            [
              -58.55677373722296,
              -37.85710043236381
            ],
            [
              -58.558895328777616,
              -37.85895642315816
            ],
            [
              -58.55967696777144,
              -37.8591331841862
            ],
            [
              -58.56090525761887,
              -37.8591331841862
            ],
            [
              -58.561686896612684,
              -37.85895642315816
            ],
            [
              -58.563473500027136,
              -37.85763071544791
            ],
            [
              -58.56369682545394,
              -37.85710043236381
            ],
            [
              -58.56369682545394,
              -37.85559796362552
            ],
            [
              -58.563138511886926,
              -37.8544490169433
            ],
            [
              -58.56258019831991,
              -37.85400711437321
            ],
            [
              -58.56112858304567,
              -37.85356521180313
            ],
            [
              -58.56023528133845,
              -37.85347683128911
            ]
          ]
        ]
      }
    },
    {
      "type": "Feature",
      "properties": {
        "id": 262,
        "localidad": "Balcarce",
        "cultivo": "Soja",
        "area_ha": 44.41,
        "error_pct": 11.4,
        "sam_score": 0.945
      },
      "geometry": {
        "type": "Polygon",
        "coordinates": [
          [
            [
              -58.48857476325902,
              -37.83089626874026
            ],
            [
              -58.48823987503961,
              -37.83107337772308
            ],
            [
              -58.484779363439095,
              -37.83107337772308
            ],
            [
              -58.48388632818735,
              -37.83142759568873
            ],
            [
              -58.48332818115501,
              -37.83195892263719
            ],
            [
              -58.48310492234207,
              -37.83178181365437
            ],
            [
              -58.48288166352914,
              -37.83195892263719
            ],
            [
              -58.48332818115501,
              -37.83249024958566
            ],
            [
              -58.48288166352914,
              -37.833110131025535
            ],
            [
              -58.48299329293561,
              -37.835235438819396
            ],
            [
              -58.48277003412267,
              -37.835766765767865
            ],
            [
              -58.484890992845564,
              -37.83780351907031
            ],
            [
              -58.48544913987791,
              -37.83798062805314
            ],
            [
              -58.485672398690845,
              -37.8377149645789
            ],
            [
              -58.48522588106497,
              -37.83736074661326
            ],
            [
              -58.48589565750378,
              -37.837095083139026
            ],
            [
              -58.48611891631672,
              -37.8377149645789
            ],
            [
              -58.48656543394259,
              -37.83798062805314
            ],
            [
              -58.48634217512965,
              -37.83824629152737
            ],
            [
              -58.48656543394259,
              -37.83842340051019
            ],
            [
              -58.487904986820205,
              -37.83780351907031
            ],
            [
              -58.490695721981915,
              -37.835766765767865
            ],
            [
              -58.490584092575446,
              -37.83319868551695
            ],
            [
              -58.490918980794845,
              -37.83266735856848
            ],
            [
              -58.48857476325902,
              -37.83089626874026
            ]
          ]
        ]
      }
    },
    {
      "type": "Feature",
      "properties": {
        "id": 263,
        "localidad": "Balcarce",
        "cultivo": "Trigo",
        "area_ha": 44.36,
        "error_pct": 3.3,
        "sam_score": 0.94
      },
      "geometry": {
        "type": "Polygon",
        "coordinates": [
          [
            [
              -58.48045384137315,
              -37.82563060526623
            ],
            [
              -58.478444648221185,
              -37.82642759568893
            ],
            [
              -58.47543085849323,
              -37.82899567593988
            ],
            [
              -58.47543085849323,
              -37.82926133941411
            ],
            [
              -58.478891135588285,
              -37.83227219212211
            ],
            [
              -58.48034221953137,
              -37.83200652864788
            ],
            [
              -58.480677085056705,
              -37.8321836376307
            ],
            [
              -58.48268627820867,
              -37.8321836376307
            ],
            [
              -58.48246303452512,
              -37.83253785559635
            ],
            [
              -58.482909521892225,
              -37.832714964579175
            ],
            [
              -58.4834676311011,
              -37.8321836376307
            ],
            [
              -58.48436060583531,
              -37.831829419665056
            ],
            [
              -58.48424898399353,
              -37.83165231068223
            ],
            [
              -58.48458384951886,
              -37.831209538225174
            ],
            [
              -58.48458384951886,
              -37.8284643489914
            ],
            [
              -58.48503033688596,
              -37.82802157653435
            ],
            [
              -58.48279790005044,
              -37.82607337772328
            ],
            [
              -58.48201654715801,
              -37.82607337772328
            ],
            [
              -58.48145843794914,
              -37.82571915975764
            ],
            [
              -58.48045384137315,
              -37.82563060526623
            ]
          ]
        ]
      }
    },
    {
      "type": "Feature",
      "properties": {
        "id": 264,
        "localidad": "Balcarce",
        "cultivo": "Maiz",
        "area_ha": 72.37,
        "error_pct": 3.9,
        "sam_score": 0.921
      },
      "geometry": {
        "type": "Polygon",
        "coordinates": [
          [
            [
              -58.30436294852902,
              -37.84002324924336
            ],
            [
              -58.30447481219505,
              -37.840733082484164
            ],
            [
              -58.30402735753091,
              -37.84117672825966
            ],
            [
              -58.304698539527124,
              -37.842152748965766
            ],
            [
              -58.30425108486298,
              -37.84259639474127
            ],
            [
              -58.3049222668592,
              -37.84304004051677
            ],
            [
              -58.30458667586109,
              -37.84392733206778
            ],
            [
              -58.3049222668592,
              -37.844370977843276
            ],
            [
              -58.30481040319316,
              -37.84516954023918
            ],
            [
              -58.30581717618748,
              -37.84570191516978
            ],
            [
              -58.30626463085162,
              -37.846323019255486
            ],
            [
              -58.306600221849735,
              -37.846056831790186
            ],
            [
              -58.30693581284784,
              -37.846323019255486
            ],
            [
              -58.306600221849735,
              -37.846589206720786
            ],
            [
              -58.30693581284784,
              -37.846855394186086
            ],
            [
              -58.30738326751198,
              -37.84614556094528
            ],
            [
              -58.3083900405063,
              -37.84676666503099
            ],
            [
              -58.30894935883648,
              -37.846500477565684
            ],
            [
              -58.309732404498725,
              -37.84676666503099
            ],
            [
              -58.31118663215719,
              -37.84676666503099
            ],
            [
              -58.31152222315529,
              -37.846500477565684
            ],
            [
              -58.31252899614962,
              -37.84667793587589
            ],
            [
              -58.31297645081376,
              -37.846323019255486
            ],
            [
              -58.31420695114015,
              -37.84667793587589
            ],
            [
              -58.31510186046843,
              -37.84587937347998
            ],
            [
              -58.31554931513258,
              -37.84508081108408
            ],
            [
              -58.31532558780051,
              -37.84419351953308
            ],
            [
              -58.31577304246465,
              -37.843572415447376
            ],
            [
              -58.314989996802396,
              -37.841620374035166
            ],
            [
              -58.31443067847222,
              -37.84144291572496
            ],
            [
              -58.31465440580429,
              -37.840733082484164
            ],
            [
              -58.31353576914394,
              -37.83975706177806
            ],
            [
              -58.31152222315529,
              -37.83895849938215
            ],
            [
              -58.31017985916287,
              -37.838781041071954
            ],
            [
              -58.30939681350062,
              -37.839579603467854
            ],
            [
              -58.30984426816476,
              -37.84002324924336
            ],
            [
              -58.309284949834584,
              -37.84011197839846
            ],
            [
              -58.30715954017991,
              -37.83895849938215
            ],
            [
              -58.30615276718559,
              -37.838781041071954
            ],
            [
              -58.30436294852902,
              -37.84002324924336
            ]
          ]
        ]
      }
    },
    {
      "type": "Feature",
      "properties": {
        "id": 265,
        "localidad": "Balcarce",
        "cultivo": "Soja",
        "area_ha": 33.54,
        "error_pct": 1.3,
        "sam_score": 0.962
      },
      "geometry": {
        "type": "Polygon",
        "coordinates": [
          [
            [
              -58.37427806026883,
              -37.844984823231094
            ],
            [
              -58.37181689274812,
              -37.84684446755067
            ],
            [
              -58.37181689274812,
              -37.84728724000771
            ],
            [
              -58.37248812025377,
              -37.84781856695616
            ],
            [
              -58.37226437775189,
              -37.84808423043038
            ],
            [
              -58.37248812025377,
              -37.84852700288742
            ],
            [
              -58.372376249002826,
              -37.84879266636165
            ],
            [
              -58.37271186275565,
              -37.8493239933101
            ],
            [
              -58.37315934775942,
              -37.84950110229292
            ],
            [
              -58.37315934775942,
              -37.84976676576714
            ],
            [
              -58.37360683276318,
              -37.85012098373277
            ],
            [
              -58.373942446516004,
              -37.85012098373277
            ],
            [
              -58.374166189017885,
              -37.85047520169841
            ],
            [
              -58.37483741652353,
              -37.850563756189814
            ],
            [
              -58.37517303027636,
              -37.85109508313827
            ],
            [
              -58.375844257782,
              -37.85091797415545
            ],
            [
              -58.376403614036704,
              -37.851006528646856
            ],
            [
              -58.37741045529518,
              -37.85029809271559
            ],
            [
              -58.37796981154988,
              -37.85012098373277
            ],
            [
              -58.379871622815884,
              -37.84852700288742
            ],
            [
              -58.37998349406682,
              -37.84746434899053
            ],
            [
              -58.37886478155741,
              -37.8461360316194
            ],
            [
              -58.377746069048,
              -37.84533904119672
            ],
            [
              -58.37729858404423,
              -37.84525048670532
            ],
            [
              -58.37651548528765,
              -37.84551615017954
            ],
            [
              -58.37550864402918,
              -37.844984823231094
            ],
            [
              -58.37427806026883,
              -37.844984823231094
            ]
          ]
        ]
      }
    },
    {
      "type": "Feature",
      "properties": {
        "id": 267,
        "localidad": "Balcarce",
        "cultivo": "Trigo",
        "area_ha": 33.3,
        "error_pct": 11.2,
        "sam_score": 0.946
      },
      "geometry": {
        "type": "Polygon",
        "coordinates": [
          [
            [
              -58.46734717668565,
              -37.902073377720136
            ],
            [
              -58.46667675451914,
              -37.902073377720136
            ],
            [
              -58.465671121269395,
              -37.902604704668526
            ],
            [
              -58.462877695575635,
              -37.904818566953466
            ],
            [
              -58.463436380714384,
              -37.90517278491905
            ],
            [
              -58.463436380714384,
              -37.90605832983303
            ],
            [
              -58.46377159179764,
              -37.90694387474701
            ],
            [
              -58.46611806938039,
              -37.90844930110077
            ],
            [
              -58.46678849154689,
              -37.90844930110077
            ],
            [
              -58.46868802101865,
              -37.90747520169539
            ],
            [
              -58.4694701802129,
              -37.90756375618679
            ],
            [
              -58.4699171283239,
              -37.9072095382212
            ],
            [
              -58.47025233940715,
              -37.906412547798624
            ],
            [
              -58.47002886535165,
              -37.905615557376045
            ],
            [
              -58.4705875504904,
              -37.905084230427654
            ],
            [
              -58.47069928751815,
              -37.90473001246207
            ],
            [
              -58.470364076434905,
              -37.90402157653089
            ],
            [
              -58.4705875504904,
              -37.90384446754809
            ],
            [
              -58.46913496912965,
              -37.90251615017713
            ],
            [
              -58.46734717668565,
              -37.902073377720136
            ]
          ]
        ]
      }
    },
    {
      "type": "Feature",
      "properties": {
        "id": 268,
        "localidad": "Balcarce",
        "cultivo": "Maiz",
        "area_ha": 34.81,
        "error_pct": 32.4,
        "sam_score": 0.814
      },
      "geometry": {
        "type": "Polygon",
        "coordinates": [
          [
            [
              -58.469883074873955,
              -37.90807337771989
            ],
            [
              -58.468765613475135,
              -37.90869325915966
            ],
            [
              -58.46910085189478,
              -37.90895892263385
            ],
            [
              -58.468877359615014,
              -37.90975591305642
            ],
            [
              -58.469212598034666,
              -37.91011013102201
            ],
            [
              -58.46865386733525,
              -37.9102872400048
            ],
            [
              -58.46854212119537,
              -37.91081856695318
            ],
            [
              -58.469212598034666,
              -37.91134989390156
            ],
            [
              -58.46954783645431,
              -37.91126133941016
            ],
            [
              -58.469883074873955,
              -37.91152700288435
            ],
            [
              -58.47066529785314,
              -37.91161555737575
            ],
            [
              -58.471894505391845,
              -37.91258965678111
            ],
            [
              -58.47267672837102,
              -37.9128553202553
            ],
            [
              -58.472341489951376,
              -37.91320953822088
            ],
            [
              -58.47267672837102,
              -37.91356375618647
            ],
            [
              -58.472453236091255,
              -37.914183637626245
            ],
            [
              -58.472900220650786,
              -37.91462641008323
            ],
            [
              -58.473905935909734,
              -37.91444930110043
            ],
            [
              -58.47435292046926,
              -37.91462641008323
            ],
            [
              -58.475470381868085,
              -37.91427219211764
            ],
            [
              -58.47569387414785,
              -37.91382941966066
            ],
            [
              -58.475470381868085,
              -37.91347520169507
            ],
            [
              -58.47625260484727,
              -37.9128553202553
            ],
            [
              -58.475470381868085,
              -37.91223543881552
            ],
            [
              -58.47479990502879,
              -37.91223543881552
            ],
            [
              -58.47479990502879,
              -37.91161555737575
            ],
            [
              -58.47580562028774,
              -37.91161555737575
            ],
            [
              -58.47636435098715,
              -37.91134989390156
            ],
            [
              -58.477034827826444,
              -37.910641457970385
            ],
            [
              -58.477034827826444,
              -37.90993302203921
            ],
            [
              -58.47681133554668,
              -37.90975591305642
            ],
            [
              -58.475917366427616,
              -37.90993302203921
            ],
            [
              -58.47569387414785,
              -37.90922458610804
            ],
            [
              -58.47479990502879,
              -37.90878181365106
            ],
            [
              -58.47479990502879,
              -37.908427595685474
            ],
            [
              -58.47412942818949,
              -37.908161932211286
            ],
            [
              -58.47379418976985,
              -37.9077191597543
            ],
            [
              -58.47312371293055,
              -37.90754205077151
            ],
            [
              -58.469883074873955,
              -37.90807337771989
            ]
          ]
        ]
      }
    },
    {
      "type": "Feature",
      "properties": {
        "id": 269,
        "localidad": "Balcarce",
        "cultivo": "Soja",
        "area_ha": 32.85,
        "error_pct": 8.1,
        "sam_score": 0.981
      },
      "geometry": {
        "type": "Polygon",
        "coordinates": [
          [
            [
              -58.46878262714588,
              -37.916250486702346
            ],
            [
              -58.467106252741715,
              -37.917313140599084
            ],
            [
              -58.46665921956727,
              -37.91802157653024
            ],
            [
              -58.46643570298005,
              -37.91917278491838
            ],
            [
              -58.46665921956727,
              -37.91996977534093
            ],
            [
              -58.46721801103532,
              -37.9205011022893
            ],
            [
              -58.46744152762255,
              -37.92103242923767
            ],
            [
              -58.4680003190906,
              -37.92147520169465
            ],
            [
              -58.46922966032032,
              -37.92191797415162
            ],
            [
              -58.471241309605325,
              -37.92191797415162
            ],
            [
              -58.47213537595421,
              -37.92147520169465
            ],
            [
              -58.47358823377115,
              -37.92023543881512
            ],
            [
              -58.473923508651986,
              -37.91961555737535
            ],
            [
              -58.473923508651986,
              -37.918287240004425
            ],
            [
              -58.47325295889032,
              -37.917313140599084
            ],
            [
              -58.471688342779764,
              -37.916250486702346
            ],
            [
              -58.47057075984365,
              -37.91651615017653
            ],
            [
              -58.4700119683756,
              -37.91616193221095
            ],
            [
              -58.46878262714588,
              -37.916250486702346
            ]
          ]
        ]
      }
    },
    {
      "type": "Feature",
      "properties": {
        "id": 273,
        "localidad": "Balcarce",
        "cultivo": "Trigo",
        "area_ha": 30.16,
        "error_pct": 1.8,
        "sam_score": 0.979
      },
      "geometry": {
        "type": "Polygon",
        "coordinates": [
          [
            [
              -58.44512965908373,
              -37.92351615017624
            ],
            [
              -58.44390020083085,
              -37.92351615017624
            ],
            [
              -58.442335435781736,
              -37.9240474771246
            ],
            [
              -58.44188836005341,
              -37.924401695090175
            ],
            [
              -58.44211189791757,
              -37.924667358564356
            ],
            [
              -58.44110597752885,
              -37.92519868551272
            ],
            [
              -58.44088243966469,
              -37.92626133940944
            ],
            [
              -58.44110597752885,
              -37.927235438814776
            ],
            [
              -58.44166482218925,
              -37.92803242923732
            ],
            [
              -58.44222366684965,
              -37.92847520169428
            ],
            [
              -58.44423550762709,
              -37.929183637625435
            ],
            [
              -58.44535319694789,
              -37.929095083134044
            ],
            [
              -58.44669442413285,
              -37.92856375618568
            ],
            [
              -58.44758857558949,
              -37.92776676576314
            ],
            [
              -58.44792388238574,
              -37.9268812208492
            ],
            [
              -58.44792388238574,
              -37.92555290347829
            ],
            [
              -58.44758857558949,
              -37.92519868551272
            ],
            [
              -58.44747680665741,
              -37.92475591305575
            ],
            [
              -58.44680619306494,
              -37.924136031615994
            ],
            [
              -58.44512965908373,
              -37.92351615017624
            ]
          ]
        ]
      }
    },
    {
      "type": "Feature",
      "properties": {
        "id": 276,
        "localidad": "Balcarce",
        "cultivo": "Maiz",
        "area_ha": 60.71,
        "error_pct": 2.4,
        "sam_score": 0.942
      },
      "geometry": {
        "type": "Polygon",
        "coordinates": [
          [
            [
              -58.41734181062,
              -37.87074506035033
            ],
            [
              -58.41499628895752,
              -37.872073377721385
            ],
            [
              -58.41298584181824,
              -37.87357880407524
            ],
            [
              -58.412092309756346,
              -37.87455290348068
            ],
            [
              -58.41231569277182,
              -37.87473001246348
            ],
            [
              -58.41276245880277,
              -37.87428724000647
            ],
            [
              -58.41298584181824,
              -37.874375794497865
            ],
            [
              -58.41298584181824,
              -37.874907121446284
            ],
            [
              -58.413432607849195,
              -37.875172784920494
            ],
            [
              -58.413209224833714,
              -37.8754384483947
            ],
            [
              -58.41354429935693,
              -37.87676676576576
            ],
            [
              -58.41521967197299,
              -37.878095083136806
            ],
            [
              -58.41655997006584,
              -37.87827219211961
            ],
            [
              -58.416895044589054,
              -37.878626410085225
            ],
            [
              -58.41723011911227,
              -37.87853785559382
            ],
            [
              -58.417676885143216,
              -37.87880351906803
            ],
            [
              -58.4200224068057,
              -37.87871496457662
            ],
            [
              -58.421251013390815,
              -37.878183637628204
            ],
            [
              -58.42281469449914,
              -37.87658965678295
            ],
            [
              -58.42303807751461,
              -37.87499567593769
            ],
            [
              -58.422703002991405,
              -37.87242759568699
            ],
            [
              -58.421921162437236,
              -37.87198482322998
            ],
            [
              -58.41734181062,
              -37.87074506035033
            ]
          ]
        ]
      }
    },
    {
      "type": "Feature",
      "properties": {
        "id": 280,
        "localidad": "Balcarce",
        "cultivo": "Soja",
        "area_ha": 50.71,
        "error_pct": 1.9,
        "sam_score": 0.965
      },
      "geometry": {
        "type": "Polygon",
        "coordinates": [
          [
            [
              -58.44686130727938,
              -37.97736494178592
            ],
            [
              -58.44327494883561,
              -37.9774534962773
            ],
            [
              -58.44148176961372,
              -37.97895892263082
            ],
            [
              -58.44103347480825,
              -37.98002157652742
            ],
            [
              -58.44114554850962,
              -37.98241254779477
            ],
            [
              -58.443611169939715,
              -37.98462641007935
            ],
            [
              -58.44484398065476,
              -37.98533484601042
            ],
            [
              -58.4454043491616,
              -37.98533484601042
            ],
            [
              -58.44809411799443,
              -37.98365231067414
            ],
            [
              -58.44977522351494,
              -37.982235438812005
            ],
            [
              -58.449887297216314,
              -37.980287240001566
            ],
            [
              -58.448766560202635,
              -37.97887036813943
            ],
            [
              -58.44686130727938,
              -37.97736494178592
            ]
          ]
        ]
      }
    },
    {
      "type": "Feature",
      "properties": {
        "id": 281,
        "localidad": "Balcarce",
        "cultivo": "Trigo",
        "area_ha": 37.71,
        "error_pct": 23.7,
        "sam_score": 0.952
      },
      "geometry": {
        "type": "Polygon",
        "coordinates": [
          [
            [
              -58.43957127520615,
              -37.98163060525991
            ],
            [
              -58.438564546491264,
              -37.98163060525991
            ],
            [
              -58.43755781777638,
              -37.981896268734054
            ],
            [
              -58.43464949037783,
              -37.98411013101862
            ],
            [
              -58.43464949037783,
              -37.984641457966916
            ],
            [
              -58.43431391413954,
              -37.985349893897975
            ],
            [
              -58.43464949037783,
              -37.986058329829035
            ],
            [
              -58.4364392303154,
              -37.98729809270839
            ],
            [
              -58.436551089061496,
              -37.98765231067392
            ],
            [
              -58.43733410028419,
              -37.98836074660498
            ],
            [
              -58.43822897025297,
              -37.98844930109637
            ],
            [
              -58.43878826398346,
              -37.98871496457051
            ],
            [
              -58.44001871019054,
              -37.98871496457051
            ],
            [
              -58.440689862667135,
              -37.98836074660498
            ],
            [
              -58.441249156397625,
              -37.98836074660498
            ],
            [
              -58.44158473263592,
              -37.98809508313084
            ],
            [
              -58.44147287388982,
              -37.98782941965669
            ],
            [
              -58.44169659138202,
              -37.98756375618254
            ],
            [
              -58.44136101514373,
              -37.98658965677733
            ],
            [
              -58.44158473263592,
              -37.984995675932446
            ],
            [
              -58.44203216762031,
              -37.98384446754447
            ],
            [
              -58.441249156397625,
              -37.982958922630644
            ],
            [
              -58.44046614517494,
              -37.98242759568235
            ],
            [
              -58.44024242768274,
              -37.98198482322544
            ],
            [
              -58.43957127520615,
              -37.98163060525991
            ]
          ]
        ]
      }
    },
    {
      "type": "Feature",
      "properties": {
        "id": 283,
        "localidad": "Balcarce",
        "cultivo": "Maiz",
        "area_ha": 30.9,
        "error_pct": 41.6,
        "sam_score": 0.995
      },
      "geometry": {
        "type": "Polygon",
        "coordinates": [
          [
            [
              -58.251929213797034,
              -37.91075706177516
            ],
            [
              -58.25024631468728,
              -37.91004722853446
            ],
            [
              -58.248339029029566,
              -37.90995849937938
            ],
            [
              -58.2467683231938,
              -37.91040214515481
            ],
            [
              -58.24497323081006,
              -37.91173308248111
            ],
            [
              -58.244300071166165,
              -37.91315274896251
            ],
            [
              -58.244300071166165,
              -37.91430622797864
            ],
            [
              -58.24463665098811,
              -37.91510479037443
            ],
            [
              -58.24598297027591,
              -37.91625826939056
            ],
            [
              -58.24665612991981,
              -37.915992081925296
            ],
            [
              -58.252938953262884,
              -37.91164435332603
            ],
            [
              -58.251929213797034,
              -37.91075706177516
            ]
          ]
        ]
      }
    },
    {
      "type": "Feature",
      "properties": {
        "id": 284,
        "localidad": "Balcarce",
        "cultivo": "Soja",
        "area_ha": 47.04,
        "error_pct": 18.8,
        "sam_score": 0.956
      },
      "geometry": {
        "type": "Polygon",
        "coordinates": [
          [
            [
              -58.268427256655094,
              -37.91211197839545
            ],
            [
              -58.26428425305303,
              -37.91202324924037
            ],
            [
              -58.263948333842045,
              -37.91166833262002
            ],
            [
              -58.26271663006846,
              -37.91228943670563
            ],
            [
              -58.25924546488835,
              -37.91486258220315
            ],
            [
              -58.25924546488835,
              -37.91530622797858
            ],
            [
              -58.259469411029,
              -37.91548368628875
            ],
            [
              -58.25980533023998,
              -37.91539495713367
            ],
            [
              -58.260029276380635,
              -37.916016061219274
            ],
            [
              -58.26103703401357,
              -37.91708081108032
            ],
            [
              -58.263052549279436,
              -37.91876666502697
            ],
            [
              -58.26562792989694,
              -37.91761318601084
            ],
            [
              -58.26596384910792,
              -37.91770191516593
            ],
            [
              -58.26573990296726,
              -37.917968102631185
            ],
            [
              -58.266075822178244,
              -37.91823429009645
            ],
            [
              -58.26697160674085,
              -37.91814556094136
            ],
            [
              -58.26876317586607,
              -37.91672589445997
            ],
            [
              -58.268651202795745,
              -37.91592733206419
            ],
            [
              -58.269099095077046,
              -37.91504004051332
            ],
            [
              -58.269099095077046,
              -37.91424147811754
            ],
            [
              -58.26876317586607,
              -37.91397529065228
            ],
            [
              -58.26921106814738,
              -37.91362037403193
            ],
            [
              -58.269099095077046,
              -37.912999269946326
            ],
            [
              -58.268427256655094,
              -37.91211197839545
            ]
          ]
        ]
      }
    },
    {
      "type": "Feature",
      "properties": {
        "id": 287,
        "localidad": "Balcarce",
        "cultivo": "Trigo",
        "area_ha": 35.66,
        "error_pct": 0.7,
        "sam_score": 0.992
      },
      "geometry": {
        "type": "Polygon",
        "coordinates": [
          [
            [
              -58.076190399795586,
              -37.771328540667234
            ],
            [
              -58.07405854897125,
              -37.771328540667234
            ],
            [
              -58.073160927571536,
              -37.77159525419476
            ],
            [
              -58.07170229279699,
              -37.77266210830486
            ],
            [
              -58.07114127942217,
              -37.77364005790578
            ],
            [
              -58.07114127942217,
              -37.774884721034226
            ],
            [
              -58.07170229279699,
              -37.775951575144326
            ],
            [
              -58.07271211687168,
              -37.77684062023607
            ],
            [
              -58.07405854897125,
              -37.77728514278195
            ],
            [
              -58.07585379177069,
              -37.77728514278195
            ],
            [
              -58.0770880211953,
              -37.77684062023607
            ],
            [
              -58.07798564259502,
              -37.77621828867185
            ],
            [
              -58.07877106131977,
              -37.774884721034226
            ],
            [
              -58.07877106131977,
              -37.77372896241496
            ],
            [
              -58.078434453294875,
              -37.77283991732321
            ],
            [
              -58.0770880211953,
              -37.77177306321311
            ],
            [
              -58.076190399795586,
              -37.771328540667234
            ]
          ]
        ]
      }
    },
    {
      "type": "Feature",
      "properties": {
        "id": 289,
        "localidad": "Balcarce",
        "cultivo": "Maiz",
        "area_ha": 81.13,
        "error_pct": 10.6,
        "sam_score": 0.974
      },
      "geometry": {
        "type": "Polygon",
        "coordinates": [
          [
            [
              -58.04091590682116,
              -37.772194832446935
            ],
            [
              -58.03755635575295,
              -37.772283736956105
            ],
            [
              -58.03576459518323,
              -37.77281716401115
            ],
            [
              -58.03442077475595,
              -37.77406182713959
            ],
            [
              -58.0336368795067,
              -37.77548429928638
            ],
            [
              -58.033412909435484,
              -37.77770691201574
            ],
            [
              -58.03419680468473,
              -37.77930719318087
            ],
            [
              -58.03610055029006,
              -37.78081856983683
            ],
            [
              -58.03800429589538,
              -37.781529805910225
            ],
            [
              -58.040691936749944,
              -37.781529805910225
            ],
            [
              -58.04248369731966,
              -37.78099637885518
            ],
            [
              -58.04427545788937,
              -37.77957390670839
            ],
            [
              -58.04494736810302,
              -37.778329243579954
            ],
            [
              -58.04494736810302,
              -37.776195535359776
            ],
            [
              -58.04405148781816,
              -37.775839917323076
            ],
            [
              -58.04270766739087,
              -37.77432854066711
            ],
            [
              -58.04225972724844,
              -37.77432854066711
            ],
            [
              -58.04192377214162,
              -37.77290606852033
            ],
            [
              -58.04091590682116,
              -37.772194832446935
            ]
          ]
        ]
      }
    },
    {
      "type": "Feature",
      "properties": {
        "id": 290,
        "localidad": "Balcarce",
        "cultivo": "Soja",
        "area_ha": 32.6,
        "error_pct": 9.1,
        "sam_score": 0.918
      },
      "geometry": {
        "type": "Polygon",
        "coordinates": [
          [
            [
              -57.91997416198438,
              -37.70883331614638
            ],
            [
              -57.918740965982046,
              -37.709011477261825
            ],
            [
              -57.916386682704854,
              -37.709011477261825
            ],
            [
              -57.914144508155154,
              -37.71079308841621
            ],
            [
              -57.91392029070018,
              -37.71114941064709
            ],
            [
              -57.91392029070018,
              -37.711772974551124
            ],
            [
              -57.914368725610124,
              -37.712129296782
            ],
            [
              -57.91470505179258,
              -37.71293102180148
            ],
            [
              -57.91537770415749,
              -37.713465505147795
            ],
            [
              -57.91593824779492,
              -37.713465505147795
            ],
            [
              -57.916610900159824,
              -37.714267230167266
            ],
            [
              -57.91795620488965,
              -37.71480171351359
            ],
            [
              -57.91974994452941,
              -37.71444539128271
            ],
            [
              -57.920983140531746,
              -37.713465505147795
            ],
            [
              -57.92120735798672,
              -37.71195113566657
            ],
            [
              -57.92165579289666,
              -37.71114941064709
            ],
            [
              -57.92154368416917,
              -37.710614927300774
            ],
            [
              -57.920983140531746,
              -37.70963504116586
            ],
            [
              -57.91997416198438,
              -37.70883331614638
            ]
          ]
        ]
      }
    },
    {
      "type": "Feature",
      "properties": {
        "id": 291,
        "localidad": "Balcarce",
        "cultivo": "Trigo",
        "area_ha": 48.69,
        "error_pct": 0.1,
        "sam_score": 0.995
      },
      "geometry": {
        "type": "Polygon",
        "coordinates": [
          [
            [
              -57.91250734641436,
              -37.772387913355246
            ],
            [
              -57.911497495021315,
              -37.77256607447066
            ],
            [
              -57.911160877890296,
              -37.7731005578169
            ],
            [
              -57.910487643628265,
              -37.77327871893232
            ],
            [
              -57.90891676368353,
              -37.774347685624804
            ],
            [
              -57.90846794084217,
              -37.775505732875004
            ],
            [
              -57.90846794084217,
              -37.77657469956749
            ],
            [
              -57.9091411751042,
              -37.77799998849081
            ],
            [
              -57.910487643628265,
              -37.779158035741006
            ],
            [
              -57.91183411215233,
              -37.77960343852954
            ],
            [
              -57.91329278638673,
              -37.77978159964496
            ],
            [
              -57.91508807775214,
              -37.77933619685642
            ],
            [
              -57.91665895769688,
              -37.77808906904852
            ],
            [
              -57.917332191958906,
              -37.777020102356026
            ],
            [
              -57.91744439766925,
              -37.775772974548126
            ],
            [
              -57.91721998624857,
              -37.77559481343271
            ],
            [
              -57.91665895769688,
              -37.77568389399042
            ],
            [
              -57.915873517724506,
              -37.775149410644175
            ],
            [
              -57.916210134855525,
              -37.77479308841335
            ],
            [
              -57.916995574827894,
              -37.77506033008647
            ],
            [
              -57.91721998624857,
              -37.774614927297925
            ],
            [
              -57.91564910630383,
              -37.7731005578169
            ],
            [
              -57.91396602064876,
              -37.77247699391295
            ],
            [
              -57.91250734641436,
              -37.772387913355246
            ]
          ]
        ]
      }
    },
    {
      "type": "Feature",
      "properties": {
        "id": 292,
        "localidad": "Balcarce",
        "cultivo": "Maiz",
        "area_ha": 33.39,
        "error_pct": 18.9,
        "sam_score": 0.802
      },
      "geometry": {
        "type": "Polygon",
        "coordinates": [
          [
            [
              -57.93736425923364,
              -37.79983331614268
            ],
            [
              -57.93713976579893,
              -37.80001147725808
            ],
            [
              -57.93770099938569,
              -37.800545960604296
            ],
            [
              -57.93736425923364,
              -37.8008132022774
            ],
            [
              -57.93736425923364,
              -37.80108044395051
            ],
            [
              -57.938262232972455,
              -37.801614927296725
            ],
            [
              -57.938486726407156,
              -37.80197124952753
            ],
            [
              -57.9381499862551,
              -37.80232757175835
            ],
            [
              -57.938262232972455,
              -37.802772974546855
            ],
            [
              -57.9379254928204,
              -37.80348561900848
            ],
            [
              -57.94162963449301,
              -37.80615803573954
            ],
            [
              -57.942864348383885,
              -37.80544539127793
            ],
            [
              -57.942976595101236,
              -37.80499998848941
            ],
            [
              -57.94331333525329,
              -37.80517814960482
            ],
            [
              -57.94499703601357,
              -37.803931021796984
            ],
            [
              -57.94499703601357,
              -37.80304021621996
            ],
            [
              -57.94466029586152,
              -37.80250573287375
            ],
            [
              -57.94477254257887,
              -37.80197124952753
            ],
            [
              -57.94387456884005,
              -37.80125860506592
            ],
            [
              -57.9437623221227,
              -37.80099136339281
            ],
            [
              -57.9439868155574,
              -37.8007241217197
            ],
            [
              -57.943650075405344,
              -37.800456880046596
            ],
            [
              -57.943537828687994,
              -37.800545960604296
            ],
            [
              -57.943201088535936,
              -37.80027871893119
            ],
            [
              -57.94185412792771,
              -37.80001147725808
            ],
            [
              -57.940843907471546,
              -37.79947699391187
            ],
            [
              -57.93994593373273,
              -37.79929883279647
            ],
            [
              -57.93949694686332,
              -37.799566074469574
            ],
            [
              -57.93736425923364,
              -37.79983331614268
            ]
          ]
        ]
      }
    },
    {
      "type": "Feature",
      "properties": {
        "id": 293,
        "localidad": "Balcarce",
        "cultivo": "Soja",
        "area_ha": 63.52,
        "error_pct": 1.6,
        "sam_score": 0.996
      },
      "geometry": {
        "type": "Polygon",
        "coordinates": [
          [
            [
              -57.93446028926973,
              -37.8028534300078
            ],
            [
              -57.93199561795363,
              -37.80303159112321
            ],
            [
              -57.93020312972374,
              -37.80392239670022
            ],
            [
              -57.92874673303696,
              -37.80570400785425
            ],
            [
              -57.92852267200822,
              -37.806683893988975
            ],
            [
              -57.92863470252259,
              -37.8078419412391
            ],
            [
              -57.92941891612317,
              -37.80917814960462
            ],
            [
              -57.93121140435306,
              -37.81051435797014
            ],
            [
              -57.933003892582946,
              -37.81095976075865
            ],
            [
              -57.93446028926973,
              -37.81095976075865
            ],
            [
              -57.93647683852836,
              -37.81042527741244
            ],
            [
              -57.938045265729514,
              -37.80908906904692
            ],
            [
              -57.93882947933009,
              -37.80748561900829
            ],
            [
              -57.93882947933009,
              -37.80623849120047
            ],
            [
              -57.938045265729514,
              -37.80463504116184
            ],
            [
              -57.93636480801399,
              -37.803387913354015
            ],
            [
              -57.93446028926973,
              -37.8028534300078
            ]
          ]
        ]
      }
    },
    {
      "type": "Feature",
      "properties": {
        "id": 294,
        "localidad": "Balcarce",
        "cultivo": "Trigo",
        "area_ha": 62.6,
        "error_pct": 4.0,
        "sam_score": 0.985
      },
      "geometry": {
        "type": "Polygon",
        "coordinates": [
          [
            [
              -57.9463948716506,
              -37.80458618833461
            ],
            [
              -57.944149754901034,
              -37.805209752238525
            ],
            [
              -57.94257817317634,
              -37.80636779948864
            ],
            [
              -57.94168012647651,
              -37.807793088411856
            ],
            [
              -57.94168012647651,
              -37.80948561900818
            ],
            [
              -57.94212914982642,
              -37.810554585700594
            ],
            [
              -57.943925243226076,
              -37.812158035739216
            ],
            [
              -57.94594584830069,
              -37.81287068020083
            ],
            [
              -57.947741941700336,
              -37.81287068020083
            ],
            [
              -57.949089011750075,
              -37.812514357970024
            ],
            [
              -57.95077284931225,
              -37.81126723016221
            ],
            [
              -57.95088510514973,
              -37.80921837733508
            ],
            [
              -57.95110961682469,
              -37.80895113566197
            ],
            [
              -57.95167089601208,
              -37.80895113566197
            ],
            [
              -57.95200766352451,
              -37.80841665231576
            ],
            [
              -57.95077284931225,
              -37.80618963837323
            ],
            [
              -57.94987480261243,
              -37.805387913353925
            ],
            [
              -57.94819096505025,
              -37.80476434945002
            ],
            [
              -57.9463948716506,
              -37.80458618833461
            ]
          ]
        ]
      }
    },
    {
      "type": "Feature",
      "properties": {
        "id": 295,
        "localidad": "Balcarce",
        "cultivo": "Maiz",
        "area_ha": 51.68,
        "error_pct": 2.4,
        "sam_score": 0.949
      },
      "geometry": {
        "type": "Polygon",
        "coordinates": [
          [
            [
              -57.95523203994197,
              -37.79712929677795
            ],
            [
              -57.95702784154098,
              -37.79882182737432
            ],
            [
              -57.958823643139986,
              -37.80006895518217
            ],
            [
              -57.959497068739616,
              -37.80024711629757
            ],
            [
              -57.960170494339245,
              -37.79944539127824
            ],
            [
              -57.960619444738995,
              -37.79962355239365
            ],
            [
              -57.96050720713906,
              -37.79997987462446
            ],
            [
              -57.96073168233893,
              -37.80015803573987
            ],
            [
              -57.9638743351372,
              -37.80006895518217
            ],
            [
              -57.966119087135965,
              -37.79882182737432
            ],
            [
              -57.965894611936086,
              -37.79677297454714
            ],
            [
              -57.96488447353664,
              -37.79614941064321
            ],
            [
              -57.96522118633646,
              -37.79508044395077
            ],
            [
              -57.96454776073683,
              -37.79392239670062
            ],
            [
              -57.96376209753726,
              -37.79347699391211
            ],
            [
              -57.96342538473745,
              -37.79374423558522
            ],
            [
              -57.961966295938254,
              -37.793566074469815
            ],
            [
              -57.961292870338625,
              -37.79374423558522
            ],
            [
              -57.960843919938874,
              -37.79338791335441
            ],
            [
              -57.959946019139366,
              -37.79338791335441
            ],
            [
              -57.95669112874116,
              -37.795704007854695
            ],
            [
              -57.95669112874116,
              -37.79614941064321
            ],
            [
              -57.9559054655416,
              -37.796416652316324
            ],
            [
              -57.95568099034172,
              -37.797040216220246
            ],
            [
              -57.95523203994197,
              -37.79712929677795
            ]
          ]
        ]
      }
    },
    {
      "type": "Feature",
      "properties": {
        "id": 296,
        "localidad": "Balcarce",
        "cultivo": "Soja",
        "area_ha": 91.22,
        "error_pct": 1.2,
        "sam_score": 0.993
      },
      "geometry": {
        "type": "Polygon",
        "coordinates": [
          [
            [
              -57.9494159379111,
              -37.82801702342651
            ],
            [
              -57.94717009100858,
              -37.82801702342651
            ],
            [
              -57.94458736707068,
              -37.82890606851815
            ],
            [
              -57.94323985892917,
              -37.829972922628116
            ],
            [
              -57.942116935477905,
              -37.83192882182972
            ],
            [
              -57.942229227823034,
              -37.83388472103132
            ],
            [
              -57.94301527423892,
              -37.835485002196265
            ],
            [
              -57.94436278238042,
              -37.83664076081539
            ],
            [
              -57.94694550631832,
              -37.837618710416194
            ],
            [
              -57.94930364556597,
              -37.837618710416194
            ],
            [
              -57.951661784813616,
              -37.83708528336121
            ],
            [
              -57.95357075468076,
              -37.8353960976871
            ],
            [
              -57.954356801096644,
              -37.833795816522155
            ],
            [
              -57.954356801096644,
              -37.83192882182972
            ],
            [
              -57.95345846233563,
              -37.83015073164644
            ],
            [
              -57.951437200123365,
              -37.828639354990656
            ],
            [
              -57.9494159379111,
              -37.82801702342651
            ]
          ]
        ]
      }
    },
    {
      "type": "Feature",
      "properties": {
        "id": 297,
        "localidad": "Balcarce",
        "cultivo": "Trigo",
        "area_ha": 66.8,
        "error_pct": 0.4,
        "sam_score": 1.0
      },
      "geometry": {
        "type": "Polygon",
        "coordinates": [
          [
            [
              -57.97102923936127,
              -37.822298832795546
            ],
            [
              -57.9686759929569,
              -37.822120671680146
            ],
            [
              -57.96621068719995,
              -37.82283331614173
            ],
            [
              -57.96553833108441,
              -37.82283331614173
            ],
            [
              -57.96531421237923,
              -37.82363504116102
            ],
            [
              -57.96419361885334,
              -37.825149410641885
            ],
            [
              -57.964081559500755,
              -37.82693102179584
            ],
            [
              -57.964753915616285,
              -37.82835631071901
            ],
            [
              -57.96598656849476,
              -37.82951435796909
            ],
            [
              -57.968115696193955,
              -37.83040516354607
            ],
            [
              -57.97013276454056,
              -37.83049424410377
            ],
            [
              -57.971925714181985,
              -37.829959760757575
            ],
            [
              -57.97360660447082,
              -37.8287126329498
            ],
            [
              -57.97450307929153,
              -37.82719826346894
            ],
            [
              -57.97439101993894,
              -37.82523849119958
            ],
            [
              -57.97383072317599,
              -37.824080443949505
            ],
            [
              -57.97248601094493,
              -37.82292239669943
            ],
            [
              -57.97102923936127,
              -37.822298832795546
            ]
          ]
        ]
      }
    },
    {
      "type": "Feature",
      "properties": {
        "id": 298,
        "localidad": "Balcarce",
        "cultivo": "Maiz",
        "area_ha": 72.1,
        "error_pct": 9.6,
        "sam_score": 0.967
      },
      "geometry": {
        "type": "Polygon",
        "coordinates": [
          [
            [
              -58.106778691939965,
              -37.872172782043954
            ],
            [
              -58.105769473586655,
              -37.87270620909889
            ],
            [
              -58.10419957837039,
              -37.87279511360804
            ],
            [
              -58.10319036001708,
              -37.87341744517213
            ],
            [
              -58.102853953899306,
              -37.874839917318624
            ],
            [
              -58.10229327703636,
              -37.8752844398644
            ],
            [
              -58.101844735545995,
              -37.87777376612076
            ],
            [
              -58.10218114166377,
              -37.87821828866654
            ],
            [
              -58.10206900629118,
              -37.878840620230626
            ],
            [
              -58.10251754778154,
              -37.87910733375809
            ],
            [
              -58.10274181852672,
              -37.87892952473978
            ],
            [
              -58.10251754778154,
              -37.87839609768485
            ],
            [
              -58.102853953899306,
              -37.87804047964823
            ],
            [
              -58.10319036001708,
              -37.878662811212315
            ],
            [
              -58.1029660892719,
              -37.87910733375809
            ],
            [
              -58.10330249538967,
              -37.87937404728556
            ],
            [
              -58.10363890150744,
              -37.8792851427764
            ],
            [
              -58.105657338214066,
              -37.88035199688627
            ],
            [
              -58.108797128646586,
              -37.88124104197783
            ],
            [
              -58.10902139939177,
              -37.88106323295952
            ],
            [
              -58.108797128646586,
              -37.88070761492289
            ],
            [
              -58.110815565353214,
              -37.88052980590458
            ],
            [
              -58.11249759594207,
              -37.87919623826725
            ],
            [
              -58.111712648333935,
              -37.8760845804468
            ],
            [
              -58.11238546056948,
              -37.874306490263685
            ],
            [
              -58.11216118982429,
              -37.87297292262635
            ],
            [
              -58.110703429980624,
              -37.87226168655311
            ],
            [
              -58.11025488849026,
              -37.87243949557142
            ],
            [
              -58.1098063469999,
              -37.87226168655311
            ],
            [
              -58.10924567013695,
              -37.87261730458973
            ],
            [
              -58.108797128646586,
              -37.872350591062265
            ],
            [
              -58.10823645178364,
              -37.87261730458973
            ],
            [
              -58.107675774920686,
              -37.872350591062265
            ],
            [
              -58.10733936880292,
              -37.87261730458973
            ],
            [
              -58.106778691939965,
              -37.872172782043954
            ]
          ]
        ]
      }
    },
    {
      "type": "Feature",
      "properties": {
        "id": 299,
        "localidad": "Balcarce",
        "cultivo": "Soja",
        "area_ha": 56.95,
        "error_pct": 3.4,
        "sam_score": 0.967
      },
      "geometry": {
        "type": "Polygon",
        "coordinates": [
          [
            [
              -58.12588160895925,
              -37.872350591062265
            ],
            [
              -58.12543306746889,
              -37.8728840181172
            ],
            [
              -58.12341463076226,
              -37.873684158699604
            ],
            [
              -58.12363890150744,
              -37.87395087222707
            ],
            [
              -58.12341463076226,
              -37.87492882182778
            ],
            [
              -58.12352676613485,
              -37.87688472102921
            ],
            [
              -58.12274181852672,
              -37.87706253004752
            ],
            [
              -58.12330249538967,
              -37.877862670629916
            ],
            [
              -58.12453598448816,
              -37.87821828866654
            ],
            [
              -58.125320932096294,
              -37.879018429248944
            ],
            [
              -58.12857285790141,
              -37.880351996886276
            ],
            [
              -58.13137624221617,
              -37.878485002194004
            ],
            [
              -58.13272186668725,
              -37.87724033906583
            ],
            [
              -58.13305827280502,
              -37.875995675937645
            ],
            [
              -58.13249759594207,
              -37.874839917318624
            ],
            [
              -58.13249759594207,
              -37.87377306320876
            ],
            [
              -58.13272186668725,
              -37.87359525419045
            ],
            [
              -58.13148837758876,
              -37.87279511360804
            ],
            [
              -58.12958207625472,
              -37.872350591062265
            ],
            [
              -58.128909264019185,
              -37.87243949557142
            ],
            [
              -58.12778791029328,
              -37.873061827135516
            ],
            [
              -58.12677869193997,
              -37.872350591062265
            ],
            [
              -58.12588160895925,
              -37.872350591062265
            ]
          ]
        ]
      }
    },
    {
      "type": "Feature",
      "properties": {
        "id": 300,
        "localidad": "Balcarce",
        "cultivo": "Trigo",
        "area_ha": 32.86,
        "error_pct": 5.7,
        "sam_score": 0.966
      },
      "geometry": {
        "type": "Polygon",
        "coordinates": [
          [
            [
              -58.141216757352474,
              -37.92559525418823
            ],
            [
              -58.140431254917296,
              -37.926306490261396
            ],
            [
              -58.1402068256501,
              -37.92817348495346
            ],
            [
              -58.13964575248211,
              -37.92861800749919
            ],
            [
              -58.1402068256501,
              -37.93004047964552
            ],
            [
              -58.141665615886865,
              -37.93101842924613
            ],
            [
              -58.14245111832205,
              -37.93128514277357
            ],
            [
              -58.144470981726805,
              -37.93110733375527
            ],
            [
              -58.14514426952839,
              -37.93128514277357
            ],
            [
              -58.14626641586437,
              -37.930218288663816
            ],
            [
              -58.14592977196357,
              -37.92995157513638
            ],
            [
              -58.14649084513156,
              -37.92906253004492
            ],
            [
              -58.14649084513156,
              -37.926751012807124
            ],
            [
              -58.14615420123077,
              -37.92621758575225
            ],
            [
              -58.14514426952839,
              -37.92559525418823
            ],
            [
              -58.14379769392522,
              -37.925061827133355
            ],
            [
              -58.14222668905486,
              -37.925239636151645
            ],
            [
              -58.141216757352474,
              -37.92559525418823
            ]
          ]
        ]
      }
    },
    {
      "type": "Feature",
      "properties": {
        "id": 301,
        "localidad": "Balcarce",
        "cultivo": "Maiz",
        "area_ha": 31.68,
        "error_pct": 11.7,
        "sam_score": 0.93
      },
      "geometry": {
        "type": "Polygon",
        "coordinates": [
          [
            [
              -58.13897284781178,
              -37.91873308248081
            ],
            [
              -58.138636235955964,
              -37.91935418656641
            ],
            [
              -58.138636235955964,
              -37.92024147811727
            ],
            [
              -58.13886064385984,
              -37.920596394737615
            ],
            [
              -58.14110472289857,
              -37.922814623614755
            ],
            [
              -58.141890150562126,
              -37.92325826939018
            ],
            [
              -58.14233896636987,
              -37.9237906443207
            ],
            [
              -58.14301219008149,
              -37.92414556094104
            ],
            [
              -58.144246433552794,
              -37.92414556094104
            ],
            [
              -58.14491965726442,
              -37.92396810263087
            ],
            [
              -58.14637830863959,
              -37.92308081108001
            ],
            [
              -58.1467149204954,
              -37.922637165304586
            ],
            [
              -58.146827124447334,
              -37.921749873753726
            ],
            [
              -58.14278778217762,
              -37.91811197839521
            ],
            [
              -58.14132913080245,
              -37.91811197839521
            ],
            [
              -58.14054370313889,
              -37.91793452008504
            ],
            [
              -58.139870479427266,
              -37.91811197839521
            ],
            [
              -58.13897284781178,
              -37.91873308248081
            ]
          ]
        ]
      }
    },
    {
      "type": "Feature",
      "properties": {
        "id": 303,
        "localidad": "Balcarce",
        "cultivo": "Soja",
        "area_ha": 34.31,
        "error_pct": 13.9,
        "sam_score": 0.966
      },
      "geometry": {
        "type": "Polygon",
        "coordinates": [
          [
            [
              -58.306068119384435,
              -37.96902324923802
            ],
            [
              -58.303826920193515,
              -37.96920070754817
            ],
            [
              -58.30259426063851,
              -37.969999269943855
            ],
            [
              -58.30259426063851,
              -37.971152748959845
            ],
            [
              -58.30225808075987,
              -37.9716851238903
            ],
            [
              -58.30237014071941,
              -37.97186258220046
            ],
            [
              -58.30192190088123,
              -37.972306227975835
            ],
            [
              -58.303154560436234,
              -37.9735484361469
            ],
            [
              -58.30528369966761,
              -37.97523429009335
            ],
            [
              -58.3057319395058,
              -37.97523429009335
            ],
            [
              -58.30651635922262,
              -37.97479064431797
            ],
            [
              -58.30763695881808,
              -37.974613186007815
            ],
            [
              -58.308421378534895,
              -37.97425826938751
            ],
            [
              -58.30920579825172,
              -37.97363716530198
            ],
            [
              -58.30976609804945,
              -37.97239495713091
            ],
            [
              -58.30954197813036,
              -37.97177385304538
            ],
            [
              -58.30954197813036,
              -37.97079783233954
            ],
            [
              -58.30909373829218,
              -37.969999269943855
            ],
            [
              -58.30853343849444,
              -37.96964435332355
            ],
            [
              -58.308309318575354,
              -37.969733082478626
            ],
            [
              -58.30763695881808,
              -37.96937816585832
            ],
            [
              -58.306068119384435,
              -37.96902324923802
            ]
          ]
        ]
      }
    },
    {
      "type": "Feature",
      "properties": {
        "id": 304,
        "localidad": "Ayacucho",
        "cultivo": "Trigo",
        "area_ha": 51.72,
        "error_pct": 4.0,
        "sam_score": 0.921
      },
      "geometry": {
        "type": "Polygon",
        "coordinates": [
          [
            [
              -58.30098428427201,
              -38.03275706177018
            ],
            [
              -58.299189759270135,
              -38.03249087430498
            ],
            [
              -58.2951520780159,
              -38.03249087430498
            ],
            [
              -58.2938061842645,
              -38.0329345200803
            ],
            [
              -58.29391834207711,
              -38.0332007075455
            ],
            [
              -58.29324539520141,
              -38.03364435332082
            ],
            [
              -58.29358186863926,
              -38.03391054078601
            ],
            [
              -58.29324539520141,
              -38.03435418656133
            ],
            [
              -58.29358186863926,
              -38.034709103181584
            ],
            [
              -58.29324539520141,
              -38.03497529064678
            ],
            [
              -58.29358186863926,
              -38.0354189364221
            ],
            [
              -58.29324539520141,
              -38.03568512388729
            ],
            [
              -58.29358186863926,
              -38.035951311352484
            ],
            [
              -58.2938061842645,
              -38.038169540229084
            ],
            [
              -58.29425481551497,
              -38.038613186004405
            ],
            [
              -58.2944791311402,
              -38.03852445684934
            ],
            [
              -58.29503992020329,
              -38.039056831779725
            ],
            [
              -58.29548855145376,
              -38.0388793734696
            ],
            [
              -58.29694660301779,
              -38.03923429008985
            ],
            [
              -58.299189759270135,
              -38.03923429008985
            ],
            [
              -58.30031133739631,
              -38.03896810262466
            ],
            [
              -58.300872126459396,
              -38.03914556093479
            ],
            [
              -58.30143291552248,
              -38.03843572769428
            ],
            [
              -58.30199370458557,
              -38.03825826938415
            ],
            [
              -58.30199370458557,
              -38.03346689501069
            ],
            [
              -58.30132075770987,
              -38.03328943670056
            ],
            [
              -58.30098428427201,
              -38.03275706177018
            ]
          ]
        ]
      }
    },
    {
      "type": "Feature",
      "properties": {
        "id": 305,
        "localidad": "Ayacucho",
        "cultivo": "Maiz",
        "area_ha": 61.2,
        "error_pct": 0.5,
        "sam_score": 0.938
      },
      "geometry": {
        "type": "Polygon",
        "coordinates": [
          [
            [
              -58.28577854816133,
              -38.029200707545655
            ],
            [
              -58.28499348634748,
              -38.0288457909254
            ],
            [
              -58.27635780639508,
              -38.0288457909254
            ],
            [
              -58.27568489626892,
              -38.029466895010856
            ],
            [
              -58.27568489626892,
              -38.030265457406436
            ],
            [
              -58.27624565470739,
              -38.03434699853942
            ],
            [
              -58.27669426145817,
              -38.03470191515968
            ],
            [
              -58.27658210977047,
              -38.03496810262487
            ],
            [
              -58.278040081710486,
              -38.03558920671033
            ],
            [
              -58.278376536773564,
              -38.0354117484002
            ],
            [
              -58.27893729521203,
              -38.03576666502046
            ],
            [
              -58.28218969415514,
              -38.03585539417552
            ],
            [
              -58.283871969470546,
              -38.03550047755526
            ],
            [
              -58.28432057622132,
              -38.03505683177994
            ],
            [
              -58.284657031284404,
              -38.03523429009007
            ],
            [
              -58.285442093098254,
              -38.033725894453966
            ],
            [
              -58.285442093098254,
              -38.02999926994124
            ],
            [
              -58.28577854816133,
              -38.029200707545655
            ]
          ]
        ]
      }
    },
    {
      "type": "Feature",
      "properties": {
        "id": 307,
        "localidad": "Ayacucho",
        "cultivo": "Soja",
        "area_ha": 86.89,
        "error_pct": 2.3,
        "sam_score": 0.939
      },
      "geometry": {
        "type": "Polygon",
        "coordinates": [
          [
            [
              -58.255666906499506,
              -38.036047228529505
            ],
            [
              -58.255330414683236,
              -38.03622468683963
            ],
            [
              -58.25555474256075,
              -38.036490874304825
            ],
            [
              -58.25510608680572,
              -38.036579603459884
            ],
            [
              -58.25488175892821,
              -38.035958499374445
            ],
            [
              -58.25420877529566,
              -38.03613595768457
            ],
            [
              -58.25218982439803,
              -38.03560358275419
            ],
            [
              -58.248039758664014,
              -38.03560358275419
            ],
            [
              -58.247591102908984,
              -38.03586977021938
            ],
            [
              -58.246245135643896,
              -38.03586977021938
            ],
            [
              -58.24568431595011,
              -38.03622468683963
            ],
            [
              -58.245908643827626,
              -38.036579603459884
            ],
            [
              -58.245123496256326,
              -38.037023249235205
            ],
            [
              -58.2454599880726,
              -38.03728943670039
            ],
            [
              -58.24489916837881,
              -38.03826545740609
            ],
            [
              -58.245235660195085,
              -38.038620374026344
            ],
            [
              -58.24501133231757,
              -38.04039495712761
            ],
            [
              -58.245572152011356,
              -38.042701915159256
            ],
            [
              -58.24534782413384,
              -38.04287937346938
            ],
            [
              -58.24613297170514,
              -38.043766665020016
            ],
            [
              -58.248376250480284,
              -38.043855394175075
            ],
            [
              -58.24893707017407,
              -38.044387769105455
            ],
            [
              -58.251741168643,
              -38.04447649826052
            ],
            [
              -58.25353579166312,
              -38.044387769105455
            ],
            [
              -58.25420877529566,
              -38.043855394175075
            ],
            [
              -58.25476959498945,
              -38.04421031079533
            ],
            [
              -58.25510608680572,
              -38.043766665020016
            ],
            [
              -58.25589123437702,
              -38.04367793586495
            ],
            [
              -58.25633989013205,
              -38.037555624165584
            ],
            [
              -58.25589123437702,
              -38.03720070754533
            ],
            [
              -58.256115562254536,
              -38.03693452008014
            ],
            [
              -58.255666906499506,
              -38.036579603459884
            ],
            [
              -58.255666906499506,
              -38.036047228529505
            ]
          ]
        ]
      }
    },
    {
      "type": "Feature",
      "properties": {
        "id": 308,
        "localidad": "Ayacucho",
        "cultivo": "Trigo",
        "area_ha": 59.35,
        "error_pct": 4.1,
        "sam_score": 0.906
      },
      "geometry": {
        "type": "Polygon",
        "coordinates": [
          [
            [
              -58.2538834045601,
              -38.06770620909093
            ],
            [
              -58.249619369171675,
              -38.06752840007269
            ],
            [
              -58.24546754524084,
              -38.06770620909093
            ],
            [
              -58.24501869941049,
              -38.0680618271274
            ],
            [
              -58.24524312232567,
              -38.06823963614564
            ],
            [
              -58.24434543066494,
              -38.068684158691234
            ],
            [
              -58.24501869941049,
              -38.06895087221859
            ],
            [
              -58.24434543066494,
              -38.069306490255066
            ],
            [
              -58.244906487952896,
              -38.069662108291546
            ],
            [
              -58.24445764212253,
              -38.07001772632802
            ],
            [
              -58.244794276495305,
              -38.0703733443645
            ],
            [
              -58.24445764212253,
              -38.07081786691009
            ],
            [
              -58.244794276495305,
              -38.07108458043744
            ],
            [
              -58.24445764212253,
              -38.0713512939648
            ],
            [
              -58.244794276495305,
              -38.071618007492155
            ],
            [
              -58.244794276495305,
              -38.07250705258335
            ],
            [
              -58.24513091086808,
              -38.07295157512894
            ],
            [
              -58.244906487952896,
              -38.0732182886563
            ],
            [
              -58.245804179613614,
              -38.07357390669277
            ],
            [
              -58.245691968156024,
              -38.07384062022013
            ],
            [
              -58.246028602528796,
              -38.074107333747484
            ],
            [
              -58.25377119310251,
              -38.074107333747484
            ],
            [
              -58.25444446184805,
              -38.07259595709247
            ],
            [
              -58.25444446184805,
              -38.06983991730978
            ],
            [
              -58.25422003893287,
              -38.069662108291546
            ],
            [
              -58.25444446184805,
              -38.069217585745946
            ],
            [
              -58.25410782747528,
              -38.06895087221859
            ],
            [
              -58.25444446184805,
              -38.068595254182114
            ],
            [
              -58.25399561601769,
              -38.06823963614564
            ],
            [
              -58.2538834045601,
              -38.06770620909093
            ]
          ]
        ]
      }
    },
    {
      "type": "Feature",
      "properties": {
        "id": 315,
        "localidad": "Ayacucho",
        "cultivo": "Maiz",
        "area_ha": 36.09,
        "error_pct": 7.6,
        "sam_score": 0.977
      },
      "geometry": {
        "type": "Polygon",
        "coordinates": [
          [
            [
              -58.16179868667904,
              -38.01561730458393
            ],
            [
              -58.16033808684702,
              -38.01570620909306
            ],
            [
              -58.15820336401561,
              -38.01721758574825
            ],
            [
              -58.15730453334976,
              -38.01819553534866
            ],
            [
              -58.15730453334976,
              -38.01890677142169
            ],
            [
              -58.15775394868268,
              -38.0201514345495
            ],
            [
              -58.159326902347935,
              -38.021485002186424
            ],
            [
              -58.16089985601318,
              -38.0220184292412
            ],
            [
              -58.16179868667904,
              -38.0220184292412
            ],
            [
              -58.162922225011364,
              -38.021485002186424
            ],
            [
              -58.16460753250984,
              -38.020240339058624
            ],
            [
              -58.165169301676,
              -38.01944019847647
            ],
            [
              -58.165169301676,
              -38.01810663083953
            ],
            [
              -58.16471988634308,
              -38.017128681239114
            ],
            [
              -58.163146932677826,
              -38.016061827129576
            ],
            [
              -58.16179868667904,
              -38.01561730458393
            ]
          ]
        ]
      }
    },
    {
      "type": "Feature",
      "properties": {
        "id": 318,
        "localidad": "Ayacucho",
        "cultivo": "Soja",
        "area_ha": 79.18,
        "error_pct": 1.8,
        "sam_score": 0.976
      },
      "geometry": {
        "type": "Polygon",
        "coordinates": [
          [
            [
              -58.24690033383881,
              -38.02332854065667
            ],
            [
              -58.24656390633105,
              -38.025195535348345
            ],
            [
              -58.24947961139829,
              -38.028929524731694
            ],
            [
              -58.2576660140871,
              -38.028929524731694
            ],
            [
              -58.258787439112965,
              -38.02759595709478
            ],
            [
              -58.258787439112965,
              -38.026884721021766
            ],
            [
              -58.258338869102616,
              -38.02626238945788
            ],
            [
              -58.25867529661038,
              -38.02501772633009
            ],
            [
              -58.2584510116052,
              -38.02483991731184
            ],
            [
              -58.25901172411813,
              -38.024306490257075
            ],
            [
              -58.25889958161555,
              -38.023506349674925
            ],
            [
              -58.256881016569,
              -38.02172825949238
            ],
            [
              -58.25441388151209,
              -38.02101702341936
            ],
            [
              -58.2510496064345,
              -38.020928118910234
            ],
            [
              -58.24970389640347,
              -38.02172825949238
            ],
            [
              -58.24869461388019,
              -38.02199497301976
            ],
            [
              -58.24690033383881,
              -38.02332854065667
            ]
          ]
        ]
      }
    },
    {
      "type": "Feature",
      "properties": {
        "id": 319,
        "localidad": "Balcarce",
        "cultivo": "Trigo",
        "area_ha": 35.27,
        "error_pct": 34.8,
        "sam_score": 0.926
      },
      "geometry": {
        "type": "Polygon",
        "coordinates": [
          [
            [
              -58.13783077600064,
              -37.98779511360334
            ],
            [
              -58.13030594331362,
              -37.993218288660515
            ],
            [
              -58.12996901050674,
              -37.99375171571532
            ],
            [
              -58.13041825424925,
              -37.994285142770124
            ],
            [
              -58.13075518705613,
              -37.99437404727926
            ],
            [
              -58.130642876120504,
              -37.99455185629753
            ],
            [
              -58.13086749799176,
              -37.994729665315795
            ],
            [
              -58.133001405768674,
              -37.994729665315795
            ],
            [
              -58.13322602763993,
              -37.99490747433406
            ],
            [
              -58.133787582318064,
              -37.994729665315795
            ],
            [
              -58.134573758867454,
              -37.995085283352324
            ],
            [
              -58.1343491369962,
              -37.99526309237059
            ],
            [
              -58.134573758867454,
              -37.99544090138886
            ],
            [
              -58.13479838073871,
              -37.99526309237059
            ],
            [
              -58.134573758867454,
              -37.99490747433406
            ],
            [
              -58.134910691674335,
              -37.995085283352324
            ],
            [
              -58.135359935416844,
              -37.9949963788432
            ],
            [
              -58.138392330678776,
              -37.99304047964225
            ],
            [
              -58.13906619629254,
              -37.99144019847783
            ],
            [
              -58.13906619629254,
              -37.98966210829516
            ],
            [
              -58.13861695255003,
              -37.98859525418555
            ],
            [
              -58.13783077600064,
              -37.98779511360334
            ]
          ]
        ]
      }
    },
    {
      "type": "Feature",
      "properties": {
        "id": 323,
        "localidad": "Balcarce",
        "cultivo": "Maiz",
        "area_ha": 59.55,
        "error_pct": 3.8,
        "sam_score": 0.912
      },
      "geometry": {
        "type": "Polygon",
        "coordinates": [
          [
            [
              -58.019778386147536,
              -37.91361730458807
            ],
            [
              -58.01483188570618,
              -37.913439495569776
            ],
            [
              -58.01134685130431,
              -37.91361730458807
            ],
            [
              -58.010897169446004,
              -37.913972922624666
            ],
            [
              -58.01112201037516,
              -37.91432854066126
            ],
            [
              -58.010672328516854,
              -37.914595254188704
            ],
            [
              -58.01100958991058,
              -37.91495087222529
            ],
            [
              -58.01055990805228,
              -37.915306490261884
            ],
            [
              -58.01100958991058,
              -37.91566210829848
            ],
            [
              -58.010672328516854,
              -37.91601772633507
            ],
            [
              -58.010897169446004,
              -37.916462248880805
            ],
            [
              -58.010672328516854,
              -37.91672896240825
            ],
            [
              -58.01112201037516,
              -37.91930719317354
            ],
            [
              -58.01168411269804,
              -37.919485002191834
            ],
            [
              -58.01213379455635,
              -37.92010733375587
            ],
            [
              -58.01247105595007,
              -37.919929524737576
            ],
            [
              -58.01404494245414,
              -37.92019623826502
            ],
            [
              -58.01966596568296,
              -37.92010733375587
            ],
            [
              -58.020340488470424,
              -37.918773766118655
            ],
            [
              -58.020452908935,
              -37.91592882182592
            ],
            [
              -58.02011564754127,
              -37.91566210829848
            ],
            [
              -58.020452908935,
              -37.915217585752735
            ],
            [
              -58.02011564754127,
              -37.91495087222529
            ],
            [
              -58.020452908935,
              -37.914595254188704
            ],
            [
              -58.02000322707669,
              -37.91432854066126
            ],
            [
              -58.02011564754127,
              -37.913972922624666
            ],
            [
              -58.019778386147536,
              -37.91361730458807
            ]
          ]
        ]
      }
    },
    {
      "type": "Feature",
      "properties": {
        "id": 324,
        "localidad": "Balcarce",
        "cultivo": "Soja",
        "area_ha": 64.4,
        "error_pct": 41.7,
        "sam_score": 0.955
      },
      "geometry": {
        "type": "Polygon",
        "coordinates": [
          [
            [
              -58.03548266917716,
              -37.91710592793236
            ],
            [
              -58.03458324431654,
              -37.917550450478096
            ],
            [
              -58.031997397842275,
              -37.921284439862276
            ],
            [
              -58.031997397842275,
              -37.92270691200862
            ],
            [
              -58.03458324431654,
              -37.92377376611839
            ],
            [
              -58.03514538485443,
              -37.92510733375559
            ],
            [
              -58.03593238160747,
              -37.92572966531962
            ],
            [
              -58.037731231328706,
              -37.92608528335621
            ],
            [
              -58.04009222158782,
              -37.92724104197512
            ],
            [
              -58.043689921030285,
              -37.92430719317327
            ],
            [
              -58.04436448967575,
              -37.923240339063504
            ],
            [
              -58.044139633460595,
              -37.9220845804446
            ],
            [
              -58.042678068062095,
              -37.92172896240801
            ],
            [
              -58.04200349941663,
              -37.9219067714263
            ],
            [
              -58.04099164644844,
              -37.921462248880566
            ],
            [
              -58.040766790233285,
              -37.920839917316535
            ],
            [
              -58.04042950591055,
              -37.92101772633483
            ],
            [
              -58.04065436212571,
              -37.921462248880566
            ],
            [
              -58.0402046496954,
              -37.921551153389714
            ],
            [
              -58.03997979348024,
              -37.920839917316535
            ],
            [
              -58.03806851565143,
              -37.920839917316535
            ],
            [
              -58.03851822808174,
              -37.9203953947708
            ],
            [
              -58.03997979348024,
              -37.920662108298245
            ],
            [
              -58.0402046496954,
              -37.92030649026166
            ],
            [
              -58.03851822808174,
              -37.92021758575251
            ],
            [
              -58.038405799974164,
              -37.91968415869763
            ],
            [
              -58.03750637511355,
              -37.91932854066104
            ],
            [
              -58.03795608754386,
              -37.91897292262445
            ],
            [
              -58.037393947005974,
              -37.91852840007871
            ],
            [
              -58.03795608754386,
              -37.918261686551276
            ],
            [
              -58.03548266917716,
              -37.91710592793236
            ]
          ]
        ]
      }
    },
    {
      "type": "Feature",
      "properties": {
        "id": 325,
        "localidad": "Tandil",
        "cultivo": "Trigo",
        "area_ha": 50.79,
        "error_pct": 0.8,
        "sam_score": 1.0
      },
      "geometry": {
        "type": "Polygon",
        "coordinates": [
          [
            [
              -58.663509966132324,
              -37.54168140667551
            ],
            [
              -58.66040262855648,
              -37.54176978718958
            ],
            [
              -58.658959936110556,
              -37.54247683130218
            ],
            [
              -58.657739196348615,
              -37.54371415849923
            ],
            [
              -58.657406267322635,
              -37.5452166272385
            ],
            [
              -58.65762822000662,
              -37.54645395443555
            ],
            [
              -58.65873798342656,
              -37.547779662146674
            ],
            [
              -58.6599587231885,
              -37.54848670625927
            ],
            [
              -58.6619562973444,
              -37.54884022831557
            ],
            [
              -58.66417582418429,
              -37.54848670625927
            ],
            [
              -58.665174611262245,
              -37.54795642317482
            ],
            [
              -58.66617339834019,
              -37.54689585700592
            ],
            [
              -58.66661730370817,
              -37.5455701492948
            ],
            [
              -58.66639535102418,
              -37.54406768055553
            ],
            [
              -58.665951445656205,
              -37.54336063644293
            ],
            [
              -58.66439777686828,
              -37.54212330924588
            ],
            [
              -58.663509966132324,
              -37.54168140667551
            ]
          ]
        ]
      }
    },
    {
      "type": "Feature",
      "properties": {
        "id": 326,
        "localidad": "Tandil",
        "cultivo": "Maiz",
        "area_ha": 81.21,
        "error_pct": 1.8,
        "sam_score": 0.979
      },
      "geometry": {
        "type": "Polygon",
        "coordinates": [
          [
            [
              -58.64901035416,
              -37.54206274307695
            ],
            [
              -58.64700881316601,
              -37.54330007027399
            ],
            [
              -58.64589684594713,
              -37.54462577798511
            ],
            [
              -58.64567445250335,
              -37.546128246724386
            ],
            [
              -58.64623043611279,
              -37.54833775957625
            ],
            [
              -58.64734240333168,
              -37.54948670625922
            ],
            [
              -58.64889915743811,
              -37.55037051139997
            ],
            [
              -58.65034471482266,
              -37.55072403345626
            ],
            [
              -58.65345822303553,
              -37.55090079448441
            ],
            [
              -58.65445899353253,
              -37.549928608829596
            ],
            [
              -58.65579335419518,
              -37.54930994523107
            ],
            [
              -58.656682927970294,
              -37.5481609985481
            ],
            [
              -58.657016518135954,
              -37.54736557392143
            ],
            [
              -58.65679412469218,
              -37.546128246724386
            ],
            [
              -58.65712771485784,
              -37.54550958312586
            ],
            [
              -58.65690532141407,
              -37.54436063644289
            ],
            [
              -58.655237370585745,
              -37.5425930261614
            ],
            [
              -58.653680616479306,
              -37.5418859820488
            ],
            [
              -58.6509006984321,
              -37.541620840506575
            ],
            [
              -58.64901035416,
              -37.54206274307695
            ]
          ]
        ]
      }
    },
    {
      "type": "Feature",
      "properties": {
        "id": 327,
        "localidad": "Tandil",
        "cultivo": "Soja",
        "area_ha": 49.58,
        "error_pct": 4.2,
        "sam_score": 0.987
      },
      "geometry": {
        "type": "Polygon",
        "coordinates": [
          [
            [
              -58.575400467797955,
              -37.590769787187604
            ],
            [
              -58.57417892466703,
              -37.590769787187604
            ],
            [
              -58.572735282785025,
              -37.59112330924387
            ],
            [
              -58.57118059152748,
              -37.59209549489859
            ],
            [
              -58.57040324589871,
              -37.59324444158145
            ],
            [
              -58.57029219652317,
              -37.594923671348695
            ],
            [
              -58.570847443400865,
              -37.59616099854561
            ],
            [
              -58.57229108528287,
              -37.59730994522847
            ],
            [
              -58.57395682591595,
              -37.59792860882693
            ],
            [
              -58.57595571467565,
              -37.59784022831286
            ],
            [
              -58.577399356557656,
              -37.59730994522847
            ],
            [
              -58.57862089968858,
              -37.59633775957374
            ],
            [
              -58.579287195941816,
              -37.595100432376825
            ],
            [
              -58.579287195941816,
              -37.59368634415177
            ],
            [
              -58.57850985031304,
              -37.59227225592672
            ],
            [
              -58.577399356557656,
              -37.59138845078606
            ],
            [
              -58.575400467797955,
              -37.590769787187604
            ]
          ]
        ]
      }
    },
    {
      "type": "Feature",
      "properties": {
        "id": 328,
        "localidad": "Tandil",
        "cultivo": "Trigo",
        "area_ha": 49.11,
        "error_pct": 2.3,
        "sam_score": 0.986
      },
      "geometry": {
        "type": "Polygon",
        "coordinates": [
          [
            [
              -58.5720673130952,
              -37.58350464564569
            ],
            [
              -58.57140107950729,
              -37.583858167701955
            ],
            [
              -58.569846534468844,
              -37.584123309244156
            ],
            [
              -58.568847184086984,
              -37.58465359232856
            ],
            [
              -58.567958872636446,
              -37.585360636441095
            ],
            [
              -58.567403677979854,
              -37.58624444158177
            ],
            [
              -58.56718160011722,
              -37.587128246722436
            ],
            [
              -58.56729263904854,
              -37.58827719340531
            ],
            [
              -58.56806991156776,
              -37.58951452060225
            ],
            [
              -58.56951341767489,
              -37.59048670625698
            ],
            [
              -58.57095692378202,
              -37.59092860882732
            ],
            [
              -58.572955624545735,
              -37.590840228313255
            ],
            [
              -58.57428809172155,
              -37.59030994522885
            ],
            [
              -58.575620558897356,
              -37.58907261803191
            ],
            [
              -58.57617575355395,
              -37.58739338826464
            ],
            [
              -58.575842636759994,
              -37.5858909195255
            ],
            [
              -58.57506536424077,
              -37.58491873387076
            ],
            [
              -58.57317770240837,
              -37.583858167701955
            ],
            [
              -58.5720673130952,
              -37.58350464564569
            ]
          ]
        ]
      }
    },
    {
      "type": "Feature",
      "properties": {
        "id": 329,
        "localidad": "Balcarce",
        "cultivo": "Maiz",
        "area_ha": 64.92,
        "error_pct": 3.0,
        "sam_score": 0.963
      },
      "geometry": {
        "type": "Polygon",
        "coordinates": [
          [
            [
              -58.49279177716957,
              -37.68244407947311
            ],
            [
              -58.49022939810405,
              -37.68270922101525
            ],
            [
              -58.48900391246402,
              -37.68332788461359
            ],
            [
              -58.48766701903853,
              -37.68438845078217
            ],
            [
              -58.48688716454033,
              -37.686244441577195
            ],
            [
              -58.48733279568216,
              -37.687923671344116
            ],
            [
              -58.4880012423949,
              -37.6889842375127
            ],
            [
              -58.489226728034936,
              -37.690133184195325
            ],
            [
              -58.49045221367496,
              -37.69075184779366
            ],
            [
              -58.49190051488591,
              -37.690928608821764
            ],
            [
              -58.49223473824228,
              -37.69066346727962
            ],
            [
              -58.493460223882316,
              -37.690840228307714
            ],
            [
              -58.494240078380514,
              -37.690309945223426
            ],
            [
              -58.49546556402055,
              -37.68995642316723
            ],
            [
              -58.497136680802406,
              -37.68836557391435
            ],
            [
              -58.49691386523149,
              -37.686067680549094
            ],
            [
              -58.497136680802406,
              -37.6857141584929
            ],
            [
              -58.49657964187512,
              -37.68474197283837
            ],
            [
              -58.49513134066417,
              -37.68341626512764
            ],
            [
              -58.49279177716957,
              -37.68244407947311
            ]
          ]
        ]
      }
    },
    {
      "type": "Feature",
      "properties": {
        "id": 330,
        "localidad": "Balcarce",
        "cultivo": "Soja",
        "area_ha": 35.04,
        "error_pct": 13.7,
        "sam_score": 0.945
      },
      "geometry": {
        "type": "Polygon",
        "coordinates": [
          [
            [
              -58.48122183859173,
              -37.678755913066794
            ],
            [
              -58.48356118131004,
              -37.6812354388271
            ],
            [
              -58.484340962216145,
              -37.681412547809984
            ],
            [
              -58.48489794857765,
              -37.68176676577574
            ],
            [
              -58.48623471584525,
              -37.68194387475862
            ],
            [
              -58.48623471584525,
              -37.68229809272438
            ],
            [
              -58.48679170220675,
              -37.68291797416446
            ],
            [
              -58.488017072202055,
              -37.68238664721582
            ],
            [
              -58.48890825038046,
              -37.68238664721582
            ],
            [
              -58.490133620375765,
              -37.6812354388271
            ],
            [
              -58.490022223103466,
              -37.68070411187846
            ],
            [
              -58.48957663401426,
              -37.680349893912705
            ],
            [
              -58.48968803128656,
              -37.67893302204967
            ],
            [
              -58.490022223103466,
              -37.67866735857535
            ],
            [
              -58.48968803128656,
              -37.678313140609596
            ],
            [
              -58.48991082583116,
              -37.677693259169516
            ],
            [
              -58.48924244219736,
              -37.677161932220876
            ],
            [
              -58.48846266129126,
              -37.67733904120376
            ],
            [
              -58.48701449675135,
              -37.67680771425512
            ],
            [
              -58.48679170220675,
              -37.676984823238
            ],
            [
              -58.48612331857295,
              -37.676984823238
            ],
            [
              -58.485900524028345,
              -37.67680771425512
            ],
            [
              -58.485009345849946,
              -37.67680771425512
            ],
            [
              -58.48456375676074,
              -37.67663060527224
            ],
            [
              -58.48267000313164,
              -37.678136031626714
            ],
            [
              -58.48122183859173,
              -37.678755913066794
            ]
          ]
        ]
      }
    },
    {
      "type": "Feature",
      "properties": {
        "id": 331,
        "localidad": "Balcarce",
        "cultivo": "Trigo",
        "area_ha": 51.74,
        "error_pct": 0.2,
        "sam_score": 0.989
      },
      "geometry": {
        "type": "Polygon",
        "coordinates": [
          [
            [
              -58.62051265319893,
              -37.673681406670184
            ],
            [
              -58.61873387734811,
              -37.673593026156134
            ],
            [
              -58.61684392800662,
              -37.674034928726385
            ],
            [
              -58.6155098461185,
              -37.67491873386689
            ],
            [
              -58.614620458193095,
              -37.676509583119795
            ],
            [
              -58.614620458193095,
              -37.67810043237271
            ],
            [
              -58.615287499137146,
              -37.679337759569414
            ],
            [
              -58.615954540081205,
              -37.68004480368182
            ],
            [
              -58.6178444894227,
              -37.68084022830827
            ],
            [
              -58.61962326527352,
              -37.68092860882232
            ],
            [
              -58.62140204112434,
              -37.68048670625207
            ],
            [
              -58.62273612301245,
              -37.679602901111565
            ],
            [
              -58.62362551093786,
              -37.67827719340081
            ],
            [
              -58.62362551093786,
              -37.676597963633846
            ],
            [
              -58.62329199046583,
              -37.67562577797929
            ],
            [
              -58.622847296503124,
              -37.67500711438094
            ],
            [
              -58.621513214615014,
              -37.674034928726385
            ],
            [
              -58.62051265319893,
              -37.673681406670184
            ]
          ]
        ]
      }
    },
    {
      "type": "Feature",
      "properties": {
        "id": 333,
        "localidad": "Balcarce",
        "cultivo": "Maiz",
        "area_ha": 65.63,
        "error_pct": 4.2,
        "sam_score": 0.966
      },
      "geometry": {
        "type": "Polygon",
        "coordinates": [
          [
            [
              -58.039572273078264,
              -37.79667526889262
            ],
            [
              -58.03721982340098,
              -37.79694251056573
            ],
            [
              -58.03475535231049,
              -37.79827871893127
            ],
            [
              -58.033971202418066,
              -37.80112929677776
            ],
            [
              -58.033971202418066,
              -37.802376424585596
            ],
            [
              -58.03441928807088,
              -37.80308906904722
            ],
            [
              -58.03632365209535,
              -37.80451435797046
            ],
            [
              -58.03811599470661,
              -37.805048841316676
            ],
            [
              -58.04080450862351,
              -37.804959760758976
            ],
            [
              -58.04248482982157,
              -37.80415803573965
            ],
            [
              -58.04304493688758,
              -37.80371263295113
            ],
            [
              -58.043381001127194,
              -37.80299998848951
            ],
            [
              -58.0434930225404,
              -37.801752860681674
            ],
            [
              -58.04427717243283,
              -37.80121837733546
            ],
            [
              -58.04405312960642,
              -37.799704007854515
            ],
            [
              -58.04304493688758,
              -37.798189638373564
            ],
            [
              -58.041812701342344,
              -37.797298832796535
            ],
            [
              -58.039572273078264,
              -37.79667526889262
            ]
          ]
        ]
      }
    },
    {
      "type": "Feature",
      "properties": {
        "id": 334,
        "localidad": "Balcarce",
        "cultivo": "Soja",
        "area_ha": 80.88,
        "error_pct": 1.0,
        "sam_score": 0.992
      },
      "geometry": {
        "type": "Polygon",
        "coordinates": [
          [
            [
              -58.05463889971132,
              -37.75519483244757
            ],
            [
              -58.0526196338674,
              -37.75519483244757
            ],
            [
              -58.05071254945925,
              -37.75572825950264
            ],
            [
              -58.04891764648688,
              -37.756884018121944
            ],
            [
              -58.047908013564914,
              -37.75857320379632
            ],
            [
              -58.04779583212914,
              -37.760351293979866
            ],
            [
              -58.04869328361533,
              -37.76221828867259
            ],
            [
              -58.05071254945925,
              -37.763729665328604
            ],
            [
              -58.0526196338674,
              -37.76426309238367
            ],
            [
              -58.054975444018645,
              -37.764174187874495
            ],
            [
              -58.05665816555525,
              -37.76364076081943
            ],
            [
              -58.05733125416989,
              -37.76301842925519
            ],
            [
              -58.057892161348754,
              -37.76292952474601
            ],
            [
              -58.05867743139917,
              -37.762129384163416
            ],
            [
              -58.05935052001381,
              -37.760351293979866
            ],
            [
              -58.05935052001381,
              -37.75883991732385
            ],
            [
              -58.058453068527626,
              -37.75715073164948
            ],
            [
              -58.056321621247925,
              -37.75563935499346
            ],
            [
              -58.05463889971132,
              -37.75519483244757
            ]
          ]
        ]
      }
    },
    {
      "type": "Feature",
      "properties": {
        "id": 335,
        "localidad": "Balcarce",
        "cultivo": "Trigo",
        "area_ha": 43.31,
        "error_pct": 12.2,
        "sam_score": 0.972
      },
      "geometry": {
        "type": "Polygon",
        "coordinates": [
          [
            [
              -58.062994980090544,
              -37.76143949557585
            ],
            [
              -58.062546224012515,
              -37.760994973029966
            ],
            [
              -58.06176090087597,
              -37.760994973029966
            ],
            [
              -58.06153652283695,
              -37.76135059106667
            ],
            [
              -58.06097557773942,
              -37.76135059106667
            ],
            [
              -58.060639010680895,
              -37.760994973029966
            ],
            [
              -58.060302443622376,
              -37.760994973029966
            ],
            [
              -58.059292742446814,
              -37.761884018121734
            ],
            [
              -58.059292742446814,
              -37.76223963615844
            ],
            [
              -58.058843986368785,
              -37.76268415870432
            ],
            [
              -58.05626363892013,
              -37.763839917323615
            ],
            [
              -58.05301015735442,
              -37.76588472103467
            ],
            [
              -58.05301015735442,
              -37.76624033907138
            ],
            [
              -58.05480518166654,
              -37.76739609769067
            ],
            [
              -58.05502955970555,
              -37.7673071931815
            ],
            [
              -58.05570269382259,
              -37.76775171572738
            ],
            [
              -58.05660020597865,
              -37.76792952474573
            ],
            [
              -58.0590683644078,
              -37.767840620236555
            ],
            [
              -58.06153652283695,
              -37.76686267063562
            ],
            [
              -58.06277060205153,
              -37.76570691201632
            ],
            [
              -58.06344373616857,
              -37.76455115339703
            ],
            [
              -58.063555925188076,
              -37.76259525419515
            ],
            [
              -58.062994980090544,
              -37.76143949557585
            ]
          ]
        ]
      }
    },
    {
      "type": "Feature",
      "properties": {
        "id": 336,
        "localidad": "Balcarce",
        "cultivo": "Maiz",
        "area_ha": 36.47,
        "error_pct": 10.3,
        "sam_score": 0.982
      },
      "geometry": {
        "type": "Polygon",
        "coordinates": [
          [
            [
              -58.29028614403382,
              -37.71602324924845
            ],
            [
              -58.28883435394552,
              -37.716378165868946
            ],
            [
              -58.287717592339135,
              -37.71726545742018
            ],
            [
              -58.28682418305402,
              -37.71886258221241
            ],
            [
              -58.28693585921466,
              -37.71983860291876
            ],
            [
              -58.28749424001786,
              -37.720814623625124
            ],
            [
              -58.288275973142326,
              -37.72143572771099
            ],
            [
              -58.28939273474871,
              -37.72090335278025
            ],
            [
              -58.28972776323063,
              -37.72090335278025
            ],
            [
              -58.29129122947957,
              -37.72232301926223
            ],
            [
              -58.29162625796148,
              -37.72241174841735
            ],
            [
              -58.29285469572851,
              -37.72152445686611
            ],
            [
              -58.293301400371064,
              -37.721346998555866
            ],
            [
              -58.29363642885298,
              -37.72152445686611
            ],
            [
              -58.29452983813809,
              -37.720814623625124
            ],
            [
              -58.294976542780645,
              -37.71992733207389
            ],
            [
              -58.29508821894128,
              -37.71904004052265
            ],
            [
              -58.29486486662,
              -37.71841893643679
            ],
            [
              -58.29408313349553,
              -37.71788656150605
            ],
            [
              -58.29408313349553,
              -37.717087999109935
            ],
            [
              -58.29352475269234,
              -37.71664435333432
            ],
            [
              -58.291737934122125,
              -37.71602324924845
            ],
            [
              -58.29028614403382,
              -37.71602324924845
            ]
          ]
        ]
      }
    },
    {
      "type": "Feature",
      "properties": {
        "id": 337,
        "localidad": "Tandil",
        "cultivo": "Soja",
        "area_ha": 50.91,
        "error_pct": 0.2,
        "sam_score": 0.994
      },
      "geometry": {
        "type": "Polygon",
        "coordinates": [
          [
            [
              -58.57312419500254,
              -37.564769787188645
            ],
            [
              -58.57167821076429,
              -37.564769787188645
            ],
            [
              -58.56978730829888,
              -37.56538845078714
            ],
            [
              -58.56834132406062,
              -37.56653739747006
            ],
            [
              -58.56778517627667,
              -37.5675979636389
            ],
            [
              -58.567673946719886,
              -37.568570149293684
            ],
            [
              -58.56811886494704,
              -37.56998423751881
            ],
            [
              -58.569119930958145,
              -37.571044803687656
            ],
            [
              -58.57134452209392,
              -37.57201698934244
            ],
            [
              -58.573235424559336,
              -37.57201698934244
            ],
            [
              -58.575015097467954,
              -37.57139832574394
            ],
            [
              -58.57634985214942,
              -37.57016099854695
            ],
            [
              -58.57679477037658,
              -37.56927719340624
            ],
            [
              -58.57679477037658,
              -37.5675979636389
            ],
            [
              -58.57579370436548,
              -37.56591873387156
            ],
            [
              -58.5745701792408,
              -37.565211689758996
            ],
            [
              -58.57312419500254,
              -37.564769787188645
            ]
          ]
        ]
      }
    },
    {
      "type": "Feature",
      "properties": {
        "id": 338,
        "localidad": "Balcarce",
        "cultivo": "Trigo",
        "area_ha": 107.56,
        "error_pct": 9.7,
        "sam_score": 0.917
      },
      "geometry": {
        "type": "Polygon",
        "coordinates": [
          [
            [
              -58.420495940886944,
              -37.67777096095189
            ],
            [
              -58.4199378311914,
              -37.67812517891765
            ],
            [
              -58.420161075069615,
              -37.67839084239196
            ],
            [
              -58.41982620925229,
              -37.67865650586628
            ],
            [
              -58.41926809955675,
              -37.67839084239196
            ],
            [
              -58.418375124043884,
              -37.67927638730635
            ],
            [
              -58.41714728271369,
              -37.681313140609454
            ],
            [
              -58.41714728271369,
              -37.68343844840399
            ],
            [
              -58.41770539240924,
              -37.68467821128414
            ],
            [
              -58.41937972149586,
              -37.68644930111292
            ],
            [
              -58.42116567252159,
              -37.68742340051875
            ],
            [
              -58.424514330694834,
              -37.68777761848451
            ],
            [
              -58.426858391416104,
              -37.68733484602731
            ],
            [
              -58.430095427650244,
              -37.68467821128414
            ],
            [
              -58.43065353734578,
              -37.68308423043823
            ],
            [
              -58.43031867152846,
              -37.68016193222074
            ],
            [
              -58.427416501111644,
              -37.67785951544333
            ],
            [
              -58.42496081845127,
              -37.67759385196901
            ],
            [
              -58.424625952633946,
              -37.677948069934764
            ],
            [
              -58.4240678429384,
              -37.67768240646045
            ],
            [
              -58.42317486742554,
              -37.677948069934764
            ],
            [
              -58.42205864803446,
              -37.67741674298613
            ],
            [
              -58.420495940886944,
              -37.67777096095189
            ]
          ]
        ]
      }
    },
    {
      "type": "Feature",
      "properties": {
        "id": 339,
        "localidad": "Balcarce",
        "cultivo": "Maiz",
        "area_ha": 113.46,
        "error_pct": 0.9,
        "sam_score": 0.972
      },
      "geometry": {
        "type": "Polygon",
        "coordinates": [
          [
            [
              -58.40134870678393,
              -37.67536137459609
            ],
            [
              -58.398563737435005,
              -37.67527264544096
            ],
            [
              -58.396224363181915,
              -37.67598247868201
            ],
            [
              -58.394664780346524,
              -37.67704722854357
            ],
            [
              -58.393216596285086,
              -37.67899926995645
            ],
            [
              -58.39299379873717,
              -37.681394957144974
            ],
            [
              -58.393884988928825,
              -37.68334699855785
            ],
            [
              -58.39589016686005,
              -37.68503285250534
            ],
            [
              -58.397895344791266,
              -37.685831414901514
            ],
            [
              -58.40079171291414,
              -37.685920144056645
            ],
            [
              -58.403465283489105,
              -37.68512158166047
            ],
            [
              -58.40435647368076,
              -37.68538776912586
            ],
            [
              -58.40669584793385,
              -37.68352445686811
            ],
            [
              -58.406473050385934,
              -37.68299208193733
            ],
            [
              -58.40591605651615,
              -37.68308081109246
            ],
            [
              -58.40636165161198,
              -37.682637165316805
            ],
            [
              -58.406584449159894,
              -37.6794429157321
            ],
            [
              -58.405804657742195,
              -37.67811197840514
            ],
            [
              -58.40357668226306,
              -37.67615993699226
            ],
            [
              -58.40134870678393,
              -37.67536137459609
            ]
          ]
        ]
      }
    },
    {
      "type": "Feature",
      "properties": {
        "id": 340,
        "localidad": "Balcarce",
        "cultivo": "Soja",
        "area_ha": 47.79,
        "error_pct": 17.6,
        "sam_score": 0.97
      },
      "geometry": {
        "type": "Polygon",
        "coordinates": [
          [
            [
              -58.42817997806047,
              -37.887719159755115
            ],
            [
              -58.42661286623703,
              -37.888073377720715
            ],
            [
              -58.425717373766496,
              -37.888516150177715
            ],
            [
              -58.42303089635489,
              -37.89055290347992
            ],
            [
              -58.42269508667844,
              -37.89126133941112
            ],
            [
              -58.422471213560804,
              -37.891084230428326
            ],
            [
              -58.42224734044317,
              -37.89126133941112
            ],
            [
              -58.42269508667844,
              -37.89143844839393
            ],
            [
              -58.42291895979607,
              -37.89205832983373
            ],
            [
              -58.424150261943055,
              -37.89320953822193
            ],
            [
              -58.42594124688413,
              -37.89444930110153
            ],
            [
              -58.426053183442946,
              -37.89480351906713
            ],
            [
              -58.42650092967821,
              -37.894980628049936
            ],
            [
              -58.427396422148746,
              -37.89480351906713
            ],
            [
              -58.42817997806047,
              -37.895069182541334
            ],
            [
              -58.426724802795846,
              -37.89533484601554
            ],
            [
              -58.42728448558993,
              -37.89560050948974
            ],
            [
              -58.42873966085455,
              -37.895423400506935
            ],
            [
              -58.429075470531004,
              -37.894980628049936
            ],
            [
              -58.431650011383795,
              -37.893475201696134
            ],
            [
              -58.432321630736695,
              -37.89250110229073
            ],
            [
              -58.43187388450143,
              -37.89223543881653
            ],
            [
              -58.431985821060245,
              -37.89170411186813
            ],
            [
              -58.431650011383795,
              -37.89143844839393
            ],
            [
              -58.43209775761906,
              -37.890730012462726
            ],
            [
              -58.431650011383795,
              -37.89011013102292
            ],
            [
              -58.42929934364864,
              -37.888073377720715
            ],
            [
              -58.42817997806047,
              -37.887719159755115
            ]
          ]
        ]
      }
    },
    {
      "type": "Feature",
      "properties": {
        "id": 341,
        "localidad": "Balcarce",
        "cultivo": "Trigo",
        "area_ha": 44.61,
        "error_pct": 13.2,
        "sam_score": 0.963
      },
      "geometry": {
        "type": "Polygon",
        "coordinates": [
          [
            [
              -58.41091100108119,
              -37.882364941789724
            ],
            [
              -58.40945879460409,
              -37.88254205077252
            ],
            [
              -58.40733633898372,
              -37.88245349628112
            ],
            [
              -58.40610754888771,
              -37.88351615017794
            ],
            [
              -58.40588413250662,
              -37.88449024958335
            ],
            [
              -58.404655342410614,
              -37.885641457971566
            ],
            [
              -58.4048787587917,
              -37.88652700288558
            ],
            [
              -58.406219257078256,
              -37.8881209837308
            ],
            [
              -58.40867683727027,
              -37.89006918254162
            ],
            [
              -58.41303345670156,
              -37.88714688432539
            ],
            [
              -58.41325687308265,
              -37.88493302204036
            ],
            [
              -58.4133685812732,
              -37.88608423042857
            ],
            [
              -58.413591997654294,
              -37.88626133941138
            ],
            [
              -58.41381541403538,
              -37.88608423042857
            ],
            [
              -58.41381541403538,
              -37.88484446754895
            ],
            [
              -58.41348028946374,
              -37.88457880407475
            ],
            [
              -58.41314516489211,
              -37.884667358566155
            ],
            [
              -58.41314516489211,
              -37.88422458610915
            ],
            [
              -58.41091100108119,
              -37.882364941789724
            ]
          ]
        ]
      }
    },
    {
      "type": "Feature",
      "properties": {
        "id": 343,
        "localidad": "Tandil",
        "cultivo": "Maiz",
        "area_ha": 51.87,
        "error_pct": 0.9,
        "sam_score": 1.004
      },
      "geometry": {
        "type": "Polygon",
        "coordinates": [
          [
            [
              -58.532345560061515,
              -37.55871915976844
            ],
            [
              -58.53056603048924,
              -37.5588077142599
            ],
            [
              -58.52912016271178,
              -37.559339041208666
            ],
            [
              -58.527563074336044,
              -37.56075591307205
            ],
            [
              -58.527118191942975,
              -37.561907121461054
            ],
            [
              -58.52722941254124,
              -37.56332399332444
            ],
            [
              -58.52823039792564,
              -37.564829419679285
            ],
            [
              -58.52967626570311,
              -37.5657149645939
            ],
            [
              -58.53112213348058,
              -37.566069182559744
            ],
            [
              -58.53245678065978,
              -37.566069182559744
            ],
            [
              -58.53434753083031,
              -37.565449301119514
            ],
            [
              -58.53579339860778,
              -37.564209538239055
            ],
            [
              -58.53634950159911,
              -37.56305832985005
            ],
            [
              -58.53634950159911,
              -37.56173001247813
            ],
            [
              -58.535682178009516,
              -37.56040169510621
            ],
            [
              -58.53401386903551,
              -37.55916193222574
            ],
            [
              -58.532345560061515,
              -37.55871915976844
            ]
          ]
        ]
      }
    },
    {
      "type": "Feature",
      "properties": {
        "id": 344,
        "localidad": "Tandil",
        "cultivo": "Soja",
        "area_ha": 51.61,
        "error_pct": 4.7,
        "sam_score": 0.986
      },
      "geometry": {
        "type": "Polygon",
        "coordinates": [
          [
            [
              -58.540569366517076,
              -37.57636494180186
            ],
            [
              -58.53890065428972,
              -37.57636494180186
            ],
            [
              -58.53767693198965,
              -37.5767191597677
            ],
            [
              -58.535563229835,
              -37.578401695105406
            ],
            [
              -58.5351182399077,
              -37.57919868552853
            ],
            [
              -58.535006992425885,
              -37.58070411188332
            ],
            [
              -58.535340734871355,
              -37.58167821128936
            ],
            [
              -58.53678695213507,
              -37.58300652866124
            ],
            [
              -58.53856691184424,
              -37.5837149645929
            ],
            [
              -58.53990188162613,
              -37.58380351908436
            ],
            [
              -58.54134809888984,
              -37.58353785560998
            ],
            [
              -58.54379554348996,
              -37.5815896567979
            ],
            [
              -58.54412928593543,
              -37.58088122086624
            ],
            [
              -58.544018038453615,
              -37.57893302205415
            ],
            [
              -58.543461801044494,
              -37.5777818136652
            ],
            [
              -58.54201558378078,
              -37.576807714259154
            ],
            [
              -58.540569366517076,
              -37.57636494180186
            ]
          ]
        ]
      }
    },
    {
      "type": "Feature",
      "properties": {
        "id": 345,
        "localidad": "Tandil",
        "cultivo": "Trigo",
        "area_ha": 51.56,
        "error_pct": 0.4,
        "sam_score": 0.988
      },
      "geometry": {
        "type": "Polygon",
        "coordinates": [
          [
            [
              -58.52479074071251,
              -37.5859221693442
            ],
            [
              -58.5225654921626,
              -37.586010723835656
            ],
            [
              -58.52167539274264,
              -37.58645349629294
            ],
            [
              -58.51978393147521,
              -37.587958922647694
            ],
            [
              -58.519227619337734,
              -37.58919868552809
            ],
            [
              -58.51933888176523,
              -37.59061555739139
            ],
            [
              -58.519895193902705,
              -37.59158965679741
            ],
            [
              -58.52178665517013,
              -37.59300652866071
            ],
            [
              -58.523344329155066,
              -37.59336074662654
            ],
            [
              -58.524456953430025,
              -37.59336074662654
            ],
            [
              -58.5273497765449,
              -37.5914125478145
            ],
            [
              -58.52868492567485,
              -37.590172784934104
            ],
            [
              -58.52857366324736,
              -37.58849024959643
            ],
            [
              -58.528128613537376,
              -37.58760470468187
            ],
            [
              -58.52690472683492,
              -37.586542050784395
            ],
            [
              -58.52479074071251,
              -37.5859221693442
            ]
          ]
        ]
      }
    },
    {
      "type": "Feature",
      "properties": {
        "id": 346,
        "localidad": "Balcarce",
        "cultivo": "Maiz",
        "area_ha": 49.63,
        "error_pct": 2.0,
        "sam_score": 0.993
      },
      "geometry": {
        "type": "Polygon",
        "coordinates": [
          [
            [
              -58.575894295383314,
              -37.714364941796404
            ],
            [
              -58.574222479569464,
              -37.7154275956936
            ],
            [
              -58.57333084446874,
              -37.71631314060792
            ],
            [
              -58.57299648130597,
              -37.71728724001368
            ],
            [
              -58.57310793569356,
              -37.71914688433377
            ],
            [
              -58.574222479569464,
              -37.72038664721382
            ],
            [
              -58.575114114670185,
              -37.72100652865385
            ],
            [
              -58.577008839259214,
              -37.72162641009388
            ],
            [
              -58.5783462919103,
              -37.72171496458531
            ],
            [
              -58.58012956211174,
              -37.720829419670984
            ],
            [
              -58.581578469150415,
              -37.719501102299496
            ],
            [
              -58.58202428670077,
              -37.71737579450512
            ],
            [
              -58.5805753796621,
              -37.71525048671074
            ],
            [
              -58.5794608357862,
              -37.71454205077927
            ],
            [
              -58.57778901997235,
              -37.714630605270706
            ],
            [
              -58.577566111197164,
              -37.71445349628784
            ],
            [
              -58.575894295383314,
              -37.714364941796404
            ]
          ]
        ]
      }
    },
    {
      "type": "Feature",
      "properties": {
        "id": 348,
        "localidad": "Balcarce",
        "cultivo": "Soja",
        "area_ha": 30.1,
        "error_pct": 28.5,
        "sam_score": 0.938
      },
      "geometry": {
        "type": "Polygon",
        "coordinates": [
          [
            [
              -58.084916841922706,
              -37.80979511361061
            ],
            [
              -58.08334828726734,
              -37.80961730459227
            ],
            [
              -58.08245197032142,
              -37.809884018119774
            ],
            [
              -58.08166769299374,
              -37.809884018119774
            ],
            [
              -58.080659336429584,
              -37.81041744517478
            ],
            [
              -58.07965097986542,
              -37.81130649026645
            ],
            [
              -58.0793148610107,
              -37.8125511533948
            ],
            [
              -58.07953894024718,
              -37.8128178669223
            ],
            [
              -58.07965097986542,
              -37.81361800750481
            ],
            [
              -58.080883415666065,
              -37.814773766123984
            ],
            [
              -58.081779732611984,
              -37.815129384160656
            ],
            [
              -58.08278808917614,
              -37.815307193178995
            ],
            [
              -58.083796445740305,
              -37.815129384160656
            ],
            [
              -58.084692762686224,
              -37.814773766123984
            ],
            [
              -58.086373356959825,
              -37.813440198486475
            ],
            [
              -58.08682151543279,
              -37.8128178669223
            ],
            [
              -58.086709475814544,
              -37.81192882183063
            ],
            [
              -58.08536500039567,
              -37.81077306321145
            ],
            [
              -58.08502888154094,
              -37.810061827138114
            ],
            [
              -58.08514092115919,
              -37.809972922628944
            ],
            [
              -58.084916841922706,
              -37.80979511361061
            ]
          ]
        ]
      }
    },
    {
      "type": "Feature",
      "properties": {
        "id": 350,
        "localidad": "Balcarce",
        "cultivo": "Trigo",
        "area_ha": 31.81,
        "error_pct": 18.2,
        "sam_score": 0.933
      },
      "geometry": {
        "type": "Polygon",
        "coordinates": [
          [
            [
              -58.40311608624259,
              -37.758984823234634
            ],
            [
              -58.40066263181906,
              -37.760667358571695
            ],
            [
              -58.40088567313029,
              -37.76093302204597
            ],
            [
              -58.40088567313029,
              -37.76243844840018
            ],
            [
              -58.40110871444152,
              -37.762704111874456
            ],
            [
              -58.40110871444152,
              -37.763146884331576
            ],
            [
              -58.40289304493136,
              -37.76465231068579
            ],
            [
              -58.40400825148751,
              -37.76456375619437
            ],
            [
              -58.4046773754212,
              -37.76509508314292
            ],
            [
              -58.40490041673243,
              -37.76500652865149
            ],
            [
              -58.405458020010514,
              -37.765272192125764
            ],
            [
              -58.40646170591105,
              -37.765272192125764
            ],
            [
              -58.406796267877894,
              -37.76500652865149
            ],
            [
              -58.40713082984474,
              -37.76296977534873
            ],
            [
              -58.40779995377843,
              -37.76173001246879
            ],
            [
              -58.407688433122814,
              -37.76128724001167
            ],
            [
              -58.40690778853351,
              -37.760667358571695
            ],
            [
              -58.406796267877894,
              -37.759427595691754
            ],
            [
              -58.406350185255434,
              -37.75916193221748
            ],
            [
              -58.40523497869928,
              -37.759339041200334
            ],
            [
              -58.404565854765586,
              -37.758984823234634
            ],
            [
              -58.40356216886505,
              -37.75925048670891
            ],
            [
              -58.40311608624259,
              -37.758984823234634
            ]
          ]
        ]
      }
    },
    {
      "type": "Feature",
      "properties": {
        "id": 351,
        "localidad": "Tandil",
        "cultivo": "Maiz",
        "area_ha": 44.23,
        "error_pct": 29.3,
        "sam_score": 0.935
      },
      "geometry": {
        "type": "Polygon",
        "coordinates": [
          [
            [
              -58.110327992431344,
              -37.54452840009372
            ],
            [
              -58.109323231528876,
              -37.5449729226398
            ],
            [
              -58.10976979192997,
              -37.54523963616745
            ],
            [
              -58.10909995132833,
              -37.54559525420432
            ],
            [
              -58.109323231528876,
              -37.545950872241185
            ],
            [
              -58.10898831122806,
              -37.546395394787275
            ],
            [
              -58.109323231528876,
              -37.546662108314926
            ],
            [
              -58.10909995132833,
              -37.54772896242553
            ],
            [
              -58.109323231528876,
              -37.54897362555457
            ],
            [
              -58.10999307213052,
              -37.54986267064673
            ],
            [
              -58.10999307213052,
              -37.5502182886836
            ],
            [
              -58.11077455283244,
              -37.55048500221125
            ],
            [
              -58.1117793137349,
              -37.55048500221125
            ],
            [
              -58.11211423403572,
              -37.550929524757336
            ],
            [
              -58.112337514236266,
              -37.550840620248124
            ],
            [
              -58.11267243453709,
              -37.551107333775775
            ],
            [
              -58.116244917745846,
              -37.55119623828499
            ],
            [
              -58.11702639844776,
              -37.55181856984951
            ],
            [
              -58.11724967864831,
              -37.55164076083108
            ],
            [
              -58.11724967864831,
              -37.55057390672047
            ],
            [
              -58.11680311824721,
              -37.55004047966517
            ],
            [
              -58.11669147814694,
              -37.54852910300848
            ],
            [
              -58.116244917745846,
              -37.54790677144396
            ],
            [
              -58.11590999744502,
              -37.54559525420432
            ],
            [
              -58.11546343704393,
              -37.54532854067667
            ],
            [
              -58.11546343704393,
              -37.54470620911215
            ],
            [
              -58.11479359644229,
              -37.54417278205685
            ],
            [
              -58.114123755840644,
              -37.54435059107528
            ],
            [
              -58.11289571473764,
              -37.54426168656607
            ],
            [
              -58.1117793137349,
              -37.54452840009372
            ],
            [
              -58.110327992431344,
              -37.54452840009372
            ]
          ]
        ]
      }
    },
    {
      "type": "Feature",
      "properties": {
        "id": 352,
        "localidad": "Balcarce",
        "cultivo": "Soja",
        "area_ha": 35.01,
        "error_pct": 2.8,
        "sam_score": 0.986
      },
      "geometry": {
        "type": "Polygon",
        "coordinates": [
          [
            [
              -57.87413671771559,
              -37.776367799489904
            ],
            [
              -57.8724502175256,
              -37.776367799489904
            ],
            [
              -57.87132588406561,
              -37.77672412172073
            ],
            [
              -57.87042641729762,
              -37.777347685624676
            ],
            [
              -57.86952695052963,
              -37.778683893990284
            ],
            [
              -57.86952695052963,
              -37.780020102355884
            ],
            [
              -57.869751817221626,
              -37.78055458570213
            ],
            [
              -57.87110101737362,
              -37.78189079406773
            ],
            [
              -57.87233778417961,
              -37.782336196856264
            ],
            [
              -57.87413671771559,
              -37.782336196856264
            ],
            [
              -57.87503618448358,
              -37.78206895518314
            ],
            [
              -57.87661025132756,
              -37.780910907932956
            ],
            [
              -57.87705998471156,
              -37.77993102179818
            ],
            [
              -57.876947551365554,
              -37.77850573287487
            ],
            [
              -57.87649781798156,
              -37.777704007855505
            ],
            [
              -57.875373484521575,
              -37.77681320227844
            ],
            [
              -57.87413671771559,
              -37.776367799489904
            ]
          ]
        ]
      }
    },
    {
      "type": "Feature",
      "properties": {
        "id": 353,
        "localidad": "Balcarce",
        "cultivo": "Trigo",
        "area_ha": 30.42,
        "error_pct": 11.5,
        "sam_score": 0.968
      },
      "geometry": {
        "type": "Polygon",
        "coordinates": [
          [
            [
              -57.905292806367335,
              -37.77783331614358
            ],
            [
              -57.90372182016608,
              -37.77810055781669
            ],
            [
              -57.90203862066475,
              -37.779347685624586
            ],
            [
              -57.9014775541643,
              -37.78032757175936
            ],
            [
              -57.9014775541643,
              -37.78121837733642
            ],
            [
              -57.90215083396483,
              -37.7823764245866
            ],
            [
              -57.903048540365546,
              -37.78308906904826
            ],
            [
              -57.904956166467066,
              -37.783623552394495
            ],
            [
              -57.905629446267604,
              -37.78335631072137
            ],
            [
              -57.906302726068134,
              -37.78335631072137
            ],
            [
              -57.90731264576894,
              -37.782910907932845
            ],
            [
              -57.90798592556948,
              -37.7823764245866
            ],
            [
              -57.90809813886956,
              -37.78166378012495
            ],
            [
              -57.9087714186701,
              -37.78077297454789
            ],
            [
              -57.908659205370014,
              -37.77997124952853
            ],
            [
              -57.908322565469746,
              -37.779347685624586
            ],
            [
              -57.9066393659684,
              -37.77810055781669
            ],
            [
              -57.905292806367335,
              -37.77783331614358
            ]
          ]
        ]
      }
    },
    {
      "type": "Feature",
      "properties": {
        "id": 354,
        "localidad": "Balcarce",
        "cultivo": "Maiz",
        "area_ha": 34.28,
        "error_pct": 4.9,
        "sam_score": 0.978
      },
      "geometry": {
        "type": "Polygon",
        "coordinates": [
          [
            [
              -57.899190432069425,
              -37.77345688004773
            ],
            [
              -57.89761955212469,
              -37.77345688004773
            ],
            [
              -57.89683411215232,
              -37.773635041163146
            ],
            [
              -57.895151026497246,
              -37.774882168971054
            ],
            [
              -57.89458999794555,
              -37.77595113566354
            ],
            [
              -57.89458999794555,
              -37.77693102179832
            ],
            [
              -57.895151026497246,
              -37.77808906904852
            ],
            [
              -57.89672190644198,
              -37.779158035741006
            ],
            [
              -57.89761955212469,
              -37.77942527741413
            ],
            [
              -57.898068374966044,
              -37.77942527741413
            ],
            [
              -57.898741609228075,
              -37.77897987462559
            ],
            [
              -57.89907822635909,
              -37.77933619685642
            ],
            [
              -57.89963925491078,
              -37.77933619685642
            ],
            [
              -57.90053690059349,
              -37.77897987462559
            ],
            [
              -57.90165895769687,
              -37.77799998849081
            ],
            [
              -57.90177116340721,
              -37.77737642458686
            ],
            [
              -57.90210778053822,
              -37.77710918291373
            ],
            [
              -57.90221998624856,
              -37.77621837733666
            ],
            [
              -57.90165895769687,
              -37.774882168971054
            ],
            [
              -57.89975146062112,
              -37.773635041163146
            ],
            [
              -57.899190432069425,
              -37.77345688004773
            ]
          ]
        ]
      }
    },
    {
      "type": "Feature",
      "properties": {
        "id": 356,
        "localidad": "Balcarce",
        "cultivo": "Soja",
        "area_ha": 65.45,
        "error_pct": 3.5,
        "sam_score": 0.976
      },
      "geometry": {
        "type": "Polygon",
        "coordinates": [
          [
            [
              -57.958865563178456,
              -37.8466752688907
            ],
            [
              -57.95560829030128,
              -37.8466752688907
            ],
            [
              -57.952463337178486,
              -37.848991363390724
            ],
            [
              -57.951901738406555,
              -37.85023849119843
            ],
            [
              -57.951901738406555,
              -37.8519310217946
            ],
            [
              -57.95280029644164,
              -37.85362355239077
            ],
            [
              -57.95280029644164,
              -37.8546034385254
            ],
            [
              -57.953137255704796,
              -37.85487068019848
            ],
            [
              -57.95459741251181,
              -37.854692519083095
            ],
            [
              -57.95650684833636,
              -37.85504884131387
            ],
            [
              -57.95729308661706,
              -37.854959760756174
            ],
            [
              -57.957630045880215,
              -37.85513792187156
            ],
            [
              -57.95740540637144,
              -37.855316082986946
            ],
            [
              -57.95785468538899,
              -37.85549424410233
            ],
            [
              -57.96032571998546,
              -37.85380171350616
            ],
            [
              -57.96133659777494,
              -37.852821827371535
            ],
            [
              -57.961785876792476,
              -37.8519310217946
            ],
            [
              -57.9615612372837,
              -37.84890228283303
            ],
            [
              -57.958865563178456,
              -37.8466752688907
            ]
          ]
        ]
      }
    },
    {
      "type": "Feature",
      "properties": {
        "id": 357,
        "localidad": "Balcarce",
        "cultivo": "Trigo",
        "area_ha": 34.98,
        "error_pct": 5.6,
        "sam_score": 0.986
      },
      "geometry": {
        "type": "Polygon",
        "coordinates": [
          [
            [
              -57.949191725651445,
              -37.8530114772559
            ],
            [
              -57.94761914243769,
              -37.85310055781359
            ],
            [
              -57.946495868713576,
              -37.853545960602055
            ],
            [
              -57.945372594989465,
              -37.85443676617898
            ],
            [
              -57.94492328549982,
              -37.85523849119821
            ],
            [
              -57.944810958127405,
              -37.85586205510206
            ],
            [
              -57.94492328549982,
              -37.85693102179437
            ],
            [
              -57.9457095771067,
              -37.857999988486675
            ],
            [
              -57.94705750557563,
              -37.858801713505905
            ],
            [
              -57.94829310667215,
              -37.859068955178984
            ],
            [
              -57.94964103514109,
              -37.85897987462129
            ],
            [
              -57.9507643088652,
              -37.858534471832826
            ],
            [
              -57.95199990996172,
              -37.85746550514052
            ],
            [
              -57.95244921945137,
              -37.856307457890516
            ],
            [
              -57.95222456470655,
              -37.85497124952513
            ],
            [
              -57.95166292784449,
              -37.8541695245059
            ],
            [
              -57.95053965412038,
              -37.85336779948667
            ],
            [
              -57.949191725651445,
              -37.8530114772559
            ]
          ]
        ]
      }
    },
    {
      "type": "Feature",
      "properties": {
        "id": 358,
        "localidad": "Balcarce",
        "cultivo": "Maiz",
        "area_ha": 49.75,
        "error_pct": 2.0,
        "sam_score": 0.991
      },
      "geometry": {
        "type": "Polygon",
        "coordinates": [
          [
            [
              -57.99139465935899,
              -37.83135059106389
            ],
            [
              -57.99004711468629,
              -37.831706209100545
            ],
            [
              -57.98847497923481,
              -37.8327730632105
            ],
            [
              -57.98757661611968,
              -37.83419553535712
            ],
            [
              -57.98757661611968,
              -37.83579581652206
            ],
            [
              -57.98847497923481,
              -37.83721828866867
            ],
            [
              -57.9899348192969,
              -37.83819623826947
            ],
            [
              -57.99218072708473,
              -37.83872966532445
            ],
            [
              -57.99352827175743,
              -37.838462951796956
            ],
            [
              -57.994538930261946,
              -37.83801842925114
            ],
            [
              -57.99588647493464,
              -37.83695157514118
            ],
            [
              -57.99656024727099,
              -37.83552910299457
            ],
            [
              -57.99656024727099,
              -37.83428443986628
            ],
            [
              -57.99566188415586,
              -37.832861967719666
            ],
            [
              -57.994538930261946,
              -37.83197292262803
            ],
            [
              -57.993079090199856,
              -37.83143949557306
            ],
            [
              -57.99139465935899,
              -37.83135059106389
            ]
          ]
        ]
      }
    },
    {
      "type": "Feature",
      "properties": {
        "id": 359,
        "localidad": "Balcarce",
        "cultivo": "Soja",
        "area_ha": 90.57,
        "error_pct": 11.5,
        "sam_score": 0.973
      },
      "geometry": {
        "type": "Polygon",
        "coordinates": [
          [
            [
              -57.9809855887189,
              -37.844661405389246
            ],
            [
              -57.978631576526865,
              -37.846261686554136
            ],
            [
              -57.977622714158855,
              -37.84803977673735
            ],
            [
              -57.97818319325219,
              -37.851862670631256
            ],
            [
              -57.98020091798823,
              -37.85372966532363
            ],
            [
              -57.981546067812246,
              -37.85435199688775
            ],
            [
              -57.985021038190965,
              -37.85470761492439
            ],
            [
              -57.98692666710833,
              -37.85435199688775
            ],
            [
              -57.9895048709377,
              -37.85275171572286
            ],
            [
              -57.99062582912438,
              -37.85115143455797
            ],
            [
              -57.99085002076172,
              -37.84857320379231
            ],
            [
              -57.99040163748705,
              -37.84715073164575
            ],
            [
              -57.98849600856968,
              -37.84563935499001
            ],
            [
              -57.984236367460284,
              -37.84901772633812
            ],
            [
              -57.98244283436159,
              -37.84510592793505
            ],
            [
              -57.98188235526825,
              -37.84448359637093
            ],
            [
              -57.9809855887189,
              -37.844661405389246
            ]
          ]
        ]
      }
    },
    {
      "type": "Feature",
      "properties": {
        "id": 361,
        "localidad": "Balcarce",
        "cultivo": "Trigo",
        "area_ha": 49.6,
        "error_pct": 12.4,
        "sam_score": 0.987
      },
      "geometry": {
        "type": "Polygon",
        "coordinates": [
          [
            [
              -57.99685461563373,
              -37.84094251056401
            ],
            [
              -57.99539457763551,
              -37.84094251056401
            ],
            [
              -57.993822229022044,
              -37.841387913352484
            ],
            [
              -57.99236219102383,
              -37.842545960602514
            ],
            [
              -57.99168832733235,
              -37.84379308841024
            ],
            [
              -57.99168832733235,
              -37.845307457891046
            ],
            [
              -57.99247450163908,
              -37.84655458569877
            ],
            [
              -57.9937099184068,
              -37.847534471833406
            ],
            [
              -57.99539457763551,
              -37.84806895517957
            ],
            [
              -57.99696692624897,
              -37.84806895517957
            ],
            [
              -57.99865158547769,
              -37.847534471833406
            ],
            [
              -58.000223934091146,
              -37.84619826346799
            ],
            [
              -58.00067317655214,
              -37.84521837733335
            ],
            [
              -58.000785487167384,
              -37.8443275717564
            ],
            [
              -58.00044855532165,
              -37.84308044394868
            ],
            [
              -58.0001116234759,
              -37.84263504116021
            ],
            [
              -57.99853927486244,
              -37.841387913352484
            ],
            [
              -57.99685461563373,
              -37.84094251056401
            ]
          ]
        ]
      }
    },
    {
      "type": "Feature",
      "properties": {
        "id": 362,
        "localidad": "Balcarce",
        "cultivo": "Maiz",
        "area_ha": 57.34,
        "error_pct": 0.8,
        "sam_score": 0.901
      },
      "geometry": {
        "type": "Polygon",
        "coordinates": [
          [
            [
              -58.0187737188859,
              -37.82265515502634
            ],
            [
              -58.011250845483424,
              -37.82256607446864
            ],
            [
              -58.01046487363541,
              -37.82274423558403
            ],
            [
              -58.01012802855769,
              -37.82301147725713
            ],
            [
              -58.010352591942834,
              -37.823189638372526
            ],
            [
              -58.00979118347996,
              -37.82363504116102
            ],
            [
              -58.01001574686511,
              -37.824080443949505
            ],
            [
              -58.00934205670966,
              -37.824258605064905
            ],
            [
              -58.01001574686511,
              -37.82461492729569
            ],
            [
              -58.00967890178739,
              -37.82568389398807
            ],
            [
              -58.01012802855769,
              -37.82719826346894
            ],
            [
              -58.009903465172535,
              -37.82746550514203
            ],
            [
              -58.010352591942834,
              -37.82791090793052
            ],
            [
              -58.01012802855769,
              -37.828178149603616
            ],
            [
              -58.011250845483424,
              -37.82862355239211
            ],
            [
              -58.01102628209828,
              -37.8288907940652
            ],
            [
              -58.011250845483424,
              -37.829068955180595
            ],
            [
              -58.01158769056115,
              -37.8288017135075
            ],
            [
              -58.01203681733145,
              -37.829068955180595
            ],
            [
              -58.01394560610521,
              -37.829158035738295
            ],
            [
              -58.01866143719333,
              -37.829068955180595
            ],
            [
              -58.01911056396362,
              -37.828178149603616
            ],
            [
              -58.019335127348775,
              -37.82488216896879
            ],
            [
              -58.01911056396362,
              -37.82470400785339
            ],
            [
              -58.01944740904135,
              -37.8244367661803
            ],
            [
              -58.0187737188859,
              -37.82265515502634
            ]
          ]
        ]
      }
    },
    {
      "type": "Feature",
      "properties": {
        "id": 363,
        "localidad": "Balcarce",
        "cultivo": "Soja",
        "area_ha": 45.54,
        "error_pct": 0.8,
        "sam_score": 0.963
      },
      "geometry": {
        "type": "Polygon",
        "coordinates": [
          [
            [
              -58.03056386309726,
              -37.83488401811875
            ],
            [
              -58.02877062181399,
              -37.8352396361554
            ],
            [
              -58.02764984601195,
              -37.83603977673787
            ],
            [
              -58.026977380530724,
              -37.836928821829495
            ],
            [
              -58.02708945811092,
              -37.83746224888447
            ],
            [
              -58.0264169926297,
              -37.83790677143028
            ],
            [
              -58.026304915049494,
              -37.83826238946694
            ],
            [
              -58.026753225370314,
              -37.83986267063187
            ],
            [
              -58.028210233912965,
              -37.84110733376015
            ],
            [
              -58.0289947769744,
              -37.841285142778474
            ],
            [
              -58.02977932003583,
              -37.84181856983345
            ],
            [
              -58.03090009583787,
              -37.84190747434261
            ],
            [
              -58.032469181960735,
              -37.841640760815125
            ],
            [
              -58.03403826808359,
              -37.8407517157235
            ],
            [
              -58.03459865598462,
              -37.84021828866852
            ],
            [
              -58.03504696630543,
              -37.839062530049404
            ],
            [
              -58.03504696630543,
              -37.83746224888447
            ],
            [
              -58.03459865598462,
              -37.83648429928368
            ],
            [
              -58.03403826808359,
              -37.83603977673787
            ],
            [
              -58.03213294922012,
              -37.83515073164624
            ],
            [
              -58.03056386309726,
              -37.83488401811875
            ]
          ]
        ]
      }
    },
    {
      "type": "Feature",
      "properties": {
        "id": 364,
        "localidad": "Balcarce",
        "cultivo": "Trigo",
        "area_ha": 69.03,
        "error_pct": 22.1,
        "sam_score": 0.978
      },
      "geometry": {
        "type": "Polygon",
        "coordinates": [
          [
            [
              -58.02790010902536,
              -37.82301702342671
            ],
            [
              -58.02554679884015,
              -37.823372641463365
            ],
            [
              -58.024986486891294,
              -37.82399497302752
            ],
            [
              -58.02509854928107,
              -37.83199637885234
            ],
            [
              -58.02677948512764,
              -37.83270761492565
            ],
            [
              -58.02924485770262,
              -37.83261871041649
            ],
            [
              -58.0309257935492,
              -37.83199637885234
            ],
            [
              -58.03271879178555,
              -37.830662811214864
            ],
            [
              -58.033951478073035,
              -37.8290625300499
            ],
            [
              -58.033615290903725,
              -37.826484299284125
            ],
            [
              -58.03260672939577,
              -37.824972922628326
            ],
            [
              -58.03047754399011,
              -37.8235504504817
            ],
            [
              -58.02790010902536,
              -37.82301702342671
            ]
          ]
        ]
      }
    },
    {
      "type": "Feature",
      "properties": {
        "id": 365,
        "localidad": "Balcarce",
        "cultivo": "Maiz",
        "area_ha": 68.93,
        "error_pct": 0.0,
        "sam_score": 0.977
      },
      "geometry": {
        "type": "Polygon",
        "coordinates": [
          [
            [
              -58.0284966216826,
              -37.8146393549912
            ],
            [
              -58.02602665872078,
              -37.8157062091012
            ],
            [
              -58.02512849037103,
              -37.81668415870203
            ],
            [
              -58.02501621932731,
              -37.82104047965118
            ],
            [
              -58.026251200808225,
              -37.822285142779506
            ],
            [
              -58.027149369157975,
              -37.82272966532534
            ],
            [
              -58.02984387420723,
              -37.82326309238034
            ],
            [
              -58.031078855688136,
              -37.82317418787117
            ],
            [
              -58.032762921343924,
              -37.82272966532534
            ],
            [
              -58.033436547606236,
              -37.822285142779506
            ],
            [
              -58.03512061326202,
              -37.81899567594036
            ],
            [
              -58.03512061326202,
              -37.817839917321194
            ],
            [
              -58.03444698699971,
              -37.81659525419286
            ],
            [
              -58.03309973447508,
              -37.8154394955737
            ],
            [
              -58.03197702403789,
              -37.8149060685187
            ],
            [
              -58.0284966216826,
              -37.8146393549912
            ]
          ]
        ]
      }
    },
    {
      "type": "Feature",
      "properties": {
        "id": 366,
        "localidad": "Balcarce",
        "cultivo": "Soja",
        "area_ha": 37.51,
        "error_pct": 3.5,
        "sam_score": 0.964
      },
      "geometry": {
        "type": "Polygon",
        "coordinates": [
          [
            [
              -58.041078753147765,
              -37.8089223967
            ],
            [
              -58.04074197195209,
              -37.8089223967
            ],
            [
              -58.03984388876362,
              -37.809367799488506
            ],
            [
              -58.038945805575146,
              -37.8090114772577
            ],
            [
              -58.037261899596764,
              -37.809991363392406
            ],
            [
              -58.03602703521261,
              -37.811149410642514
            ],
            [
              -58.03625155600973,
              -37.81159481343102
            ],
            [
              -58.03602703521261,
              -37.81186205510412
            ],
            [
              -58.03625155600973,
              -37.81204021621952
            ],
            [
              -58.03625155600973,
              -37.81319826346963
            ],
            [
              -58.03658833720541,
              -37.81382182737354
            ],
            [
              -58.03804772238667,
              -37.815247116296746
            ],
            [
              -58.03827224318379,
              -37.815158035739046
            ],
            [
              -58.03872128477803,
              -37.815425277412146
            ],
            [
              -58.04074197195209,
              -37.815425277412146
            ],
            [
              -58.04164005514056,
              -37.815247116296746
            ],
            [
              -58.043099440321825,
              -37.81408906904664
            ],
            [
              -58.04354848191606,
              -37.81337642458503
            ],
            [
              -58.04366074231462,
              -37.81168389398872
            ],
            [
              -58.04287491952471,
              -37.810169524507806
            ],
            [
              -58.041078753147765,
              -37.8089223967
            ]
          ]
        ]
      }
    },
    {
      "type": "Feature",
      "properties": {
        "id": 367,
        "localidad": "Balcarce",
        "cultivo": "Trigo",
        "area_ha": 44.6,
        "error_pct": 23.3,
        "sam_score": 0.976
      },
      "geometry": {
        "type": "Polygon",
        "coordinates": [
          [
            [
              -58.0545174018575,
              -37.80232854066595
            ],
            [
              -58.05260915598693,
              -37.802595254193456
            ],
            [
              -58.04980291205961,
              -37.804284439867665
            ],
            [
              -58.049466162788335,
              -37.805084580450185
            ],
            [
              -58.04980291205961,
              -37.806507052596885
            ],
            [
              -58.050476410602165,
              -37.807485002197744
            ],
            [
              -58.051935657444375,
              -37.80864076081694
            ],
            [
              -58.052945905258206,
              -37.80890747434445
            ],
            [
              -58.054966400885874,
              -37.80890747434445
            ],
            [
              -58.0560888984568,
              -37.808285142780264
            ],
            [
              -58.05687464675645,
              -37.8081962382711
            ],
            [
              -58.05777264481319,
              -37.807573906706914
            ],
            [
              -58.058446143355745,
              -37.806773766124394
            ],
            [
              -58.05855839311284,
              -37.805084580450185
            ],
            [
              -58.05822164384156,
              -37.804017726340156
            ],
            [
              -58.05732364578482,
              -37.803217585757636
            ],
            [
              -58.05631339797098,
              -37.80277306321179
            ],
            [
              -58.05575214918552,
              -37.80277306321179
            ],
            [
              -58.0545174018575,
              -37.80232854066595
            ]
          ]
        ]
      }
    },
    {
      "type": "Feature",
      "properties": {
        "id": 368,
        "localidad": "Balcarce",
        "cultivo": "Maiz",
        "area_ha": 56.88,
        "error_pct": 1.2,
        "sam_score": 0.951
      },
      "geometry": {
        "type": "Polygon",
        "coordinates": [
          [
            [
              -58.06036371797582,
              -37.81035059106473
            ],
            [
              -58.05935334701891,
              -37.81159525419307
            ],
            [
              -58.05935334701891,
              -37.81203977673891
            ],
            [
              -58.05879202982063,
              -37.81283991732141
            ],
            [
              -58.0591288201396,
              -37.81595157514227
            ],
            [
              -58.05935334701891,
              -37.816129384160604
            ],
            [
              -58.05969013733788,
              -37.81595157514227
            ],
            [
              -58.06047598141547,
              -37.81666281121561
            ],
            [
              -58.06204766957066,
              -37.81710733376144
            ],
            [
              -58.06361935772585,
              -37.81710733376144
            ],
            [
              -58.065527836200005,
              -37.81755185630728
            ],
            [
              -58.06777310499313,
              -37.81728514277978
            ],
            [
              -58.067997631872444,
              -37.81710733376144
            ],
            [
              -58.06788536843278,
              -37.8158626706331
            ],
            [
              -58.06833442219141,
              -37.81461800750476
            ],
            [
              -58.06788536843278,
              -37.81426238946809
            ],
            [
              -58.067997631872444,
              -37.813373344376416
            ],
            [
              -58.067660841553476,
              -37.81301772633975
            ],
            [
              -58.06709952435519,
              -37.810617304592235
            ],
            [
              -58.066762734036224,
              -37.81035059106473
            ],
            [
              -58.06395614804482,
              -37.81035059106473
            ],
            [
              -58.063058040527565,
              -37.81008387753723
            ],
            [
              -58.0627212502086,
              -37.81035059106473
            ],
            [
              -58.06204766957066,
              -37.80990606851889
            ],
            [
              -58.06081277173444,
              -37.81008387753723
            ],
            [
              -58.06036371797582,
              -37.81035059106473
            ]
          ]
        ]
      }
    },
    {
      "type": "Feature",
      "properties": {
        "id": 369,
        "localidad": "Balcarce",
        "cultivo": "Soja",
        "area_ha": 93.4,
        "error_pct": 0.1,
        "sam_score": 0.987
      },
      "geometry": {
        "type": "Polygon",
        "coordinates": [
          [
            [
              -58.02927324684094,
              -37.76440802722073
            ],
            [
              -58.02725373525969,
              -37.76503159112469
            ],
            [
              -58.0248976384149,
              -37.76681320227887
            ],
            [
              -58.024336662975664,
              -37.76850573287533
            ],
            [
              -58.02444885806351,
              -37.770287344029505
            ],
            [
              -58.02523422367844,
              -37.771801713510555
            ],
            [
              -58.02725373525969,
              -37.77340516354931
            ],
            [
              -58.029609832104484,
              -37.77402872745328
            ],
            [
              -58.03174153877357,
              -37.77402872745328
            ],
            [
              -58.03510739140899,
              -37.77287068020306
            ],
            [
              -58.03611714719962,
              -37.77189079406826
            ],
            [
              -58.0367903177267,
              -37.77162355239514
            ],
            [
              -58.03611714719962,
              -37.771089069048884
            ],
            [
              -58.03690251281454,
              -37.770287344029505
            ],
            [
              -58.036678122638854,
              -37.76832757175991
            ],
            [
              -58.03578056193607,
              -37.76654596060574
            ],
            [
              -58.03387324544267,
              -37.76503159112469
            ],
            [
              -58.031853733861425,
              -37.76440802722073
            ],
            [
              -58.02927324684094,
              -37.76440802722073
            ]
          ]
        ]
      }
    },
    {
      "type": "Feature",
      "properties": {
        "id": 370,
        "localidad": "Balcarce",
        "cultivo": "Trigo",
        "area_ha": 39.11,
        "error_pct": 10.1,
        "sam_score": 0.994
      },
      "geometry": {
        "type": "Polygon",
        "coordinates": [
          [
            [
              -58.06013164343788,
              -37.749350591067156
            ],
            [
              -58.0584524129189,
              -37.74943949557633
            ],
            [
              -58.05699707980246,
              -37.74997292263141
            ],
            [
              -58.055877592789805,
              -37.75095087223237
            ],
            [
              -58.05531784928348,
              -37.75228443987005
            ],
            [
              -58.05542979798474,
              -37.753351293980195
            ],
            [
              -58.05598954149107,
              -37.75432924358116
            ],
            [
              -58.057109028503724,
              -37.75521828867295
            ],
            [
              -58.059012156425226,
              -37.755751715728024
            ],
            [
              -58.06046748954167,
              -37.75566281121884
            ],
            [
              -58.06181087395686,
              -37.75512938416377
            ],
            [
              -58.06281841226824,
              -37.75432924358116
            ],
            [
              -58.063378155774565,
              -37.75326238947102
            ],
            [
              -58.063378155774565,
              -37.752195535360876
            ],
            [
              -58.0629303609695,
              -37.75103977674155
            ],
            [
              -58.06113918174926,
              -37.749617304594686
            ],
            [
              -58.06013164343788,
              -37.749350591067156
            ]
          ]
        ]
      }
    },
    {
      "type": "Feature",
      "properties": {
        "id": 371,
        "localidad": "Balcarce",
        "cultivo": "Maiz",
        "area_ha": 48.58,
        "error_pct": 27.4,
        "sam_score": 0.97
      },
      "geometry": {
        "type": "Polygon",
        "coordinates": [
          [
            [
              -58.21582712754659,
              -37.76504722854015
            ],
            [
              -58.21482136288557,
              -37.766289436711745
            ],
            [
              -58.21448610799857,
              -37.767265457418
            ],
            [
              -58.21448610799857,
              -37.76895131136517
            ],
            [
              -58.21783865686862,
              -37.77152445686349
            ],
            [
              -58.21929142804565,
              -37.77187937348394
            ],
            [
              -58.22063244759367,
              -37.77267793587997
            ],
            [
              -58.221973467141694,
              -37.772766665035086
            ],
            [
              -58.22353798994772,
              -37.77232301925952
            ],
            [
              -58.22454375460874,
              -37.771346998553256
            ],
            [
              -58.224096748092734,
              -37.7709920819328
            ],
            [
              -58.22398499646373,
              -37.769217498830514
            ],
            [
              -58.22074419922267,
              -37.767797832348684
            ],
            [
              -58.219850186190655,
              -37.765224686850374
            ],
            [
              -58.21940317967465,
              -37.764869770229915
            ],
            [
              -58.21705639546561,
              -37.76460358276457
            ],
            [
              -58.21582712754659,
              -37.76504722854015
            ]
          ]
        ]
      }
    },
    {
      "type": "Feature",
      "properties": {
        "id": 372,
        "localidad": "Balcarce",
        "cultivo": "Soja",
        "area_ha": 58.88,
        "error_pct": 0.5,
        "sam_score": 0.996
      },
      "geometry": {
        "type": "Polygon",
        "coordinates": [
          [
            [
              -58.19362607130768,
              -37.693224686853206
            ],
            [
              -58.19195142610122,
              -37.69331341600833
            ],
            [
              -58.19005349486723,
              -37.694023249249355
            ],
            [
              -58.18904870774335,
              -37.694821811645504
            ],
            [
              -58.18815556363324,
              -37.696596394748056
            ],
            [
              -58.18815556363324,
              -37.697749873764714
            ],
            [
              -58.188937064729586,
              -37.69925826940189
            ],
            [
              -58.19050006692228,
              -37.70050047757368
            ],
            [
              -58.19217471212875,
              -37.70103285250444
            ],
            [
              -58.19396100034897,
              -37.70103285250444
            ],
            [
              -58.19585893158296,
              -37.700411748418546
            ],
            [
              -58.19708700473437,
              -37.69952445686727
            ],
            [
              -58.19798014884448,
              -37.69792733207497
            ],
            [
              -58.19798014884448,
              -37.6964189364378
            ],
            [
              -58.19719864774813,
              -37.69491054080063
            ],
            [
              -58.19585893158296,
              -37.6938457909391
            ],
            [
              -58.19362607130768,
              -37.693224686853206
            ]
          ]
        ]
      }
    },
    {
      "type": "Feature",
      "properties": {
        "id": 373,
        "localidad": "Balcarce",
        "cultivo": "Trigo",
        "area_ha": 31.04,
        "error_pct": 1.7,
        "sam_score": 0.989
      },
      "geometry": {
        "type": "Polygon",
        "coordinates": [
          [
            [
              -58.26017943297915,
              -37.66675706178507
            ],
            [
              -58.258840204384676,
              -37.66702324925047
            ],
            [
              -58.257277771024455,
              -37.66808799911206
            ],
            [
              -58.25694296387584,
              -37.66879783235312
            ],
            [
              -58.256831361492964,
              -37.66995131136985
            ],
            [
              -58.25694296387584,
              -37.67048368630064
            ],
            [
              -58.25738937340733,
              -37.67119351954171
            ],
            [
              -58.258393794853184,
              -37.6719920819379
            ],
            [
              -58.259621421064786,
              -37.67243572771356
            ],
            [
              -58.261183854425006,
              -37.6725244568687
            ],
            [
              -58.26241148063661,
              -37.6719920819379
            ],
            [
              -58.26363910684822,
              -37.67083860292118
            ],
            [
              -58.26386231161396,
              -37.67021749883525
            ],
            [
              -58.26386231161396,
              -37.66888656150826
            ],
            [
              -58.263415902082464,
              -37.66808799911206
            ],
            [
              -58.262299878253735,
              -37.6671119784056
            ],
            [
              -58.26017943297915,
              -37.66675706178507
            ]
          ]
        ]
      }
    },
    {
      "type": "Feature",
      "properties": {
        "id": 374,
        "localidad": "Balcarce",
        "cultivo": "Maiz",
        "area_ha": 59.84,
        "error_pct": 5.2,
        "sam_score": 1.0
      },
      "geometry": {
        "type": "Polygon",
        "coordinates": [
          [
            [
              -58.37696109134517,
              -37.69942612445679
            ],
            [
              -58.37595620933598,
              -37.69942612445679
            ],
            [
              -58.374393059543905,
              -37.6997810410773
            ],
            [
              -58.37294156330841,
              -37.700579603473436
            ],
            [
              -58.371713374186065,
              -37.70199926995546
            ],
            [
              -58.37137841351633,
              -37.7031527489721
            ],
            [
              -58.371713374186065,
              -37.7048386029195
            ],
            [
              -58.372718256195256,
              -37.70608081109127
            ],
            [
              -58.37416975243075,
              -37.706968102642534
            ],
            [
              -58.37562124866625,
              -37.70732301926304
            ],
            [
              -58.377184398458326,
              -37.70732301926304
            ],
            [
              -58.378970855363555,
              -37.70679064433228
            ],
            [
              -58.38064565871221,
              -37.70545970700539
            ],
            [
              -58.38131558005167,
              -37.704217498833614
            ],
            [
              -58.38131558005167,
              -37.702620374041345
            ],
            [
              -58.38053400515563,
              -37.70111197840419
            ],
            [
              -58.378970855363555,
              -37.69995849938755
            ],
            [
              -58.37696109134517,
              -37.69942612445679
            ]
          ]
        ]
      }
    },
    {
      "type": "Feature",
      "properties": {
        "id": 375,
        "localidad": "Balcarce",
        "cultivo": "Soja",
        "area_ha": 38.33,
        "error_pct": 8.2,
        "sam_score": 0.982
      },
      "geometry": {
        "type": "Polygon",
        "coordinates": [
          [
            [
              -58.39229126915339,
              -37.725542050778834
            ],
            [
              -58.391062665520515,
              -37.72580771425312
            ],
            [
              -58.38949898816959,
              -37.72669325916743
            ],
            [
              -58.38871714949413,
              -37.727844467556025
            ],
            [
              -58.38860545825477,
              -37.72926133941892
            ],
            [
              -58.38894053197283,
              -37.73014688433322
            ],
            [
              -58.39050420932376,
              -37.731475201704676
            ],
            [
              -58.39184450419598,
              -37.73191797416183
            ],
            [
              -58.393296490307556,
              -37.73191797416183
            ],
            [
              -58.39474847641913,
              -37.731475201704676
            ],
            [
              -58.395753697573305,
              -37.730678211281806
            ],
            [
              -58.39653553624877,
              -37.72926133941892
            ],
            [
              -58.39653553624877,
              -37.72819868552175
            ],
            [
              -58.39608877129136,
              -37.72731314060744
            ],
            [
              -58.39452509394043,
              -37.72598482323598
            ],
            [
              -58.393519872786264,
              -37.72563060527026
            ],
            [
              -58.39229126915339,
              -37.725542050778834
            ]
          ]
        ]
      }
    },
    {
      "type": "Feature",
      "properties": {
        "id": 384,
        "localidad": "Balcarce",
        "cultivo": "Trigo",
        "area_ha": 37.52,
        "error_pct": 1.9,
        "sam_score": 0.947
      },
      "geometry": {
        "type": "Polygon",
        "coordinates": [
          [
            [
              -58.42652086079634,
              -37.7735420507769
            ],
            [
              -58.425067932419346,
              -37.773453496285484
            ],
            [
              -58.42350324032104,
              -37.77389626874259
            ],
            [
              -58.42216207566535,
              -37.77487036814823
            ],
            [
              -58.42160325705881,
              -37.77593302204529
            ],
            [
              -58.42160325705881,
              -37.77726133941661
            ],
            [
              -58.421938548222734,
              -37.777881220856564
            ],
            [
              -58.42395029520627,
              -37.77947520170215
            ],
            [
              -58.424844404976724,
              -37.779740865176414
            ],
            [
              -58.426185569632416,
              -37.779740865176414
            ],
            [
              -58.427638498009415,
              -37.77929809271931
            ],
            [
              -58.4288678989438,
              -37.77832399331367
            ],
            [
              -58.42953848127164,
              -37.776995675942345
            ],
            [
              -58.42931495382903,
              -37.77566735857102
            ],
            [
              -58.42897966266511,
              -37.77504747713107
            ],
            [
              -58.42786202545203,
              -37.774073377725436
            ],
            [
              -58.42652086079634,
              -37.7735420507769
            ]
          ]
        ]
      }
    },
    {
      "type": "Feature",
      "properties": {
        "id": 385,
        "localidad": "Balcarce",
        "cultivo": "Maiz",
        "area_ha": 44.21,
        "error_pct": 2.2,
        "sam_score": 0.969
      },
      "geometry": {
        "type": "Polygon",
        "coordinates": [
          [
            [
              -58.41501194171549,
              -37.78071915975947
            ],
            [
              -58.413338634057475,
              -37.78116193221657
            ],
            [
              -58.4118884340872,
              -37.782224586113614
            ],
            [
              -58.41133066486786,
              -37.7830215765364
            ],
            [
              -58.411107557180124,
              -37.78426133941628
            ],
            [
              -58.411219111023996,
              -37.78496977534764
            ],
            [
              -58.41177688024333,
              -37.785943874753265
            ],
            [
              -58.413115526369744,
              -37.78709508314173
            ],
            [
              -58.413896403276816,
              -37.78709508314173
            ],
            [
              -58.416015926310294,
              -37.787892073564514
            ],
            [
              -58.4166852493735,
              -37.78736074661599
            ],
            [
              -58.417800787812176,
              -37.78691797415889
            ],
            [
              -58.41936254162632,
              -37.785589656787586
            ],
            [
              -58.419697203157924,
              -37.78488122085622
            ],
            [
              -58.419697203157924,
              -37.7834643489935
            ],
            [
              -58.41913943393858,
              -37.78257880407929
            ],
            [
              -58.41757768012444,
              -37.78125048670799
            ],
            [
              -58.4163505878419,
              -37.78071915975947
            ],
            [
              -58.41501194171549,
              -37.78071915975947
            ]
          ]
        ]
      }
    },
    {
      "type": "Feature",
      "properties": {
        "id": 387,
        "localidad": "Balcarce",
        "cultivo": "Soja",
        "area_ha": 51.46,
        "error_pct": 4.6,
        "sam_score": 0.981
      },
      "geometry": {
        "type": "Polygon",
        "coordinates": [
          [
            [
              -58.40333418094381,
              -37.79301072382759
            ],
            [
              -58.40266474011104,
              -37.79345349628468
            ],
            [
              -58.4028878870553,
              -37.79433904119886
            ],
            [
              -58.40166057886189,
              -37.79602157653579
            ],
            [
              -58.40154900538976,
              -37.79841254780408
            ],
            [
              -58.4048962095536,
              -37.80062641008952
            ],
            [
              -58.407127678996154,
              -37.80062641008952
            ],
            [
              -58.408131840245304,
              -37.80009508314102
            ],
            [
              -58.41047488315999,
              -37.798146884329825
            ],
            [
              -58.41047488315999,
              -37.79513603162162
            ],
            [
              -58.41014016274361,
              -37.794781813655945
            ],
            [
              -58.40958229538297,
              -37.794781813655945
            ],
            [
              -58.408243413717436,
              -37.79371915975893
            ],
            [
              -58.406123517747005,
              -37.793187832810425
            ],
            [
              -58.405565650386364,
              -37.793187832810425
            ],
            [
              -58.4048962095536,
              -37.7935420507761
            ],
            [
              -58.40389204830445,
              -37.79301072382759
            ],
            [
              -58.40333418094381,
              -37.79301072382759
            ]
          ]
        ]
      }
    },
    {
      "type": "Feature",
      "properties": {
        "id": 389,
        "localidad": "Balcarce",
        "cultivo": "Trigo",
        "area_ha": 41.43,
        "error_pct": 6.4,
        "sam_score": 0.976
      },
      "geometry": {
        "type": "Polygon",
        "coordinates": [
          [
            [
              -58.49347147449532,
              -37.81104747712951
            ],
            [
              -58.49179750978493,
              -37.810073377723945
            ],
            [
              -58.49079313095869,
              -37.80971915975829
            ],
            [
              -58.48923076389566,
              -37.8098077142497
            ],
            [
              -58.487333603890555,
              -37.81051615018102
            ],
            [
              -58.48588283447488,
              -37.812110131026486
            ],
            [
              -58.48599443212224,
              -37.81379266636337
            ],
            [
              -58.486775615653755,
              -37.81494387475176
            ],
            [
              -58.48655242035904,
              -37.81547520170025
            ],
            [
              -58.486775615653755,
              -37.815652310683085
            ],
            [
              -58.487445201537916,
              -37.815563756191665
            ],
            [
              -58.488337982716786,
              -37.81600652864874
            ],
            [
              -58.48856117801151,
              -37.81591797415733
            ],
            [
              -58.489342361543024,
              -37.816183637631575
            ],
            [
              -58.49213230272701,
              -37.816183637631575
            ],
            [
              -58.49347147449532,
              -37.81476676576894
            ],
            [
              -58.49414106037948,
              -37.813527002889124
            ],
            [
              -58.49402946273212,
              -37.812021576535074
            ],
            [
              -58.49347147449532,
              -37.81104747712951
            ]
          ]
        ]
      }
    },
    {
      "type": "Feature",
      "properties": {
        "id": 390,
        "localidad": "Balcarce",
        "cultivo": "Maiz",
        "area_ha": 48.73,
        "error_pct": 7.3,
        "sam_score": 0.983
      },
      "geometry": {
        "type": "Polygon",
        "coordinates": [
          [
            [
              -58.42572611400782,
              -37.81145349628396
            ],
            [
              -58.421141443770644,
              -37.814907121449124
            ],
            [
              -58.421141443770644,
              -37.81526133941478
            ],
            [
              -58.42416061685367,
              -37.81800652864863
            ],
            [
              -58.42628522013431,
              -37.8178294196658
            ],
            [
              -58.42740343238728,
              -37.8184493011057
            ],
            [
              -58.430534426695594,
              -37.81694387475166
            ],
            [
              -58.431317175272675,
              -37.81623543882034
            ],
            [
              -58.43198810262446,
              -37.81473001246629
            ],
            [
              -58.43165263894856,
              -37.814375794500634
            ],
            [
              -58.431764460173866,
              -37.81402157653498
            ],
            [
              -58.43086989037149,
              -37.813401695095074
            ],
            [
              -58.430310784245,
              -37.812161932215275
            ],
            [
              -58.42840982341495,
              -37.81207337772386
            ],
            [
              -58.427850717288464,
              -37.811719159758205
            ],
            [
              -58.42606157768372,
              -37.811630605266785
            ],
            [
              -58.42572611400782,
              -37.81145349628396
            ]
          ]
        ]
      }
    },
    {
      "type": "Feature",
      "properties": {
        "id": 391,
        "localidad": "Balcarce",
        "cultivo": "Soja",
        "area_ha": 39.19,
        "error_pct": 0.4,
        "sam_score": 0.965
      },
      "geometry": {
        "type": "Polygon",
        "coordinates": [
          [
            [
              -58.36963315571083,
              -37.79775706177975
            ],
            [
              -58.36795615530565,
              -37.797668332624646
            ],
            [
              -58.366502754954496,
              -37.798111978400186
            ],
            [
              -58.364825754549315,
              -37.7993541865717
            ],
            [
              -58.36437855444127,
              -37.79997529065746
            ],
            [
              -58.36426675441426,
              -37.801661144604516
            ],
            [
              -58.36471395452231,
              -37.8025484361556
            ],
            [
              -58.36583195479243,
              -37.803701915172006
            ],
            [
              -58.36627915490047,
              -37.803701915172006
            ],
            [
              -58.3675089551976,
              -37.804234290102656
            ],
            [
              -58.3684033554137,
              -37.804234290102656
            ],
            [
              -58.36862695546772,
              -37.80405683179244
            ],
            [
              -58.36896235554875,
              -37.804145560947546
            ],
            [
              -58.36985675576485,
              -37.80387937348222
            ],
            [
              -58.3703039558729,
              -37.80343572770668
            ],
            [
              -58.3703039558729,
              -37.80290335277603
            ],
            [
              -58.371869156251066,
              -37.80228224869027
            ],
            [
              -58.3722045563321,
              -37.80192733206984
            ],
            [
              -58.3722045563321,
              -37.80139495713919
            ],
            [
              -58.37265175644015,
              -37.801217498828976
            ],
            [
              -58.372092756305086,
              -37.80086258220854
            ],
            [
              -58.3722045563321,
              -37.79988656150235
            ],
            [
              -58.371869156251066,
              -37.799176728261486
            ],
            [
              -58.37097475603497,
              -37.79837816586551
            ],
            [
              -58.36963315571083,
              -37.79775706177975
            ]
          ]
        ]
      }
    },
    {
      "type": "Feature",
      "properties": {
        "id": 392,
        "localidad": "Balcarce",
        "cultivo": "Trigo",
        "area_ha": 36.2,
        "error_pct": 8.9,
        "sam_score": 0.969
      },
      "geometry": {
        "type": "Polygon",
        "coordinates": [
          [
            [
              -58.372627006616206,
              -37.803807714249956
            ],
            [
              -58.37117348818374,
              -37.803807714249956
            ],
            [
              -58.370167206192036,
              -37.804427595689866
            ],
            [
              -58.36971996975128,
              -37.804427595689866
            ],
            [
              -58.36904911509014,
              -37.80469325916411
            ],
            [
              -58.36826645131882,
              -37.80531314060403
            ],
            [
              -58.36781921487806,
              -37.80619868551818
            ],
            [
              -58.36781921487806,
              -37.80761555738084
            ],
            [
              -58.36904911509014,
              -37.809032429243494
            ],
            [
              -58.37039082441242,
              -37.81000652864907
            ],
            [
              -58.37251519750602,
              -37.81009508314049
            ],
            [
              -58.37307424305697,
              -37.809917974157656
            ],
            [
              -58.37463957059962,
              -37.80876676576925
            ],
            [
              -58.37463957059962,
              -37.808501102295
            ],
            [
              -58.37553404348114,
              -37.80761555738084
            ],
            [
              -58.375645852591326,
              -37.806464348992435
            ],
            [
              -58.37531042526076,
              -37.805755913061105
            ],
            [
              -58.373856906828294,
              -37.80433904119845
            ],
            [
              -58.372627006616206,
              -37.803807714249956
            ]
          ]
        ]
      }
    },
    {
      "type": "Feature",
      "properties": {
        "id": 393,
        "localidad": "Balcarce",
        "cultivo": "Maiz",
        "area_ha": 30.28,
        "error_pct": 1.2,
        "sam_score": 0.97
      },
      "geometry": {
        "type": "Polygon",
        "coordinates": [
          [
            [
              -58.35674521606726,
              -37.80933904119823
            ],
            [
              -58.35450888243589,
              -37.809250486706816
            ],
            [
              -58.35383798234648,
              -37.80951615018106
            ],
            [
              -58.35104256530726,
              -37.81164145797502
            ],
            [
              -58.35104256530726,
              -37.81181856695785
            ],
            [
              -58.35283163221236,
              -37.81350110229474
            ],
            [
              -58.35506796584373,
              -37.81527219212303
            ],
            [
              -58.35618613265942,
              -37.81518363763162
            ],
            [
              -58.35640976602255,
              -37.81500652864879
            ],
            [
              -58.356297949340984,
              -37.81482941966596
            ],
            [
              -58.35786338288295,
              -37.81376676576898
            ],
            [
              -58.35775156620138,
              -37.81367821127756
            ],
            [
              -58.35875791633549,
              -37.81288122085483
            ],
            [
              -58.358869733017066,
              -37.81164145797502
            ],
            [
              -58.35842246629079,
              -37.81057880407804
            ],
            [
              -58.35741611615667,
              -37.809693259163886
            ],
            [
              -58.35674521606726,
              -37.80933904119823
            ]
          ]
        ]
      }
    },
    {
      "type": "Feature",
      "properties": {
        "id": 397,
        "localidad": "Balcarce",
        "cultivo": "Soja",
        "area_ha": 58.84,
        "error_pct": 9.4,
        "sam_score": 0.954
      },
      "geometry": {
        "type": "Polygon",
        "coordinates": [
          [
            [
              -58.327291635077565,
              -37.81704722853811
            ],
            [
              -58.32561418035584,
              -37.81713595769322
            ],
            [
              -58.323601234689775,
              -37.81793452008915
            ],
            [
              -58.32170011933849,
              -37.81962037403614
            ],
            [
              -58.32114096776458,
              -37.821040040517815
            ],
            [
              -58.32136462839414,
              -37.82245970699948
            ],
            [
              -58.322482931541956,
              -37.823435727705636
            ],
            [
              -58.3228184224863,
              -37.82352445686074
            ],
            [
              -58.32438404689324,
              -37.82290335277501
            ],
            [
              -58.3252786894115,
              -37.82308081108521
            ],
            [
              -58.32572601067062,
              -37.82361318601584
            ],
            [
              -58.32494319846715,
              -37.82405683179137
            ],
            [
              -58.32460770752281,
              -37.82379064432605
            ],
            [
              -58.32438404689324,
              -37.82396810263626
            ],
            [
              -58.3252786894115,
              -37.824411748411784
            ],
            [
              -58.32505502878193,
              -37.824589206721996
            ],
            [
              -58.32550235004106,
              -37.82494412334241
            ],
            [
              -58.326620653188876,
              -37.825210310807726
            ],
            [
              -58.32908092011407,
              -37.8246779358771
            ],
            [
              -58.329640071687976,
              -37.82396810263626
            ],
            [
              -58.32997556263232,
              -37.82414556094647
            ],
            [
              -58.330982035465354,
              -37.82316954024032
            ],
            [
              -58.331541187039264,
              -37.82183860291375
            ],
            [
              -58.331541187039264,
              -37.82059639474229
            ],
            [
              -58.330982035465354,
              -37.819265457415725
            ],
            [
              -58.32908092011407,
              -37.81766833262384
            ],
            [
              -58.327291635077565,
              -37.81704722853811
            ]
          ]
        ]
      }
    },
    {
      "type": "Feature",
      "properties": {
        "id": 398,
        "localidad": "Balcarce",
        "cultivo": "Trigo",
        "area_ha": 47.15,
        "error_pct": 2.6,
        "sam_score": 0.959
      },
      "geometry": {
        "type": "Polygon",
        "coordinates": [
          [
            [
              -58.344673671624,
              -37.759224686850594
            ],
            [
              -58.343223883499974,
              -37.75957960347106
            ],
            [
              -58.34099344023223,
              -37.76126545741825
            ],
            [
              -58.34110496239562,
              -37.76162037403871
            ],
            [
              -58.340881918068845,
              -37.76206401981429
            ],
            [
              -58.343223883499974,
              -37.76454843615752
            ],
            [
              -58.345900415421255,
              -37.766855394190515
            ],
            [
              -58.346123459748036,
              -37.766855394190515
            ],
            [
              -58.34846542517916,
              -37.765346998553554
            ],
            [
              -58.350249779793344,
              -37.76374987376148
            ],
            [
              -58.35013825762996,
              -37.762507665589865
            ],
            [
              -58.35036130195674,
              -37.76179783234894
            ],
            [
              -58.3498036911398,
              -37.76082181164267
            ],
            [
              -58.34835390301577,
              -37.75957960347106
            ],
            [
              -58.34790781436222,
              -37.75940214516083
            ],
            [
              -58.347127159218516,
              -37.759490874315944
            ],
            [
              -58.346792592728356,
              -37.75931341600571
            ],
            [
              -58.344673671624,
              -37.759224686850594
            ]
          ]
        ]
      }
    },
    {
      "type": "Feature",
      "properties": {
        "id": 399,
        "localidad": "Balcarce",
        "cultivo": "Maiz",
        "area_ha": 35.59,
        "error_pct": 8.7,
        "sam_score": 0.995
      },
      "geometry": {
        "type": "Polygon",
        "coordinates": [
          [
            [
              -58.30784999022177,
              -37.74920070755733
            ],
            [
              -58.306621004785306,
              -37.74920070755733
            ],
            [
              -58.305727197195154,
              -37.74937816586757
            ],
            [
              -58.30382785606607,
              -37.750709103194325
            ],
            [
              -58.30338095227099,
              -37.75150766559038
            ],
            [
              -58.30326922632222,
              -37.75266114460691
            ],
            [
              -58.30360440416853,
              -37.75345970700297
            ],
            [
              -58.305615471246384,
              -37.7551455609502
            ],
            [
              -58.306174100990226,
              -37.75532301926043
            ],
            [
              -58.30840861996562,
              -37.755234290105314
            ],
            [
              -58.30930242755578,
              -37.75487937348485
            ],
            [
              -58.31041968704347,
              -37.753992081933674
            ],
            [
              -58.31097831678732,
              -37.75301606122738
            ],
            [
              -58.31097831678732,
              -37.7515963947455
            ],
            [
              -58.31064313894101,
              -37.7510640198148
            ],
            [
              -58.30919070160701,
              -37.749733082488035
            ],
            [
              -58.30784999022177,
              -37.74920070755733
            ]
          ]
        ]
      }
    },
    {
      "type": "Feature",
      "properties": {
        "id": 400,
        "localidad": "Balcarce",
        "cultivo": "Soja",
        "area_ha": 39.52,
        "error_pct": 10.7,
        "sam_score": 0.992
      },
      "geometry": {
        "type": "Polygon",
        "coordinates": [
          [
            [
              -58.531846402453475,
              -37.74289626874386
            ],
            [
              -58.530733631853,
              -37.74289626874386
            ],
            [
              -58.530065969492725,
              -37.743073377726716
            ],
            [
              -58.52861936771212,
              -37.743870368149565
            ],
            [
              -58.52784042829179,
              -37.74457880408098
            ],
            [
              -58.5273953200516,
              -37.74564145797811
            ],
            [
              -58.52750659711165,
              -37.74705832984095
            ],
            [
              -58.52861936771212,
              -37.74829809272093
            ],
            [
              -58.529398307132446,
              -37.748917974160925
            ],
            [
              -58.53084490891305,
              -37.74927219212663
            ],
            [
              -58.53251406481375,
              -37.749183637635205
            ],
            [
              -58.533515558354175,
              -37.748917974160925
            ],
            [
              -58.53473960601469,
              -37.74803242924665
            ],
            [
              -58.53540726837497,
              -37.74696977534952
            ],
            [
              -58.53551854543502,
              -37.74643844840096
            ],
            [
              -58.53540726837497,
              -37.74511013102955
            ],
            [
              -58.535073437194825,
              -37.74457880408098
            ],
            [
              -58.53362683541422,
              -37.74342759569243
            ],
            [
              -58.532847895993896,
              -37.743073377726716
            ],
            [
              -58.531846402453475,
              -37.74289626874386
            ]
          ]
        ]
      }
    },
    {
      "type": "Feature",
      "properties": {
        "id": 401,
        "localidad": "Balcarce",
        "cultivo": "Trigo",
        "area_ha": 31.06,
        "error_pct": 8.3,
        "sam_score": 0.966
      },
      "geometry": {
        "type": "Polygon",
        "coordinates": [
          [
            [
              -58.50956950972813,
              -37.75498482323479
            ],
            [
              -58.50644710022043,
              -37.75507337772622
            ],
            [
              -58.505554983218225,
              -37.75631314060617
            ],
            [
              -58.5047743808413,
              -37.75684446755472
            ],
            [
              -58.50499741009185,
              -37.75755290348612
            ],
            [
              -58.505554983218225,
              -37.75826133941752
            ],
            [
              -58.506893158721525,
              -37.75941254780605
            ],
            [
              -58.5070046733468,
              -37.759678211280324
            ],
            [
              -58.508231334224824,
              -37.76056375619457
            ],
            [
              -58.5092349658523,
              -37.76056375619457
            ],
            [
              -58.51035011210505,
              -37.7602980927203
            ],
            [
              -58.51191131685891,
              -37.75950110229747
            ],
            [
              -58.51224586073473,
              -37.75914688433177
            ],
            [
              -58.51224586073473,
              -37.758527002891796
            ],
            [
              -58.51258040461055,
              -37.75773001246897
            ],
            [
              -58.51246888998528,
              -37.75666735857187
            ],
            [
              -58.511799802233625,
              -37.75595892264047
            ],
            [
              -58.50956950972813,
              -37.75498482323479
            ]
          ]
        ]
      }
    },
    {
      "type": "Feature",
      "properties": {
        "id": 403,
        "localidad": "Balcarce",
        "cultivo": "Maiz",
        "area_ha": 42.67,
        "error_pct": 1.6,
        "sam_score": 0.96
      },
      "geometry": {
        "type": "Polygon",
        "coordinates": [
          [
            [
              -58.528952261021146,
              -37.691693259168915
            ],
            [
              -58.528952261021146,
              -37.6921360316261
            ],
            [
              -58.53039784769479,
              -37.69293302204903
            ],
            [
              -58.532065832318224,
              -37.69461555738634
            ],
            [
              -58.53117624051906,
              -37.695589656792144
            ],
            [
              -58.53117624051906,
              -37.69603242924933
            ],
            [
              -58.53150983744374,
              -37.696298092723644
            ],
            [
              -58.53284422514249,
              -37.69638664721508
            ],
            [
              -58.53317782206718,
              -37.69665231068939
            ],
            [
              -58.53295542411739,
              -37.69700652865514
            ],
            [
              -58.533733816941655,
              -37.69727219212945
            ],
            [
              -58.53584659746467,
              -37.69718363763801
            ],
            [
              -58.537625781063,
              -37.69638664721508
            ],
            [
              -58.53773698003789,
              -37.69585532026646
            ],
            [
              -58.538404173887265,
              -37.6952354388264
            ],
            [
              -58.538404173887265,
              -37.69373001247197
            ],
            [
              -58.538181775937474,
              -37.69275591306616
            ],
            [
              -58.53729218413831,
              -37.691781813660356
            ],
            [
              -58.53328902104207,
              -37.69027638730592
            ],
            [
              -58.530620245644585,
              -37.69071915976311
            ],
            [
              -58.52973065384542,
              -37.69151615018604
            ],
            [
              -58.52928585794584,
              -37.691427595694606
            ],
            [
              -58.528952261021146,
              -37.691693259168915
            ]
          ]
        ]
      }
    },
    {
      "type": "Feature",
      "properties": {
        "id": 404,
        "localidad": "Balcarce",
        "cultivo": "Soja",
        "area_ha": 37.56,
        "error_pct": 2.8,
        "sam_score": 0.951
      },
      "geometry": {
        "type": "Polygon",
        "coordinates": [
          [
            [
              -58.51329079449384,
              -37.70145349628836
            ],
            [
              -58.5127347171132,
              -37.70154205077979
            ],
            [
              -58.511733777828034,
              -37.70216193221984
            ],
            [
              -58.51039919211448,
              -37.70154205077979
            ],
            [
              -58.508953390924795,
              -37.70216193221984
            ],
            [
              -58.50795245163963,
              -37.70295892264275
            ],
            [
              -58.507730020687376,
              -37.70349024959136
            ],
            [
              -58.50828609806802,
              -37.70446434899715
            ],
            [
              -58.50839731354415,
              -37.70570411187724
            ],
            [
              -58.50884217544867,
              -37.706323993317284
            ],
            [
              -58.50928703735318,
              -37.70650110230015
            ],
            [
              -58.50917582187706,
              -37.706766765774454
            ],
            [
              -58.51006554568609,
              -37.7071209837402
            ],
            [
              -58.51039919211448,
              -37.70747520170594
            ],
            [
              -58.51140013139965,
              -37.70774086518024
            ],
            [
              -58.51195620878029,
              -37.70818363763742
            ],
            [
              -58.5127347171132,
              -37.70800652865455
            ],
            [
              -58.51418051830288,
              -37.70703242924876
            ],
            [
              -58.51562631949256,
              -37.70579266636867
            ],
            [
              -58.51595996592095,
              -37.70517278492863
            ],
            [
              -58.51562631949256,
              -37.70490712145432
            ],
            [
              -58.515737534968686,
              -37.70446434899715
            ],
            [
              -58.51607118139707,
              -37.70419868552284
            ],
            [
              -58.51518145758804,
              -37.70295892264275
            ],
            [
              -58.51329079449384,
              -37.70145349628836
            ]
          ]
        ]
      }
    },
    {
      "type": "Feature",
      "properties": {
        "id": 405,
        "localidad": "Balcarce",
        "cultivo": "Trigo",
        "area_ha": 56.82,
        "error_pct": 4.1,
        "sam_score": 0.967
      },
      "geometry": {
        "type": "Polygon",
        "coordinates": [
          [
            [
              -58.617180478710715,
              -37.6681233092407
            ],
            [
              -58.61584650469427,
              -37.66803492872665
            ],
            [
              -58.61551301119015,
              -37.6677697871845
            ],
            [
              -58.615290682187414,
              -37.6679465482126
            ],
            [
              -58.61406787267234,
              -37.6677697871845
            ],
            [
              -58.61373437916822,
              -37.6679465482126
            ],
            [
              -58.612289240650405,
              -37.66741626512829
            ],
            [
              -58.61139992463944,
              -37.66741626512829
            ],
            [
              -58.608287318601064,
              -37.669714158493626
            ],
            [
              -58.60806498959832,
              -37.670067680549835
            ],
            [
              -58.60806498959832,
              -37.670863105176295
            ],
            [
              -58.608287318601064,
              -37.6710398662044
            ],
            [
              -58.60806498959832,
              -37.6712166272325
            ],
            [
              -58.608176154099695,
              -37.67316099854163
            ],
            [
              -58.60951012811614,
              -37.67386804265405
            ],
            [
              -58.610288279625735,
              -37.67545889190698
            ],
            [
              -58.61173341814355,
              -37.67563565293508
            ],
            [
              -58.61284506315726,
              -37.67545889190698
            ],
            [
              -58.617402807713454,
              -37.67218881288707
            ],
            [
              -58.61751397221482,
              -37.66865359232501
            ],
            [
              -58.617180478710715,
              -37.6681233092407
            ]
          ]
        ]
      }
    },
    {
      "type": "Feature",
      "properties": {
        "id": 406,
        "localidad": "Balcarce",
        "cultivo": "Maiz",
        "area_ha": 78.29,
        "error_pct": 4.8,
        "sam_score": 0.953
      },
      "geometry": {
        "type": "Polygon",
        "coordinates": [
          [
            [
              -58.395171909517984,
              -37.942805020361995
            ],
            [
              -58.39494786282865,
              -37.94315993698232
            ],
            [
              -58.393379536003316,
              -37.9432486661374
            ],
            [
              -58.3906909757313,
              -37.94520070754917
            ],
            [
              -58.389906812318635,
              -37.947862582201594
            ],
            [
              -58.39046692904197,
              -37.94954843614812
            ],
            [
              -58.39158716248864,
              -37.950701915164174
            ],
            [
              -58.39371560603731,
              -37.95176666502514
            ],
            [
              -58.396404166309324,
              -37.95203285249038
            ],
            [
              -58.398756656547334,
              -37.951411748404816
            ],
            [
              -58.40144521681934,
              -37.949282248682884
            ],
            [
              -58.40155724016401,
              -37.9487498737524
            ],
            [
              -58.400997123440675,
              -37.94670910318554
            ],
            [
              -58.40155724016401,
              -37.94617672825506
            ],
            [
              -58.400773076751335,
              -37.94520070754917
            ],
            [
              -58.398644633202665,
              -37.943514853602636
            ],
            [
              -58.395620002896656,
              -37.94333739529248
            ],
            [
              -58.395171909517984,
              -37.94315993698232
            ],
            [
              -58.39539595620732,
              -37.94298247867216
            ],
            [
              -58.395171909517984,
              -37.942805020361995
            ]
          ]
        ]
      }
    },
    {
      "type": "Feature",
      "properties": {
        "id": 407,
        "localidad": "Balcarce",
        "cultivo": "Soja",
        "area_ha": 54.37,
        "error_pct": 13.8,
        "sam_score": 0.939
      },
      "geometry": {
        "type": "Polygon",
        "coordinates": [
          [
            [
              -58.354706230928834,
              -37.96992216932928
            ],
            [
              -58.35212878163549,
              -37.971073377717275
            ],
            [
              -58.352352907661,
              -37.97125048670004
            ],
            [
              -58.35336147477579,
              -37.971339041191435
            ],
            [
              -58.35246497067375,
              -37.97222458610528
            ],
            [
              -58.35179259259723,
              -37.97231314059666
            ],
            [
              -58.356275113107394,
              -37.975235438812355
            ],
            [
              -58.35874049938798,
              -37.97842340050221
            ],
            [
              -58.358964625413485,
              -37.97824629151944
            ],
            [
              -58.35874049938798,
              -37.97727219211421
            ],
            [
              -58.35918875143899,
              -37.977006528640054
            ],
            [
              -58.36042144457929,
              -37.97709508313144
            ],
            [
              -58.36075763361755,
              -37.97736074660559
            ],
            [
              -58.360533507592045,
              -37.97771496457113
            ],
            [
              -58.36098175964306,
              -37.977892073553896
            ],
            [
              -58.360533507592045,
              -37.97842340050221
            ],
            [
              -58.36109382265581,
              -37.97860050948498
            ],
            [
              -58.36277476784712,
              -37.97665231067451
            ],
            [
              -58.36299889387263,
              -37.97532399330374
            ],
            [
              -58.36266270483437,
              -37.97346434898466
            ],
            [
              -58.36165413771958,
              -37.971958922631124
            ],
            [
              -58.35952494047726,
              -37.970453496277585
            ],
            [
              -58.357283680222174,
              -37.96983361483789
            ],
            [
              -58.354706230928834,
              -37.96992216932928
            ]
          ]
        ]
      }
    },
    {
      "type": "Feature",
      "properties": {
        "id": 411,
        "localidad": "Ayacucho",
        "cultivo": "Trigo",
        "area_ha": 52.09,
        "error_pct": 1.2,
        "sam_score": 0.904
      },
      "geometry": {
        "type": "Polygon",
        "coordinates": [
          [
            [
              -58.26665763099335,
              -38.0408457909249
            ],
            [
              -58.26632112079501,
              -38.041023249235025
            ],
            [
              -58.265984610596675,
              -38.04066833261477
            ],
            [
              -58.2610491276877,
              -38.04057960345971
            ],
            [
              -58.259030066497665,
              -38.0408457909249
            ],
            [
              -58.25880572636544,
              -38.041023249235025
            ],
            [
              -58.258917896431555,
              -38.04128943670021
            ],
            [
              -58.25824487603487,
              -38.041644353320464
            ],
            [
              -58.2584692161671,
              -38.04199926994071
            ],
            [
              -58.25813270596876,
              -38.042265457405904
            ],
            [
              -58.2584692161671,
              -38.04270910318122
            ],
            [
              -58.25824487603487,
              -38.04315274895653
            ],
            [
              -58.2584692161671,
              -38.04333020726665
            ],
            [
              -58.25813270596876,
              -38.0436851238869
            ],
            [
              -58.25835704610099,
              -38.044040040507156
            ],
            [
              -58.25824487603487,
              -38.04510479036791
            ],
            [
              -58.25869355629933,
              -38.046169540228654
            ],
            [
              -58.260039597092685,
              -38.04705683177928
            ],
            [
              -58.26587244053056,
              -38.04705683177928
            ],
            [
              -58.26632112079501,
              -38.04643572769385
            ],
            [
              -58.26699414119169,
              -38.04625826938372
            ],
            [
              -58.267106311257805,
              -38.0415556241654
            ],
            [
              -58.26665763099335,
              -38.0408457909249
            ]
          ]
        ]
      }
    },
    {
      "type": "Feature",
      "properties": {
        "id": 412,
        "localidad": "Ayacucho",
        "cultivo": "Maiz",
        "area_ha": 79.29,
        "error_pct": 6.0,
        "sam_score": 0.927
      },
      "geometry": {
        "type": "Polygon",
        "coordinates": [
          [
            [
              -58.24889076665343,
              -38.029490874305104
            ],
            [
              -58.24788138768414,
              -38.02922468683991
            ],
            [
              -58.24451679111982,
              -38.02922468683991
            ],
            [
              -58.24406817824458,
              -38.02869231190952
            ],
            [
              -58.24227372674361,
              -38.02931341599498
            ],
            [
              -58.24204942030599,
              -38.029135957684844
            ],
            [
              -58.24160080743075,
              -38.02957960346017
            ],
            [
              -58.238909130179294,
              -38.0297570617703
            ],
            [
              -58.23868482374168,
              -38.02993452008043
            ],
            [
              -58.23913343661692,
              -38.030289436700684
            ],
            [
              -58.23834836408525,
              -38.030644353320945
            ],
            [
              -58.23868482374168,
              -38.030999269941205
            ],
            [
              -58.23823621086643,
              -38.031354186561465
            ],
            [
              -58.23868482374168,
              -38.03170910318172
            ],
            [
              -58.23834836408525,
              -38.03197529064692
            ],
            [
              -58.238460517304055,
              -38.034548436143794
            ],
            [
              -58.23902128339811,
              -38.036500477555215
            ],
            [
              -58.241040041336696,
              -38.0370328524856
            ],
            [
              -58.24148865421194,
              -38.036855394175475
            ],
            [
              -58.24193726708718,
              -38.037299039950796
            ],
            [
              -58.24227372674361,
              -38.03712158164067
            ],
            [
              -58.242834492837666,
              -38.03738776910586
            ],
            [
              -58.246872008714845,
              -38.03721031079573
            ],
            [
              -58.247320621590084,
              -38.036855394175475
            ],
            [
              -58.247657081246516,
              -38.0370328524856
            ],
            [
              -58.24821784734057,
              -38.03658920671028
            ],
            [
              -58.248554306997,
              -38.03667793586534
            ],
            [
              -58.249115073091055,
              -38.0355244568495
            ],
            [
              -58.24900291987225,
              -38.03383860290327
            ],
            [
              -58.24933937952868,
              -38.032152748957046
            ],
            [
              -58.24933937952868,
              -38.03046689501082
            ],
            [
              -58.24889076665343,
              -38.029490874305104
            ]
          ]
        ]
      }
    },
    {
      "type": "Feature",
      "properties": {
        "id": 413,
        "localidad": "Ayacucho",
        "cultivo": "Soja",
        "area_ha": 53.46,
        "error_pct": 2.8,
        "sam_score": 0.921
      },
      "geometry": {
        "type": "Polygon",
        "coordinates": [
          [
            [
              -58.19876954347834,
              -38.03620070754537
            ],
            [
              -58.19832089384991,
              -38.036289436700436
            ],
            [
              -58.197984406628585,
              -38.035757061770056
            ],
            [
              -58.195404671265095,
              -38.03549087430486
            ],
            [
              -58.19114249979498,
              -38.035757061770056
            ],
            [
              -58.19080601257365,
              -38.03602324923524
            ],
            [
              -58.19091817498076,
              -38.03620070754537
            ],
            [
              -58.19024520053811,
              -38.03664435332069
            ],
            [
              -58.19046952535233,
              -38.03699926994094
            ],
            [
              -58.190133038131,
              -38.037265457406136
            ],
            [
              -58.19035736294522,
              -38.03762037402639
            ],
            [
              -58.19035736294522,
              -38.04010479036817
            ],
            [
              -58.19080601257365,
              -38.041346998539055
            ],
            [
              -58.192151961458954,
              -38.04214556093463
            ],
            [
              -58.1941708847869,
              -38.04214556093463
            ],
            [
              -58.194507372008225,
              -38.042323019244755
            ],
            [
              -58.19787224422148,
              -38.04214556093463
            ],
            [
              -58.19832089384991,
              -38.04161318600425
            ],
            [
              -58.198657381071236,
              -38.041790644314375
            ],
            [
              -58.19899386829256,
              -38.04143572769412
            ],
            [
              -58.19921819310677,
              -38.039394957127655
            ],
            [
              -58.19910603069967,
              -38.03655562416562
            ],
            [
              -58.19876954347834,
              -38.03620070754537
            ]
          ]
        ]
      }
    },
    {
      "type": "Feature",
      "properties": {
        "id": 414,
        "localidad": "Ayacucho",
        "cultivo": "Trigo",
        "area_ha": 39.81,
        "error_pct": 3.1,
        "sam_score": 0.99
      },
      "geometry": {
        "type": "Polygon",
        "coordinates": [
          [
            [
              -58.22124892218146,
              -38.06406182712758
            ],
            [
              -58.220461929606024,
              -38.0641507316367
            ],
            [
              -58.220124647073696,
              -38.06441744516406
            ],
            [
              -58.21933765449827,
              -38.0641507316367
            ],
            [
              -58.217988524368955,
              -38.0645952541823
            ],
            [
              -58.21675182175042,
              -38.06557320378262
            ],
            [
              -58.216189684196536,
              -38.06664005789205
            ],
            [
              -58.216077256685764,
              -38.06770691200149
            ],
            [
              -58.21641453921809,
              -38.06859595709268
            ],
            [
              -58.21753881432585,
              -38.06966281120212
            ],
            [
              -58.21900037196594,
              -38.070462951784194
            ],
            [
              -58.22102406715991,
              -38.070551856293314
            ],
            [
              -58.221698632224566,
              -38.070374047275074
            ],
            [
              -58.223947182440085,
              -38.06877376611092
            ],
            [
              -58.22428446497241,
              -38.06806253003797
            ],
            [
              -58.22439689248319,
              -38.06726238945589
            ],
            [
              -58.22383475492931,
              -38.06575101280086
            ],
            [
              -58.222485624799994,
              -38.0645952541823
            ],
            [
              -58.22124892218146,
              -38.06406182712758
            ]
          ]
        ]
      }
    },
    {
      "type": "Feature",
      "properties": {
        "id": 417,
        "localidad": "Balcarce",
        "cultivo": "Maiz",
        "area_ha": 32.52,
        "error_pct": 12.4,
        "sam_score": 0.995
      },
      "geometry": {
        "type": "Polygon",
        "coordinates": [
          [
            [
              -58.136338275676195,
              -37.994884018112174
            ],
            [
              -58.13577666740398,
              -37.995061827130435
            ],
            [
              -58.13386719927846,
              -37.99648429927656
            ],
            [
              -58.13353023431514,
              -37.99719553534962
            ],
            [
              -58.13353023431514,
              -37.998440198477475
            ],
            [
              -58.13375487762402,
              -37.99888472102314
            ],
            [
              -58.13577666740398,
              -38.00066281120579
            ],
            [
              -58.13701220560285,
              -38.00146295178799
            ],
            [
              -58.14071882019945,
              -37.99879581651401
            ],
            [
              -58.140831141853894,
              -37.99817348495008
            ],
            [
              -58.14049417689057,
              -37.99648429927656
            ],
            [
              -58.13948328200058,
              -37.9955063496761
            ],
            [
              -58.137686135529506,
              -37.994884018112174
            ],
            [
              -58.136338275676195,
              -37.994884018112174
            ]
          ]
        ]
      }
    },
    {
      "type": "Feature",
      "properties": {
        "id": 420,
        "localidad": "Balcarce",
        "cultivo": "Soja",
        "area_ha": 30.19,
        "error_pct": 2.6,
        "sam_score": 0.883
      },
      "geometry": {
        "type": "Polygon",
        "coordinates": [
          [
            [
              -58.20904293955001,
              -37.94873308247952
            ],
            [
              -58.20803269174055,
              -37.948378165859204
            ],
            [
              -58.20354270147626,
              -37.948378165859204
            ],
            [
              -58.20286920293662,
              -37.948555624169366
            ],
            [
              -58.2026447034234,
              -37.94873308247952
            ],
            [
              -58.202756953180014,
              -37.94891054078968
            ],
            [
              -58.202083454640366,
              -37.94935418656508
            ],
            [
              -58.2025324536668,
              -37.949620374030324
            ],
            [
              -58.202083454640366,
              -37.94997529065065
            ],
            [
              -58.20242020391019,
              -37.950330207270966
            ],
            [
              -58.202083454640366,
              -37.95059639473621
            ],
            [
              -58.202083454640366,
              -37.95104004051161
            ],
            [
              -58.2025324536668,
              -37.95157241544209
            ],
            [
              -58.20242020391019,
              -37.95183860290733
            ],
            [
              -58.202756953180014,
              -37.95219351952765
            ],
            [
              -58.2026447034234,
              -37.95245970699289
            ],
            [
              -58.203093702449834,
              -37.952725894458126
            ],
            [
              -58.204103950259295,
              -37.95290335276829
            ],
            [
              -58.20488969855555,
              -37.95334699854369
            ],
            [
              -58.20792044198394,
              -37.95334699854369
            ],
            [
              -58.20836944101037,
              -37.95281462361321
            ],
            [
              -58.20904293955001,
              -37.95254843614797
            ],
            [
              -58.20904293955001,
              -37.94873308247952
            ]
          ]
        ]
      }
    },
    {
      "type": "Feature",
      "properties": {
        "id": 422,
        "localidad": "Balcarce",
        "cultivo": "Trigo",
        "area_ha": 54.1,
        "error_pct": 4.9,
        "sam_score": 0.976
      },
      "geometry": {
        "type": "Polygon",
        "coordinates": [
          [
            [
              -58.16290992097012,
              -37.92540214515421
            ],
            [
              -58.16066559777308,
              -37.92540214515421
            ],
            [
              -58.15909457153516,
              -37.925934520084716
            ],
            [
              -58.15808462609649,
              -37.926910540790644
            ],
            [
              -58.157299112977526,
              -37.9282414781169
            ],
            [
              -58.15718689681768,
              -37.92948368628808
            ],
            [
              -58.15786019377679,
              -37.930992081924515
            ],
            [
              -58.15920678769501,
              -37.93205683178552
            ],
            [
              -58.16122667857235,
              -37.93285539418128
            ],
            [
              -58.16347100176938,
              -37.9327666650262
            ],
            [
              -58.16627640576568,
              -37.930903352769434
            ],
            [
              -58.166837486564944,
              -37.92983860290842
            ],
            [
              -58.16672527040509,
              -37.92833020727199
            ],
            [
              -58.16616418960583,
              -37.927265457410975
            ],
            [
              -58.164032082568646,
              -37.92575706177455
            ],
            [
              -58.16290992097012,
              -37.92540214515421
            ]
          ]
        ]
      }
    },
    {
      "type": "Feature",
      "properties": {
        "id": 423,
        "localidad": "Balcarce",
        "cultivo": "Maiz",
        "area_ha": 41.04,
        "error_pct": 8.9,
        "sam_score": 0.942
      },
      "geometry": {
        "type": "Polygon",
        "coordinates": [
          [
            [
              -58.206411049822385,
              -37.87575706177658
            ],
            [
              -58.2047322750321,
              -37.876111978396956
            ],
            [
              -58.203725010157925,
              -37.87602324924186
            ],
            [
              -58.20350117351922,
              -37.87584579093168
            ],
            [
              -58.201150888812826,
              -37.87797529065392
            ],
            [
              -58.201150888812826,
              -37.87886258220486
            ],
            [
              -58.20159856209023,
              -37.87939495713542
            ],
            [
              -58.20159856209023,
              -37.88063716530673
            ],
            [
              -58.202158153686995,
              -37.88143572770257
            ],
            [
              -58.2023819903257,
              -37.88125826939239
            ],
            [
              -58.20338925519987,
              -37.88214556094332
            ],
            [
              -58.2047322750321,
              -37.882500477563696
            ],
            [
              -58.20652296814173,
              -37.882500477563696
            ],
            [
              -58.20898517116749,
              -37.88081462361692
            ],
            [
              -58.20932092612554,
              -37.88001606122108
            ],
            [
              -58.2094328444449,
              -37.879217498825234
            ],
            [
              -58.20909708948684,
              -37.877886561498826
            ],
            [
              -58.206411049822385,
              -37.87575706177658
            ]
          ]
        ]
      }
    },
    {
      "type": "Feature",
      "properties": {
        "id": 428,
        "localidad": "Balcarce",
        "cultivo": "Soja",
        "area_ha": 70.9,
        "error_pct": 17.3,
        "sam_score": 0.996
      },
      "geometry": {
        "type": "Polygon",
        "coordinates": [
          [
            [
              -57.93343236365056,
              -37.725209752241675
            ],
            [
              -57.931077540020894,
              -37.72431894666451
            ],
            [
              -57.928274178557,
              -37.724497107779946
            ],
            [
              -57.92670429613722,
              -37.725209752241675
            ],
            [
              -57.92491014480033,
              -37.72681320228057
            ],
            [
              -57.924461606966105,
              -37.728505732877174
            ],
            [
              -57.92468587588321,
              -37.73019826347379
            ],
            [
              -57.92614362384444,
              -37.73197987462811
            ],
            [
              -57.92771350626422,
              -37.73295976076299
            ],
            [
              -57.93062900218667,
              -37.73304884132071
            ],
            [
              -57.931974615689334,
              -37.73278159964756
            ],
            [
              -57.933656632567676,
              -37.73197987462811
            ],
            [
              -57.93466584269468,
              -37.73099998849323
            ],
            [
              -57.933320229192006,
              -37.72912929678119
            ],
            [
              -57.935450783904564,
              -37.72788216897317
            ],
            [
              -57.935450783904564,
              -37.72743676618458
            ],
            [
              -57.93466584269468,
              -37.72618963837655
            ],
            [
              -57.93343236365056,
              -37.725209752241675
            ]
          ]
        ]
      }
    },
    {
      "type": "Feature",
      "properties": {
        "id": 429,
        "localidad": "Tandil",
        "cultivo": "Trigo",
        "area_ha": 49.09,
        "error_pct": 9.1,
        "sam_score": 0.992
      },
      "geometry": {
        "type": "Polygon",
        "coordinates": [
          [
            [
              -58.473900645192366,
              -37.58345349629307
            ],
            [
              -58.47245429193315,
              -37.58354205078452
            ],
            [
              -58.471007938673935,
              -37.58407337773326
            ],
            [
              -58.46978410130075,
              -37.585136031630746
            ],
            [
              -58.46911655364266,
              -37.586641457985515
            ],
            [
              -58.469227811585675,
              -37.58796977535737
            ],
            [
              -58.47000661718679,
              -37.58920953823777
            ],
            [
              -58.47123045455997,
              -37.590095083152335
            ],
            [
              -58.47301058164823,
              -37.59062641010108
            ],
            [
              -58.47401190313538,
              -37.59062641010108
            ],
            [
              -58.475458256394596,
              -37.59027219213525
            ],
            [
              -58.47679335171079,
              -37.589563756203596
            ],
            [
              -58.47768341525492,
              -37.588589656797566
            ],
            [
              -58.47812844702699,
              -37.58734989391717
            ],
            [
              -58.47790593114095,
              -37.5858444675624
            ],
            [
              -58.477238383482856,
              -37.58487036815637
            ],
            [
              -58.475903288166656,
              -37.58389626875035
            ],
            [
              -58.473900645192366,
              -37.58345349629307
            ]
          ]
        ]
      }
    },
    {
      "type": "Feature",
      "properties": {
        "id": 430,
        "localidad": "Balcarce",
        "cultivo": "Maiz",
        "area_ha": 48.73,
        "error_pct": 7.2,
        "sam_score": 0.995
      },
      "geometry": {
        "type": "Polygon",
        "coordinates": [
          [
            [
              -58.53223456885803,
              -37.63080771425698
            ],
            [
              -58.53067597298713,
              -37.63080771425698
            ],
            [
              -58.52945136194572,
              -37.631161932222774
            ],
            [
              -58.52778143779834,
              -37.6323131406116
            ],
            [
              -58.52711346813938,
              -37.63346434900043
            ],
            [
              -58.52711346813938,
              -37.63523543882939
            ],
            [
              -58.527558781245354,
              -37.63612098374387
            ],
            [
              -58.52922870539274,
              -37.637449301115595
            ],
            [
              -58.53134394264609,
              -37.637980628064284
            ],
            [
              -58.532568553687504,
              -37.637892073572836
            ],
            [
              -58.534015821281905,
              -37.63736074662415
            ],
            [
              -58.535574417152795,
              -37.635943874760976
            ],
            [
              -58.536019730258765,
              -37.63461555738925
            ],
            [
              -58.53579707370578,
              -37.63319868552608
            ],
            [
              -58.53535176059981,
              -37.6324902495945
            ],
            [
              -58.53390449300541,
              -37.63133904120567
            ],
            [
              -58.53223456885803,
              -37.63080771425698
            ]
          ]
        ]
      }
    },
    {
      "type": "Feature",
      "properties": {
        "id": 431,
        "localidad": "Balcarce",
        "cultivo": "Soja",
        "area_ha": 30.62,
        "error_pct": 19.7,
        "sam_score": 0.934
      },
      "geometry": {
        "type": "Polygon",
        "coordinates": [
          [
            [
              -58.54744912093229,
              -37.636769787185735
            ],
            [
              -58.54655842279606,
              -37.63756521181225
            ],
            [
              -58.55000987807396,
              -37.6411888128886
            ],
            [
              -58.552236623414544,
              -37.64313318419786
            ],
            [
              -58.55268197248266,
              -37.64295642316974
            ],
            [
              -58.55279330974969,
              -37.64269128162757
            ],
            [
              -58.553238658817804,
              -37.64269128162757
            ],
            [
              -58.55457470602215,
              -37.64198423751511
            ],
            [
              -58.55446336875512,
              -37.64021662723397
            ],
            [
              -58.55357267061889,
              -37.63871415849499
            ],
            [
              -58.55357267061889,
              -37.63827225592471
            ],
            [
              -58.553238658817804,
              -37.63800711438254
            ],
            [
              -58.55357267061889,
              -37.63765359232631
            ],
            [
              -58.55156859981237,
              -37.63668140667168
            ],
            [
              -58.55012121534099,
              -37.636416265129505
            ],
            [
              -58.54744912093229,
              -37.636769787185735
            ]
          ]
        ]
      }
    },
    {
      "type": "Feature",
      "properties": {
        "id": 434,
        "localidad": "Tandil",
        "cultivo": "Trigo",
        "area_ha": 51.22,
        "error_pct": 5.8,
        "sam_score": 0.992
      },
      "geometry": {
        "type": "Polygon",
        "coordinates": [
          [
            [
              -58.56006790027226,
              -37.587974362561084
            ],
            [
              -58.55795801884124,
              -37.588681406673615
            ],
            [
              -58.55684755493018,
              -37.589741972842404
            ],
            [
              -58.55640336936576,
              -37.590714158497136
            ],
            [
              -58.55662546214797,
              -37.59283529083472
            ],
            [
              -58.55762487966793,
              -37.594072618031646
            ],
            [
              -58.5590684827523,
              -37.594956423172306
            ],
            [
              -58.56106731779221,
              -37.59530994522857
            ],
            [
              -58.56173359613884,
              -37.59513318420044
            ],
            [
              -58.56239987448548,
              -37.59522156471451
            ],
            [
              -58.563621384787645,
              -37.594514520601976
            ],
            [
              -58.56506498787203,
              -37.59327719340505
            ],
            [
              -58.565509173436446,
              -37.59195148569406
            ],
            [
              -58.56539812704534,
              -37.590449016954935
            ],
            [
              -58.56439870952539,
              -37.589123309243945
            ],
            [
              -58.563399292005435,
              -37.58850464564548
            ],
            [
              -58.56173359613884,
              -37.587974362561084
            ],
            [
              -58.56006790027226,
              -37.587974362561084
            ]
          ]
        ]
      }
    },
    {
      "type": "Feature",
      "properties": {
        "id": 436,
        "localidad": "Tandil",
        "cultivo": "Maiz",
        "area_ha": 39.02,
        "error_pct": 0.8,
        "sam_score": 0.991
      },
      "geometry": {
        "type": "Polygon",
        "coordinates": [
          [
            [
              -58.55117774998295,
              -37.5872116897581
            ],
            [
              -58.54940105547144,
              -37.5872116897581
            ],
            [
              -58.54784644777388,
              -37.5877419728425
            ],
            [
              -58.54673601370419,
              -37.5888025390113
            ],
            [
              -58.546291840076314,
              -37.58986310518009
            ],
            [
              -58.54640288348328,
              -37.591277193405155
            ],
            [
              -58.5470691439251,
              -37.59233775957396
            ],
            [
              -58.54840166480872,
              -37.59330994522869
            ],
            [
              -58.54951209887842,
              -37.59357508677089
            ],
            [
              -58.550622532948104,
              -37.59357508677089
            ],
            [
              -58.5520660972387,
              -37.59304480368649
            ],
            [
              -58.55373174834323,
              -37.59180747648956
            ],
            [
              -58.554286965378076,
              -37.590835290834825
            ],
            [
              -58.55406487856414,
              -37.5890676805535
            ],
            [
              -58.5535096615293,
              -37.588272255926896
            ],
            [
              -58.552621314273544,
              -37.58765359232843
            ],
            [
              -58.55117774998295,
              -37.5872116897581
            ]
          ]
        ]
      }
    },
    {
      "type": "Feature",
      "properties": {
        "id": 437,
        "localidad": "Tandil",
        "cultivo": "Soja",
        "area_ha": 51.12,
        "error_pct": 3.1,
        "sam_score": 0.989
      },
      "geometry": {
        "type": "Polygon",
        "coordinates": [
          [
            [
              -58.540013279217156,
              -37.58727638730998
            ],
            [
              -58.53767673684529,
              -37.58736494180144
            ],
            [
              -58.53667536154306,
              -37.58771915976726
            ],
            [
              -58.53534019447342,
              -37.58869325917328
            ],
            [
              -58.5346726109386,
              -37.589933022053664
            ],
            [
              -58.53456134701613,
              -37.59126133942551
            ],
            [
              -58.53511766662848,
              -37.59276676578027
            ],
            [
              -58.53667536154306,
              -37.59400652866066
            ],
            [
              -58.53778800076776,
              -37.59444930111793
            ],
            [
              -58.540347070984566,
              -37.59444930111793
            ],
            [
              -58.54201602982162,
              -37.59365231069483
            ],
            [
              -58.54312866904632,
              -37.59258965679735
            ],
            [
              -58.54379625258114,
              -37.59117278493405
            ],
            [
              -58.54379625258114,
              -37.59011013103658
            ],
            [
              -58.54268361335644,
              -37.588516150190365
            ],
            [
              -58.54223855766656,
              -37.588161932224544
            ],
            [
              -58.540013279217156,
              -37.58727638730998
            ]
          ]
        ]
      }
    },
    {
      "type": "Feature",
      "properties": {
        "id": 438,
        "localidad": "Tandil",
        "cultivo": "Trigo",
        "area_ha": 48.77,
        "error_pct": 10.2,
        "sam_score": 0.989
      },
      "geometry": {
        "type": "Polygon",
        "coordinates": [
          [
            [
              -58.530345709723214,
              -37.59036494180132
            ],
            [
              -58.52889922042132,
              -37.590453496292774
            ],
            [
              -58.525004826147004,
              -37.59328724001936
            ],
            [
              -58.525004826147004,
              -37.59470411188265
            ],
            [
              -58.525338631370516,
              -37.5955896567972
            ],
            [
              -58.52678512067241,
              -37.59691797416904
            ],
            [
              -58.52889922042132,
              -37.59762641010069
            ],
            [
              -58.530345709723214,
              -37.59762641010069
            ],
            [
              -58.53212600424862,
              -37.59700652866049
            ],
            [
              -58.53301615151132,
              -37.59638664722031
            ],
            [
              -58.533795030366186,
              -37.59550110230575
            ],
            [
              -58.5341288355897,
              -37.59443844840828
            ],
            [
              -58.53401756718186,
              -37.59311013103645
            ],
            [
              -58.53334995673484,
              -37.591870368156066
            ],
            [
              -58.53212600424862,
              -37.59089626875006
            ],
            [
              -58.530345709723214,
              -37.59036494180132
            ]
          ]
        ]
      }
    },
    {
      "type": "Feature",
      "properties": {
        "id": 443,
        "localidad": "Balcarce",
        "cultivo": "Maiz",
        "area_ha": 40.22,
        "error_pct": 2.1,
        "sam_score": 0.981
      },
      "geometry": {
        "type": "Polygon",
        "coordinates": [
          [
            [
              -58.43801196659261,
              -37.907073377719925
            ],
            [
              -58.43633579727753,
              -37.90725048670272
            ],
            [
              -58.43533009568848,
              -37.9076932591597
            ],
            [
              -58.43410090485742,
              -37.90875591305646
            ],
            [
              -58.433653926373395,
              -37.90981856695322
            ],
            [
              -58.433653926373395,
              -37.91088122084999
            ],
            [
              -58.434324394099434,
              -37.91212098372954
            ],
            [
              -58.43555358493049,
              -37.9130950831349
            ],
            [
              -58.43711800962457,
              -37.91362641008328
            ],
            [
              -58.43812371121362,
              -37.91362641008328
            ],
            [
              -58.43857068969764,
              -37.913360746609094
            ],
            [
              -58.440023369770714,
              -37.91300652864351
            ],
            [
              -58.441140815980766,
              -37.912209538220935
            ],
            [
              -58.441811283706805,
              -37.91096977534138
            ],
            [
              -58.441811283706805,
              -37.90973001246183
            ],
            [
              -58.44136430522278,
              -37.90875591305646
            ],
            [
              -58.43957639128669,
              -37.90742759568551
            ],
            [
              -58.43801196659261,
              -37.907073377719925
            ]
          ]
        ]
      }
    },
    {
      "type": "Feature",
      "properties": {
        "id": 444,
        "localidad": "Balcarce",
        "cultivo": "Soja",
        "area_ha": 35.28,
        "error_pct": 19.1,
        "sam_score": 0.982
      },
      "geometry": {
        "type": "Polygon",
        "coordinates": [
          [
            [
              -58.3009726813442,
              -37.951845790928566
            ],
            [
              -58.300300477227175,
              -37.95166833261841
            ],
            [
              -58.29951623909064,
              -37.951757061773485
            ],
            [
              -58.29615521850551,
              -37.953797832340314
            ],
            [
              -58.29593115046651,
              -37.953797832340314
            ],
            [
              -58.29503487831047,
              -37.95459639473603
            ],
            [
              -58.29503487831047,
              -37.95539495713174
            ],
            [
              -58.29548301438849,
              -37.956282248682534
            ],
            [
              -58.29671538860303,
              -37.957346998543485
            ],
            [
              -58.297499626739565,
              -37.9577019151638
            ],
            [
              -58.2983958988956,
              -37.957879373473965
            ],
            [
              -58.30052454526618,
              -37.957790644318884
            ],
            [
              -58.302205055558744,
              -37.95681462361301
            ],
            [
              -58.302877259675775,
              -37.95592733206222
            ],
            [
              -58.30310132771478,
              -37.95521749882158
            ],
            [
              -58.30310132771478,
              -37.95415274896063
            ],
            [
              -58.302541157617256,
              -37.9529992699446
            ],
            [
              -58.3009726813442,
              -37.951845790928566
            ]
          ]
        ]
      }
    },
    {
      "type": "Feature",
      "properties": {
        "id": 445,
        "localidad": "Balcarce",
        "cultivo": "Trigo",
        "area_ha": 61.68,
        "error_pct": 15.5,
        "sam_score": 0.968
      },
      "geometry": {
        "type": "Polygon",
        "coordinates": [
          [
            [
              -58.25753167882043,
              -37.917402145154526
            ],
            [
              -58.25506807031052,
              -37.917402145154526
            ],
            [
              -58.25473212369553,
              -37.91784579092996
            ],
            [
              -58.254284194875545,
              -37.917490874309614
            ],
            [
              -58.25316437282559,
              -37.9175796034647
            ],
            [
              -58.25103671093066,
              -37.91891054079099
            ],
            [
              -58.250252835495694,
              -37.91899926994607
            ],
            [
              -58.24902103124074,
              -37.91988656149693
            ],
            [
              -58.24890904903574,
              -37.92210479037407
            ],
            [
              -58.25226851518562,
              -37.9250328524919
            ],
            [
              -58.25316437282559,
              -37.92485539418173
            ],
            [
              -58.253500319440576,
              -37.92450047756139
            ],
            [
              -58.25596392795049,
              -37.9244117484063
            ],
            [
              -58.25573996354049,
              -37.92467793587156
            ],
            [
              -58.25607591015548,
              -37.924944123336815
            ],
            [
              -58.25685978559046,
              -37.924944123336815
            ],
            [
              -58.25943537630536,
              -37.92281462361476
            ],
            [
              -58.25943537630536,
              -37.92050766558253
            ],
            [
              -58.25988330512534,
              -37.91962037403167
            ],
            [
              -58.25753167882043,
              -37.917402145154526
            ]
          ]
        ]
      }
    },
    {
      "type": "Feature",
      "properties": {
        "id": 446,
        "localidad": "Ayacucho",
        "cultivo": "Maiz",
        "area_ha": 72.68,
        "error_pct": 12.0,
        "sam_score": 0.919
      },
      "geometry": {
        "type": "Polygon",
        "coordinates": [
          [
            [
              -58.26198546781557,
              -38.060781041063336
            ],
            [
              -58.25525333253412,
              -38.060958499373456
            ],
            [
              -58.2542435122419,
              -38.061135957683575
            ],
            [
              -58.25413130998721,
              -38.06149087430381
            ],
            [
              -58.25323369194968,
              -38.06202324923416
            ],
            [
              -58.253570298713754,
              -38.06228943669934
            ],
            [
              -58.25312148969499,
              -38.06264435331957
            ],
            [
              -58.25334589420437,
              -38.06299926993981
            ],
            [
              -58.2530092874403,
              -38.0634429157151
            ],
            [
              -58.25334589420437,
              -38.06370910318027
            ],
            [
              -58.2530092874403,
              -38.06406401980051
            ],
            [
              -58.253682500968445,
              -38.06663716529721
            ],
            [
              -58.25401910773252,
              -38.06690335276239
            ],
            [
              -58.253794703223136,
              -38.06725826938262
            ],
            [
              -58.25469232126066,
              -38.06743572769274
            ],
            [
              -58.254916725770045,
              -38.06805683177815
            ],
            [
              -58.25659975959041,
              -38.0681455609332
            ],
            [
              -58.25704856860917,
              -38.0685892067085
            ],
            [
              -58.25727297311855,
              -38.06841174839838
            ],
            [
              -58.25783398439201,
              -38.068766665018615
            ],
            [
              -58.2628830858531,
              -38.068855394173674
            ],
            [
              -58.2641173106547,
              -38.0685892067085
            ],
            [
              -58.263892906145315,
              -38.06610479036686
            ],
            [
              -58.26321969261717,
              -38.065040040506155
            ],
            [
              -58.26321969261717,
              -38.0634429157151
            ],
            [
              -58.262546479089025,
              -38.0623781658544
            ],
            [
              -58.262546479089025,
              -38.061224686838635
            ],
            [
              -58.26198546781557,
              -38.060781041063336
            ]
          ]
        ]
      }
    },
    {
      "type": "Feature",
      "properties": {
        "id": 448,
        "localidad": "Balcarce",
        "cultivo": "Soja",
        "area_ha": 53.77,
        "error_pct": 4.5,
        "sam_score": 0.897
      },
      "geometry": {
        "type": "Polygon",
        "coordinates": [
          [
            [
              -58.01693793569178,
              -37.89197292262557
            ],
            [
              -58.01503114242778,
              -37.89161730458896
            ],
            [
              -58.00908643401648,
              -37.891795113607266
            ],
            [
              -58.00874994108754,
              -37.89206182713472
            ],
            [
              -58.008862105397185,
              -37.89232854066218
            ],
            [
              -58.007964790920006,
              -37.89259525418963
            ],
            [
              -58.008076955229654,
              -37.89312868124455
            ],
            [
              -58.00785262661036,
              -37.89330649026285
            ],
            [
              -58.008076955229654,
              -37.893573203790304
            ],
            [
              -58.00785262661036,
              -37.89401772633607
            ],
            [
              -58.008076955229654,
              -37.89455115339098
            ],
            [
              -58.00785262661036,
              -37.89472896240928
            ],
            [
              -58.008076955229654,
              -37.894906771427586
            ],
            [
              -58.008076955229654,
              -37.89650705259232
            ],
            [
              -58.00874994108754,
              -37.89695157513808
            ],
            [
              -58.00863777677789,
              -37.89721828866554
            ],
            [
              -58.00931076263577,
              -37.89757390670215
            ],
            [
              -58.00953509125507,
              -37.897485002192994
            ],
            [
              -58.0100959128033,
              -37.898018429247905
            ],
            [
              -58.010432405732246,
              -37.8978406202296
            ],
            [
              -58.01110539159013,
              -37.89810733375706
            ],
            [
              -58.01671360707248,
              -37.898018429247905
            ],
            [
              -58.01705010000143,
              -37.89730719317469
            ],
            [
              -58.01705010000143,
              -37.895173484955045
            ],
            [
              -58.01727442862072,
              -37.89472896240928
            ],
            [
              -58.01705010000143,
              -37.894373344372674
            ],
            [
              -58.01727442862072,
              -37.89330649026285
            ],
            [
              -58.01693793569178,
              -37.89197292262557
            ]
          ]
        ]
      }
    },
    {
      "type": "Feature",
      "properties": {
        "id": 449,
        "localidad": "Balcarce",
        "cultivo": "Trigo",
        "area_ha": 34.48,
        "error_pct": 2.1,
        "sam_score": 0.897
      },
      "geometry": {
        "type": "Polygon",
        "coordinates": [
          [
            [
              -58.01969562752643,
              -37.92036779948385
            ],
            [
              -58.019245908980814,
              -37.92072412171457
            ],
            [
              -58.01947076825362,
              -37.92090228282993
            ],
            [
              -58.019021049708,
              -37.92143676617601
            ],
            [
              -58.019245908980814,
              -37.921614927291365
            ],
            [
              -58.019133479344404,
              -37.923218377329604
            ],
            [
              -58.01947076825362,
              -37.9245545856948
            ],
            [
              -58.02104478316328,
              -37.925356310713916
            ],
            [
              -58.024530101891834,
              -37.925445391271595
            ],
            [
              -58.025879257528686,
              -37.925890794059995
            ],
            [
              -58.0262165464379,
              -37.925356310713916
            ],
            [
              -58.0261041168015,
              -37.92054596059921
            ],
            [
              -58.02542953898307,
              -37.92018963836849
            ],
            [
              -58.02284365734576,
              -37.92010055781081
            ],
            [
              -58.01969562752643,
              -37.92036779948385
            ]
          ]
        ]
      }
    },
    {
      "type": "Feature",
      "properties": {
        "id": 451,
        "localidad": "Balcarce",
        "cultivo": "Maiz",
        "area_ha": 36.82,
        "error_pct": 9.6,
        "sam_score": 0.911
      },
      "geometry": {
        "type": "Polygon",
        "coordinates": [
          [
            [
              -58.031645570123075,
              -37.92901147725276
            ],
            [
              -58.03130890790587,
              -37.929278718925794
            ],
            [
              -58.03130890790587,
              -37.93034768561793
            ],
            [
              -58.031645570123075,
              -37.93150573286775
            ],
            [
              -58.031421128644936,
              -37.931862055098456
            ],
            [
              -58.03097224568866,
              -37.932040216213814
            ],
            [
              -58.031645570123075,
              -37.932931021790594
            ],
            [
              -58.03276777751377,
              -37.93337642457898
            ],
            [
              -58.03489997155608,
              -37.933821827367375
            ],
            [
              -58.03680772412025,
              -37.9353361968479
            ],
            [
              -58.038042152250014,
              -37.93506895517487
            ],
            [
              -58.03860325594536,
              -37.934623552386476
            ],
            [
              -58.03916435964071,
              -37.933732746809696
            ],
            [
              -58.03905213890164,
              -37.932040216213814
            ],
            [
              -58.03871547668443,
              -37.9316838939831
            ],
            [
              -58.03860325594536,
              -37.92981320227186
            ],
            [
              -58.037929931510945,
              -37.92936779948347
            ],
            [
              -58.03725660707653,
              -37.92936779948347
            ],
            [
              -58.03669550338119,
              -37.929100557810436
            ],
            [
              -58.03489997155608,
              -37.92901147725276
            ],
            [
              -58.033777764165386,
              -37.929278718925794
            ],
            [
              -58.03310443973098,
              -37.92865515502205
            ],
            [
              -58.03254333603563,
              -37.92856607446437
            ],
            [
              -58.03209445307935,
              -37.92901147725276
            ],
            [
              -58.031645570123075,
              -37.92901147725276
            ]
          ]
        ]
      }
    },
    {
      "type": "Feature",
      "properties": {
        "id": 452,
        "localidad": "Balcarce",
        "cultivo": "Soja",
        "area_ha": 54.01,
        "error_pct": 3.0,
        "sam_score": 0.965
      },
      "geometry": {
        "type": "Polygon",
        "coordinates": [
          [
            [
              -58.48568226735357,
              -37.64945349629043
            ],
            [
              -58.48256427819404,
              -37.649542050781875
            ],
            [
              -58.4801144295687,
              -37.65131314061077
            ],
            [
              -58.47966900254591,
              -37.652287240016655
            ],
            [
              -58.47955764579021,
              -37.654058329845554
            ],
            [
              -58.480003072813,
              -37.65529809272578
            ],
            [
              -58.481784780904164,
              -37.65671496458889
            ],
            [
              -58.48278699170544,
              -37.65706918255467
            ],
            [
              -58.48523684033078,
              -37.65706918255467
            ],
            [
              -58.486795834910545,
              -37.65627219213167
            ],
            [
              -58.48757533220043,
              -37.65627219213167
            ],
            [
              -58.4886888997574,
              -37.65520953823433
            ],
            [
              -58.48824347273461,
              -37.651933022050876
            ],
            [
              -58.48779804571182,
              -37.65122458611932
            ],
            [
              -58.48568226735357,
              -37.64945349629043
            ]
          ]
        ]
      }
    },
    {
      "type": "Feature",
      "properties": {
        "id": 453,
        "localidad": "Tandil",
        "cultivo": "Trigo",
        "area_ha": 37.83,
        "error_pct": 10.0,
        "sam_score": 1.001
      },
      "geometry": {
        "type": "Polygon",
        "coordinates": [
          [
            [
              -58.58384472223537,
              -37.5957697871874
            ],
            [
              -58.582400983342474,
              -37.5957697871874
            ],
            [
              -58.58129041496333,
              -37.596034928729594
            ],
            [
              -58.57995773290835,
              -37.59691873387025
            ],
            [
              -58.579069278205026,
              -37.598244441581215
            ],
            [
              -58.579069278205026,
              -37.599658529806256
            ],
            [
              -58.57951350555669,
              -37.6005423349469
            ],
            [
              -58.580401960260005,
              -37.60133775957348
            ],
            [
              -58.58195675599082,
              -37.602044803686006
            ],
            [
              -58.58328943804579,
              -37.60213318420007
            ],
            [
              -58.585066347452425,
              -37.60169128162975
            ],
            [
              -58.58617691583158,
              -37.60089585700316
            ],
            [
              -58.58695431369698,
              -37.59957014929219
            ],
            [
              -58.58695431369698,
              -37.598244441581215
            ],
            [
              -58.58673220002115,
              -37.59780253901089
            ],
            [
              -58.58528846112826,
              -37.59691873387025
            ],
            [
              -58.58451106326285,
              -37.596034928729594
            ],
            [
              -58.58384472223537,
              -37.5957697871874
            ]
          ]
        ]
      }
    },
    {
      "type": "Feature",
      "properties": {
        "id": 454,
        "localidad": "Ayacucho",
        "cultivo": "Maiz",
        "area_ha": 50.99,
        "error_pct": 9.2,
        "sam_score": 0.982
      },
      "geometry": {
        "type": "Polygon",
        "coordinates": [
          [
            [
              -58.28506815892647,
              -38.00931341599577
            ],
            [
              -58.28349844237388,
              -38.009402145150844
            ],
            [
              -58.2817044805995,
              -38.01002324923632
            ],
            [
              -58.280583254490516,
              -38.010999269942076
            ],
            [
              -58.279798396214225,
              -38.01259639473331
            ],
            [
              -58.279798396214225,
              -38.01339495712892
            ],
            [
              -58.28080749971231,
              -38.014814623610015
            ],
            [
              -58.282265093654,
              -38.015968102625905
            ],
            [
              -58.284395423261074,
              -38.016944123331655
            ],
            [
              -58.284619668482875,
              -38.01676666502152
            ],
            [
              -58.28585301720276,
              -38.016677935866454
            ],
            [
              -58.29000155380602,
              -38.01348368628399
            ],
            [
              -58.29000155380602,
              -38.012951311353575
            ],
            [
              -58.28910457291883,
              -38.011975290647825
            ],
            [
              -58.28596513981366,
              -38.00949087430591
            ],
            [
              -58.28506815892647,
              -38.00931341599577
            ]
          ]
        ]
      }
    }
  ]
}